encara,emb√∫s,ap7,sant,cugat,santa,perp√®tua,gt,girona,topada,‚Äô,cami√≥,turismes,carril,tallat,aturats,santa,perp√®tua,gt,sud,afecta,b30
aturats,ap7,altura,barber√†,sentit,girona,accident,santa,perp√®tuagt,girona
congesti√≥,c58,cerdanyola,c33,montcada
emb√∫s,ap7,sant,cugat,santa,perp√®tua,gt,girona,accident,talla,cua,santa,perp√®tua,gt,sud,afecta,b30
retirats,vehicles,accidentats,ronda,esplugues,gt,trinitat,millora,circulaci√≥
talgo,694,sevillaestaci√≥,fran√ßa,acumula,‚Äô,retard,incid√®ncia,t√®cnica,limitacions,velocitat
cua,ronda,esplugues,gt,trinitat,accident,afecta,b23,sant,just,desvern,esplugues,gt,ronda,retencions,ronda,litoral,zona,franca,can,tunis,gt,bes√≤s
continuen,cues,c17,llagosta,montcada,gt,bcn,obres,b24,cervell√≥,n340,vallirana,gt,tarragona,c14,montblanc,pira,c65,llambilles,banda,banda
ara,aturats,ap7,sant,perp√®tua,barber√†,rub√≠,papiol,gt,sud,b23,molins,papiol,gt,girona,c1413,antiga,papiol,sant,cugat,b30,barber√†,gt,sud,cerdanyola,gt,nord,c58,sant,quirze,gt,sud
retenci√≥,b22,entrada,t1,aeroport,prat,afecta,c31,sud,gt,tarragona
cua,ronda,nus,llobregat,esplugues,gt,trinitat,accident,afecta,b23,sant,just,desvern,esplugues,gt,ronda
topada,camions,implicats,b142,altura,rotonda,poliny√†,cues
cues,a2,sant,vicen√ß,dels,horts,gt,lleida,obres,b23,molins,‚Äô,ap7,papiol,gt,girona,ap7,b30,barber√†gt,sud,c58,sant,quirzegt,sud,ronda,sarri√†,roquetesgt,bes√≤s,cua,ronda,litoral,vila,ol√≠mpicagt,nus,llobregat
1,carril,obert,c65,llagostera,retirar,vehicle,tingut,accident,precauci√≥
c241d,tallada,sarral,conca,barber√†,retirar,vehicle,tingut,accident,mat√≠
claravirgili,gr√†cies,clara,
retencions,t√∫nels,garraf,c32,sitges,pk,36345,gt,bcn,retiren,vehicles,implicats,accident,voral,precauci√≥
1,carril,tallat,a2,abrera,pk,583,gt,bcn,causa,vehicle,avariat,retencions,esparreguera,precauci√≥
r14,renfe,lleida,06,23,estaci√≥,fran√ßa,09,49,circula,35,minuts,retard
nii,reoberta,agullana,empord√†,tallada,5,causa,accident,retencions,pontdemolins,gt,nord
,√∫ltimahora,detinguts,4,homes,acusats,7,assalts,violents,ap7,feien,passar,policies,assaltaven,autocaravanes,furgonetes,aparcades,√†rees,servei,mossos
tallada,5,matinada,nii,agullana,empord√†,topada,frontal,vist,implicats,3,vehicles,desviaments,ap7,sud,entrada,jonquera,nord,acc√©s,pont,molins
15,km,cua,a2,martorell,pallej√†,gt,bcn,retirats,vehicles,implicats,accident,alternativa,ap7,b23
pas,alternatiu,n340,cervell√≥,pk,1231,accident,retencions,2,sentits
nii,tallada,agullana,empord√†,2,sentits,causa,accident,desviaments,ap7,precauci√≥
accident,a2,pallej√†,pk,601,gt,bcn,retencions,santandreudelabarca,precauci√≥
taxisigualada,gr√†cies,bon,dia,
millora,circulaci√≥,queden,retencions,autopista,maresme,argentona,gt,matar√≥,vehicle,avariat,afecta,c60,b30,barber√†,gt,sud,cerdanyola,gt,nord,ronda,cornell√†,gt,llobregat
cues,ap7,castellbisbal,gt,bcn,accident,c16,t√∫nels,vallvidrera,floresta,gt,bcn
aturats,c58,terrassa,sant,quirzegt,bcn,accident,montcada,nus,trinitat,sortida,ripollet,sabadell,gt,terrassa
cues,c32,autopista,garraf,sant,boi,t√∫nel,vallvidrera,gt,bcn
a,bcn,accident,pla√ßa,francesc,maci√†,cues,diagonal,banda,banda
retencions,aturats,ap7,martorell,c60,argentona,matar√≥,c1413,antiga,‚Äô,entrada,poblaci√≥,sabadell
trams,retencions,ronda,sentit,bes√≤s,ronda,litoral,sentits,marxa
continuen,retencions,a2,pallej√†,sant,vicen√ß,dels,horts,gt,bcn,cornell√†,gt,lleida,b24,cervell√≥,n340,vallirana,sentit,tarragona,vallirana,gt,bcn,c17,parets,vall√®s,c352,granollers,ronda,oest,sabadell
ara,aturats,ap7,santa,perp√®tua,barber√†,rub√≠,papiol,gt,sud,b30,barber√†,gt,sud,cerdanyola,gt,nord,c58,terrassa,sant,quirze,montcada,b23,molins,papiol,gt,girona
tamb√©,retencions,ronda,litoral,zona,franca,can,tunis,gt,bes√≤s,passeig,sant,gervasi,accident,ronda,general,mitre,lesseps,‚Äô,avinguda,tibidabo
ara,cues,ap7,barber√†,gt,sud,b30,barber√†,gt,sud,cerdanyola,gt,nord,c58,sant,quirze,gt,sud,b24,cervell√≥,n340,vallirana,sentit,tarragona,vallirana,gt,bcn,c352,granollers,ronda,oest,sabadell
continuen,cues,ronda,litoral,zona,franca,can,tunis,gt,bes√≤s,diagonal,parc,pedralbes,pla√ßa,reina,maria,cristina
encara,aturats,b23,molins,‚Äô,ap7,papiol,sentit,girona,a2,sant,feliu,sant,vicen√ß,dels,horts,sentit,lleida,obres,c25,riudellots,selva,obres,c58,sant,quirze,gt,sud,b24,cervell√≥,n340,vallirana
talgo,llorca,sants,acumula,retard
accident,n340,‚Äô,entrada,vallirana,sentit,tarragona,cua,compacta,sentits
retencions,ronda,litoral,zona,franca,can,tunis,gt,bes√≤s
cues,a2,sant,vicen√ß,dels,horts,sentit,lleida,obres,c25,riudellots,selva,obres,de,b24,cervell√≥,n340,vallirana,b30,barber√†,gt,sud,cerdanyola,sentit,nord,1km,‚Äô,ap7,barber√†,sentit,sud
a2,retencions,santvicen√ßdelshorts,pallej√†,gt,lleida,causa,obres,tallen,1,carril
1,carril,tallat,ap7,b√†scara,pk,39,gt,sud,causa,cami√≥,avariat,precauci√≥
r3,rodalies,latordequerol,10,48,lhospitalet,14,02,acaba,recorregut,ripoll,incid√®ncia,t√®cnica
ap7,cami√≥,avariat,cerdanyola,gt,sud,ocupa,voral,dret,7,km,cua,santaperp√®tua,precauci√≥
vehicle,avariat,ap7,paretsdelvall√®s,pk,137,gt,girona,retencions,mollet,precauci√≥
tots,carrils,oberts,a2,santjoandesp√≠,gt,bcn,accident,cua,pallej√†,sant,vicen√ß,dels,horts,obres,zona,precauci√≥
accident,a2,santjoandesp√≠,pk,607,gt,bcn,1,carril,tallat,retencions,pallej√†,precauci√≥
aturats,autopista,c16,terrassa,centre,gt,manresa,causa,obres,precauci√≥
c17,restablerta,paretsdelvall√®s,gt,sud,retencions
encara,1,carril,obert,ap7,borrass√†,pk,29,gt,sud,retiren,cami√≥,avariat,precauci√≥
c17,retencions,lametlla√ßdeolvall√®s,parets,gt,sud,causa,accident,precauci√≥
accident,ap7,borrass√†,pk,29,gt,sud,1,carril,obert,retencions
,,retencions,,c58,sant,quirze,vall√®s,montcada,reixac,punt,carril,tallat,avaria
,,retencions,,c55,manresa,castellbell,vilar,,c32,sant,boi,llobregat,sentit,nord,,c33,montcada,reixac,direcci√≥,barcelona,,b23,sant,joan,desp√≠,direcci√≥,barcelona
,,retencions,c17,garriga,sentit,sud,ap7,vilafranca,pened√®s,sentit,nord,roca,vall√®s,sentit,sud,a2,t√†rrega,bruc,direcci√≥,barcelona,sils,sentit,sud,c14,ponts,c16,cercs
incid√®ncia,resolta
,,retencions,,c17,garriga,,ap7,santa,margarida,monjos,jonquera,,a2,t√†rrega,jorba,igualada,collbat√≥,pallej√†,,c14,ponts,,c16,guardiola,bergued√†,berga,,c55,castellgal√≠,manresa
,,retencions,accessos,barcelona,,c58,sant,quirze,montcada,reixac,,c32,sant,boi,gav√†,,c33,montcada,reixac,,pota,nord,santa,coloma,nus,trinitat,,b23,esplugues,llobregat
,,atenci√≥,1,carril,tallat,c32,gav√†,sentit,nord,accident,1,carril,tallat,c58,montcada,reixac,avaria
,,retencions,,c17,3,km,garriga,sentit,sud
,,alternatiu,n260,ribes,freser,accident
,,retencions,,c17,ripoll,sentit,sud,,c55,castellgal√≠,manresa,sentit,sud,,b20,sant,boi,llobregat,sentit,nord,,intensifica,tr√†nsit,n340,vendrell,vallirana,sentit,nord
,,retencions,,ap7,5,km,santa,margarida,monjos,jonquera,sentit,nord,,a2,2,km,cervera,4,collbat√≥,sentit,nord,,c14,organy√†,,c16,bag√†,cercs
,,atenci√≥,restriccions,tr√†nsit,vehicles,pesants,22h,,ap7,ma√ßanet,selva,vandell√≥s,,c32,montgat,palafolls,barcelona,vendrell
,,retencions,,ap7,jonquera,sentit,nord,,a2,2,km,cervera,sentit,barcelona
,,accident,gi552,sant,feliu,buixalleu,dona,alternatiu,tram
,,important,carril,busvao,c58,obert,vehicles,camions
,,retencions,,c14,organy√†,sentit,sud,,c16,riu,cerdanya,bag√†,cercs,sentit,sud,,c17,ripoll,sentit,sud
,congestions,c17,centelles,direcci√≥,barcelona
retencions,c16,altura,cercs,sentit,sud,barcelona
circulaci√≥,congestionada,c16,altura,ur√∫s,sentit,sud,t√∫nel,cad√≠
,circulaci√≥,retencions,c35,santa,maria,palautordera,causa,accident,sentits,marxa,obert,alternatiu
,acte,esportiu,provoquen,congestions,c16,artesa,segre,sentits,marxa
,retencions,c55,carretera,duu,montserrat,sentits,marxa
‚Äç‚Äç,tmbinfo,recorda,diumenge,39a,cursa,popular,sant,mart√≠,l√≠nies,busbcn,veuran,afectades
‚Äç‚Äç,tmbinfo,recorda,diumenge,fa,marat√≥,prat,llobregat,afectant,l√≠nies,21,65,busbcn
tmbinfo,recorda,5,novembre,6,mesos,aproximadament,funicularmontju√Øc,tancat,revisi√≥,t√®cnica
m√©s,retencions,b24,altura,vallirana,sentits,marxa
retencions,n260,sant,joan,abadesses,sentits,marxa,ap7,roca,vall√®s,direcci√≥,girona,c17,parets,vall√®s,direcci√≥,vic,n150,carretera,interurbana,sabadell,c58,barber√†,vall√®s,direcci√≥,barcelona
atenci√≥,retard,euromed,fa,trajecte,alacant,barcelona
m√©s,retencions,c55,castellgal√≠,direcci√≥,manresa,c58,terrassa,direcci√≥,manresa
retencions,interior,barcelona,ronda,litoral,nus,trinitat
retencions,ap7,barber√†,vall√®s,sentit,sud,c58,sant,quirze,vall√®s,sentit,barcelona,a2,sant,joan,desp√≠,cornell√†,llobregat,sentit,barcelona
retencions,ap7,barber√†,vall√®s,sentit,sud,c33,llagosta,sentits,c58,sant,quirze,barber√†,sentit,barcelona,ronda,litoral,sentits,altura,bes√≤s,ronda,meridiana,sentit,llobregat
,carrils,oberts,c33,montcada,reixac,incid√®ncia,solucionada
retencions,c33,llagosta,sentit,nord,b24,cervell√≥,enlla√ß,n340
atenci√≥,afectacions,col¬∑laterals,trens,l√≠nia,r11,rodalies,incid√®ncia,t√®cnica
,1,carril,tallat,c33,montcada,reixac,sentit,granollers
atenci√≥,incid√®ncies,l√≠nia,r11,rodalies
cues,n145,seuduana,gt,andorra,n152,puigcerd√†,gt,b24,cervell√≥,gt,sud,c58,sant,quirze,gt,bcn,b20,t√∫nel,santa,coloma,‚Äì,nus,trinitat,gt,bcn,c17,parets,vall√®s,gt,bcn,ap7,montmel√≥,‚Äì,parets,gt,sud
cues,n152,accedir,puigcerd√†,2,sentits
en,directe,roda,premsa,consell,ministres
üßü‚Äçcues,accessos,parc,port,aventura,vilaseca,autovia,a7,vilaseca,gt,nord,t319,accedir,parc,gt,nord
accident,c66,cornell√†delterri,pk,42,circula,vial,paral¬∑lel,retencions,puntuals,precauci√≥
c58,retencions,santquirzedelvall√®s,gt,bcn,causa,obres
aturats,c17,molletdelvall√®s,pk,11,gt,bcn,causa,accident,precauci√≥
accident,n141e,bescan√≥,giron√®s,fa,alternatiu,precauci√≥
a,causa,neu,tallada,bv4024,acc√©s,coll,pal,bergued√†
es,mant√©,tr√†nsit,intens,c16,llobregat,berga,cercs,gt,t√∫nel,cad√≠,c14,organy√†
ara,cues,c16,llobregat,rosal,‚Äì,cercs,bergued√†,gt,t√∫nel,cad√≠,c14,bassella,oliana,organy√†,gt,‚Äô,urgell,c17,llosses,ripoll,gt,nord
restablerta,circulaci√≥,r1,rodalies,blanes,ma√ßanet,interrompuda,caiguda,arbre,caten√†ria
cues,ap7,vilanova,vall√®s,peatge,roca,gt,girona,c17,llosses,ripoll,gt,nord
taxisigualada,radioigualada,transit,gr√†cies,bon,dia,
comencen,retencions,destinacions,pont,a2,martorellabrera,gt,lleida,c55,castellbell,vilars,vicen√ß,castellet,gt,nord,c16,rosal,bergued√†,gt,t√∫nel,cad√≠,c14,oliana,gt,n145,duana,gt,andorra
c14,reoberta,pinelldesolson√®s,accident,retencions
c14,tallada,pinelldesolson√®s,pk,129,2,sentits,causa,topada,3,vehicles,precauci√≥
5,carreteres,pirineu,prepirineu,afectades,nevades,tancat,acc√©s,coll,pal,bergued√†
interromput,trens,renfe,rodalies,blanes,ma√ßanet,arbre,caigut,caten√†ria,subministrament,el√®ctric,gestiona,servei,alternatiu,carretera,afecta,moment,r1,maresme
accident,acc√©s,ronda,autopistes,c58,c33,gt,llobregat,vehicle,bolcat,treballen,retirarlo,tallada,incorporaci√≥,alternatives,avinguda,meridianario,janeiropg,valldaura,ronda,litoral,sortida,1
‚Ñπ,18h,sortit,√†rea,metropolitana,barcelona,94548,vehicles,18,dels,510000,previstos,totssants,operaci√≥sortida
atenci√≥,circuleu,colladadetoses,neu,carretera,cotxes,equipats,vingueu,cal√ßats,toses,gi4016,equipviari,transit
,retencions,a2,sant,feliu,sant,joan,desp√≠,,bcn,accident,1,carril,tallat,precauci√≥,transita2
‚Äç‚Äç,cursaamistat2018,afectar√†,gran,quantitat,l√≠nies,busbcn,planeja,ruta,consultant,detalls,
circulaci√≥,retencions,retenci√≥,b23,124,esplugues,llobregat,124,sentit,barcelona,124,punt,km,02,124,16,17
15,50h,tallada,ctra,b500,santfost,motiu,,accident,tr√†nsit,policialocal,mossos,equipviari,protecci√≥civil,ajsantfost
transit,demana,extremar,precauci√≥,pont,at√®s,increment,mortalitat,21,registra,dies,festius
circulaci√≥,congesti√≥,retenci√≥,b20,124,barcelona,124,sentit,nord,nus,trinitat,124,punt,km,154,124,15,22
circulaci√≥,retencions,retenci√≥,b23,124,papiol,124,sentit,oest,enlla√ß,ap7,124,punt,km,1512,124,15,29
pas,alternatiu,c1413a,santquirzedelvall√®s,pk,19,causa,esllavissades,retencions,2,sentits,precauci√≥
2,carrils,tallats,a2,cornell√†,pk,609,gt,bcn,accident,retencions,a2,sant,feliu,cornell√†,gt,bcn,b23,molins,sant,feliu,gt,enlla√ß,a2
1,carril,obert,autopista,maresme,c32,canetdemar,pk,114,gt,bcn,causa,accident,precauci√≥,foto,infoautopista
,√∫ltimahora,desconvoquen,marxes,lentes,dels,transortistes,previstes,tarda,demarcacions,tarragona,lleida
c66,tallada,lapera,empord√†,pk,195,2,sentits,causa,accident
es,restableix,trens,r1,rg1,renfe,rodalies,arenys,pineda,afectats,incid√®ncia,subministrament,el√®ctric
interromput,trens,renfe,rodalies,arenys,pinedademar,incid√®ncia,subministrament,el√®ctric,afecta,l√≠nia,r1,maresme,rg1,portbou,hospitalet,pel,litoral
vehicle,avariat,a2,santfeliudellobregat,pk,605,gt,bcn,retencions,intermitents,castellbisbal,accident,sant,vicen√ß,dels,horts,gt,bcn,precauci√≥
accident,a2,santvicen√ßdelshorts,pk,601,gt,bcn,1,carril,tallat,retencions,castellbisbal,precauci√≥
encara,llargues,cues,principals,accessos,bcn,rondes,causa,pluja,volum,tr√†nsit,incid√®ncies,precauci√≥
tots,carrils,oberts,c59,santaperp√®tuademogoda,gt,nord,topada,m√∫ltiple,mat√≠,retencions,c59,ap7,gt
1,carril,obert,a2,t√†rrega,gt,lleida,causa,accident,tallat,minuts
el,fum,incendi,port,visible,ronda,litoral,zona,portu√†ria,afecta,moment,tr√†nsit,precauci√≥
pas,alternatiu,c31,costes,garraf,pk,174,nucli,garraf,terme,municipal,sitges,causa,accident,retencions,2,sentits,precauci√≥
el,fum,incendi,visible,ronda,litoral,zona,portu√†ria,bufa,direcci√≥,precauci√≥
1,carril,obert,c59,santaperp√®tuademogoda,cimvall√®s,gt,nord,topada,m√∫ltiple,tallava,cal√ßada,gt,caldes
c59,tallada,santaperp√®tuademogoda,costat,cimvall√®s,gt,nord,causa,topada,m√∫ltiple,retencions,lallagosta,ap7,gt,girona
‚Äçbon,dia,precauci√≥,pluja,augmenta,retencions,√†rea,barcelona,cua,c59,santaperp√®tuademogoda,cimvall√®s,gt,nord,possible,incid√®ncia
encara,queda,cua,b24,cervell√≥,n340,vallirana,vendrell,neteja,fa,alternatiu,aturats,sentit,sud
encara,retencions,c32,sant,boi,sentit,castelldefels,accident,fa,estona
accident,ronda,general,mitre,carrer,torres,cues
retirat,cami√≥,avariat,ap7,sant,cugat,sentit,nord
millora,circulaci√≥,costes,garraf,c31,sitges,sentit,sud,tarragona
cua,compacta,‚Äô,a2,bruc,gt,lleida,cami√≥,avariat,cintur√≥,litoral,sant,joan,desp√≠,banda,banda
encara,cues,b30,barber√†,sentit,sud,cerdanyola,gt,nord,ap7,sant,cugat,barber√†,gt,nord,a2,cornell√†,banda,banda,c58,terrassa,sant,quirze,gt,c59,palausolit√†,plegamans,caldes,montbui,sentit,nord
accident,roger,ll√∫ria,arag√≥,turisme,encastat,cafeteria,cues,foto,soler
cua,compacta,‚Äô,a2,bruc,gt,lleida
ap7,santa,perp√®tua,barber√†,rub√≠,papiolgt,sud,papiol,sant,cugat,avariat,barber√†,gt,nord
emb√∫s,costes,garraf,c31,sitges,sentit,sud,tarragona
cua,n240,montblanc,gt,valls,accident
encara,aturats,n340,vallirana,gt,vilafranca,gt,sud,vendrell,‚Äô,repara
ap7,mollet,accident,santa,perp√®tua,barber√†,rub√≠,papiol,gt,sud,sant,cugat,gt,nord,b23,sant,feliu,diagonal,molins,papiol,gt,girona,t√∫nel,vallvidrera,gt,bcn,c32,sant,boi,sentits
aturats,c58,sant,quirze,montcada,gt,bcn,sort,ripollet,gt,terrassa,c17,parets,vall√®s,banda,banda,afecta,sortida,‚Äô,ap7,c14,conca,barber√†,c1413antiga,‚Äô,entrada,poblaci√≥,sabadell,c65
retencions,ap7,santa,perp√®tua,barber√†,rub√≠,papiol,gt,sud,sant,cugat,gt,nord,b30,barber√†,sentit,sud,cerdanyola,gt,nord,b23,sant,joan,desp√≠,diagonal,molins,papiol,gt,girona
aturats,ronda,cornell√†,valldaura,gt,bes√≤s,ronda,litoral,zona,franca,ciutat,vella,gt,bes√≤s
a,bcn,cues,llargues,diagonal,b23,pla√ßa,reina,maria,cristina,ronda,general,mitre,pla√ßa,reina,maria,cristina,lesseps
cua,b23,sant,joan,desp√≠,diagonal
cues,ap7,santa,perp√®tua,barber√†,gt,sud,b30,barber√†,sentit,sud,cerdanyola,gt,nord,c58,sant,quirze,gt,bcn,c17,parets,vall√®s
pas,alternatiu,n340,vendrell,poder,reparar,retencions,vallirana,gt,bcn
emb√∫s,ronda,‚Äô,esplugues,nus,trinitat,obert,carrils,tallats,afecta,b23,‚Äô,esplugues,diagonal
via,evitar,emb√∫s,ronda,‚Äô,esplugues,nus,trinitat,accident,talla,carrils,afecta,b23,‚Äô,esplugues,diagonal
retencions,c58,sant,quirze,gt,bcn,b30,barber√†,sentit,sud,cerdanyola,gt,nord,b24,cervell√≥,n340,vallirana,c12,tortosa,obres,c14,conca,barber√†
encara,cua,ronda,‚Äô,hebron,sentit,llobregat,topada,talla,carril,afecta,pota,nord,santa,coloma,gramenet,,aturat,‚Äô,esplugues,accident,talla,carrils
cami√≥,avariat,‚Äô,a2,collbat√≥,sentit,lleida
tallada,n141,boss√≤st,cami√≥,quedat,travessat,part,francesa
accident,ronda,‚Äô,hebron,sentit,llobregat,aturats,canyelles,‚Äô,hebron,tamb√©,aturat,‚Äô,horta,accident,‚Äô,esplugues,sarri√†
accident,ronda,‚Äô,hebron,sentit,llobregat,cues
pas,alternatiu,c55,monistrol,montserrat,topada,vehicles,cues,sentit,nord
cues,c17,montcada,sentit,bcn,obres,c25,campllong,gt,obres,c12,tortosa,gt,obres,c1413,antiga,entrada,poblaci√≥,sabadell
encara,2,carrils,tallats,ap7,barber√†delvall√®s,pk,146,gt,sud,retencions,mollet,barber√†,gt,sud,bellaterra,barber√†,gt,nord
barryexcellence,gr√†cies,bon,dia,
ronda,retencions,diagonal,vallcarca,gt,trinitat,causa,accident,precauci√≥
ap7,retencions,santaperp√®tuademogoda,barber√†,gt,sud,causa,accident,foto,infoautopista
a,causa,nevades,calen,cadenes,travessar,coll,creueta,bv4031,castellardenhug,molina
nou,accident,ap7,santcugatdelvall√®s,pk,159,gt,girona,retencions,ap7,papiol,sant,cugat,gt,nord,b23,sant,feliu,papiol,gt,enlla√ß,ap7
l,avaria,comboi,sentit,contrari,afectat,r13,renfe,lleida,07,15,estaci√≥,fran√ßa,09,54,circula,30,retard
r13,renfe,estaci√≥,fran√ßa,06,47,lleida,09,58,circula,30,minuts,retard,causa,avaria,mantingut,aturat,roda,ber√†
accident,ap7,castellbisbal,pk,166,gt,girona,retencions,resolts,accidents,mat√≠,ap7
tercer,accident,mat√≠,ap7,papiol,gt,girona,retencions,ap7,castellbisbal,papiol,gt,nord,b23,santfeliu,papiol,gt,girona
martixllava,gr√†cies,alertarnos,bon,dia,
ap7,retencions,mollet,santaperp√®tuademogoda,gt,sud,causa,accident,precauci√≥
2,accidents,ap7,ma√ßanetdelaselva,gt,sud,1,carril,obert,retencions,ronda,tram,c32,esplugues,gt,llobregat,1,carril,tallat
un,carril,tallat,ap2,bisbal,pened√®s,gt,saragossa,arbre,caigut
un,carril,tallat,ap7,montroig,campgt,val√®ncia,arbre,caigut
encara,cues,c58,cerdanyola,montcada,montcada,gt,terrassa,accident,ap7,bellaterra,sant,cugat,gt,sud,fa,estona,cremat,vehicle
aturats,c58,terrassa,sabadell,gt,sud,montcada,c60,argentona,gt,matar√≥,nii,masnou,accident,vilassar,c1413,antiga,‚Äô,entrada,poblaci√≥,sabadell
cues,c17,lli√ß√†,parets,vall√®s,t√∫nel,vallvidreragt,bcn,pota,sud,cornell√†,c32,sant,boi,sentit,castelldefels,topada,retencions,viladecans,sant,boigt,bcn,afecta,ronda,pedralbes,nus,llobregat
cues,ap7,santa,perp√®tua,barber√†,4km,sant,cugat,accident,gt,sud,sant,cugat,gt,nord,b30,barber√†,sentit,sud,cerdanyola,sentit,nord,b23,molins,papiol,gt,girona,‚Äô,esplugues,diagonal
tamb√©,calen,cadenes,bv4031,castellar,hug,toses
accident,ronda,sentit,llobregat,cua,pota,nord,santa,coloma,gramenet
conseq√º√®ncia,neu,calen,cadenes,c28,passar,port,bonaigua
accident,nii,masnou,cues
retencions,c35,sant,celoni,c60,argentona,gt,matar√≥
c17,gurb,gt,sud,obres,lli√ß√†,parets,vall√®s,gt,sud,parets,gt,vic,c58,terrassa,sant,quirze,gt,sud
cues,ap7,santa,perp√®tua,barber√†,sant,cugat,papiol,gt,sud,b30,barber√†,sentit,sud,cerdanyola,sentit,nord,b23,molins,papiol,gt,girona
aturats,pota,sud,cornell√†,c32,sant,boi,sentit,castelldefels,topada
retencions,,cua,‚Äô,a2,√≤dena,gt,lleida,accident,cami√≥,implicat,retencions,c12,tortosa,obres,b30,barber√†,sentit,sud,cerdanyola,sentit,nord,nii,girona
talgo,697,estaci√≥,fran√ßasevilla,acumula,20,minuts,retard
euromed,alacant,estaci√≥,fran√ßa,acumula,retard
cintur√≥,litoral,cornell√†,sant,joan,desp√≠,gt,lleida,vehicle,aturat
aturats,b24,cervell√≥,n340,vallirana,,c12,tortosa,obres,c17,masies,voltreg√†,gurb,sentit,sud,obres
cua,‚Äô,a2,castellol√≠,√≤dena,gt,lleida,accident,accident,c58,torre,bar√≥,gt,terrassa,carril,tallat,afecta,ronda,litoral,sant,adri√†,bes√≤s,pota,nord,santa,coloma,gramenet
tren,r16,tortosa,11,07,estaci√≥,fran√ßa,13,54,acumula,45,minuts,retard
retencions,c12,tortosa,obres,aturades,c17,gurb,sentit,sud
,cua,‚Äô,a2,castellol√≠,√≤dena,gt,lleida,accident,han,retirat,vehicles,accidentats,c58,torre,bar√≥,sentit,terrassa,queden,retencions,ronda,litoral,sant,adri√†,gt,bes√≤s
‚Äçuna,manifestaci√≥,bombers,pel,centre,bcn,talla,rambla,obliga,desviar,l√≠nies,busbcn,problemes,circular,zona
jsolerdb,gr√†cies,
,r16,tortosa,11,07,estaci√≥,fran√ßa,13,54,aturat,aldea,amposta,causa,‚Äô,incid√®ncia,t√®cnica
retencions,c17,aiguafreda,centelles,gt,vic,causa,obres
comboi,r13,renfe,avariat,retrocedeix,circula,1,25,retard
una,incid√®ncia,senyalitzaci√≥,autom√†tica,adifes,calella,pineda,provoca,retards,15,r1,rodalies,moment,afecta,rg1
comboi,r13,renfe,avariat,rodadebar√†
encara,llargues,cues,rondes,litoral,r,litoral,bon,pastor,barceloneta,gt,llobregat,mercabarna,can,tunis,enlla√ß,gran,nus,trinitat,r,j√∫lia,pedralbes,gt,llobregat,cornell√†,pedralbes,gt,trinitat
cues,ap7,montorn√®sparetssanta,perp√®tuabarber√†sant,cugatel,papiol,gt,sud,s,cugat,gt,girona
cues,accessos,nord,bcn,c58,terrassa,estbadiamontcadanus,trinitat,gt,bcn,ntripollet,gt,terrassa,c16,rub√≠scugatvalldoreixpeatgeboca,nord,t√∫nel,vallvidrera,b20,scolomanus,trinitat,c31,badalona
cues,habituals,principals,accessos,bcn,pel,sud,a2,castellbisbalpallej√†svicen√ß,hortscornell√†,gt,bcn,martorell,gt,lleida,b23,molins,reidiagonal,gt,bcn,molinspapiol,gt,girona,b24,pallej√†,gt,a2,c32,gav√†sant,boi,c31,prat
‚Äçpossibilitat,carrers,tallats,ciutat,vella,bcn,pel,macrooperatiu,dels,mossos,precauci√≥
‚Äçbon,dia,comen√ßa,intensificar,circulaci√≥,carreteres,catalanes,moment,consten,incid√®ncies
,retencions,c17,lli√ß√†,parets,vall√®s,direcci√≥,barcelona
,cal√ßada,tallada,c58,atura,bauma,castellbell,vilar,causa,accident
,accident,provoca,retencions,c58,sant,quirze,vall√®s,sabadell,direcci√≥,barcelona
,retencions,a2,altura,bruc,sentits,marxa
,accident,c17,altura,montcada,reixac,dificulta,circulaci√≥
,circulaci√≥,intensa,c55,monistrol,montserrat,sentit,nord,manresa
,retencions,c31,ventall√≥,sentits,marxa,obert,alternatiu
,cal√ßada,tallada,c37,querol,sentits,carretera,pont,armenteraral¬∑li,catalunya,costa,daurada
,accident,c58,altura,nus,trinitat,sentit,barcelona,bifurcaci√≥,avinguda,meridiana
,circulaci√≥,flu√Øda,c60,altura,√≤rrius,direcci√≥,granollers
,aturades,a2,t√∫nel,bruc,causa,accident,sentit,nord
,retencions,c58,torre,bar√≥,cerdanyola,vall√®s,direcci√≥,sabadell,circulaci√≥,intensa,torre,bar√≥,direcci√≥,barcelona
circulaci√≥,flu√Øda,xarxa,vi√†ria,catalana,queden,retencions,b24,cervell√≥,n340,vallirana
r3,querol,18,52,hospitalet,llobregat,22,14,acumula,35,minuts,demora
encara,cua,ap7,gelida,subirats,gt,sud
continua,emb√∫s,ap7,subirats,granada,sentit,sud
encara,aturats,ap7,sant,sadurn√≠,anoia,vilafranca,pened√®s,gt,sud,foto,aguilera
encara,10,km,cua,ap7,sant,sadurn√≠,anoia,vilafranca,pened√®s,gt,sud,carrils,oberts,topada,cami√≥,mat√®ries,perilloses,turisme,cami√≥,retirat
jordiaguilerac,transit,gr√†cies,jordi,explicant,equip,viari
hi,topada,cami√≥,mat√®ries,perilloses,turisme,ap7,vilafranca,pened√®s,gt,sud,obligat,tallar,pogut,retirar,cami√≥,cisterna,congesti√≥
emb√∫s,ap7,vilafranca,pened√®s,gt,sud,accident,foto,vela
continua,congesti√≥,5,km,7,vilafranca,pened√®s,gt,sud,accident,tallada,autopista,recomana,sortida,27
emb√∫s,c44,vandell√≤s,hospitalet,infant,‚Äô,entrada,poblaci√≥,accident,afecta,tram,‚Äô,a7
retencions,‚Äô,ap7,sant,cugat,barber√†,gt,nord,santa,perp√®tua,barber√†,vilafranca,pened√®s,gt,sud
cua,ronda,litoral,sant,adri√†,bon,pastor,gt,bes√≤s,accident,bon,pastor,gt
ara,cues,c58,sant,quirzegt,sud,accident,ap7,cerdanyola,barber√†,gt,nord,b24,cervell√≥,n340,vallirana,c17,parets,vall√®s,c55,sant,vicen√ß,castellet,gt,castellgal√≠,c65,banda,banda
ara,cua,compacta,ronda,esplugues,vallcarca,sentit,bes√≤s
retirat,avariat,hospitalet
r3,hospitalet,llobregat,14,53,querol,18,06,acumula,30,minuts,demora
accident,ronda,litoral,montju√Øc,gt,cua,ciutat,vella,sentit,llobregat,zona,franca,sentit,bes√≤s,recordar,mant√©,tallada,tv7411,ribaroja,‚Äô,ebre,motiu,ralli,catalunya,costa,daurada
tamb√©,aturats,c17,parets,vall√®s,afecta,sortida,‚Äô,ap7,c55,sant,vicen√ß,castellet,gt,castellgal√≠,manresa,gt,castellgal√≠,hi,obres,castellgal√≠,c65,c31,castellplatja,‚Äô,aro,gt,platja,‚Äô,aro
ara,cues,cues,‚Äô,ap7,santa,perp√®tua,barber√†,sant,cugat,gt,sud,b23,molins,papiol,sentit,girona,c58,sant,quirzelt,gt,montcada,gt,pota,nord,santa,coloma,gramenet,gt,b24,cervell√≥,n340,vallirana
retards,poden,superar,15,minuts,sentit,nord,l√≠nies,r1,r3,r4,r12,‚Äô,avaria,‚Äô,‚Äô,hospitalet
cues,rondes,cua,ronda,litoral,f√≤rum,port,ol√≠mpic,gt,accident,zona,franca,ciutat,vella,gt,bes√≤s,ronda,‚Äô,esplugues,vallcarca,horta,gt,bes√≤s
aturats,c17,parets,vall√®s,afecta,sortida,‚Äô,ap7,cues,n420,gandesa,c55,sant,vicen√ß,castellet,gt,castellgal√≠,nii,calella,pineda
cues,cues,‚Äô,ap7,santa,perp√®tua,barber√†,rub√≠,papiol,gt,sud,b23,molins,papiol,sentit,girona,c58,sant,quirzelt,gt,montcada,gt,b24,cervell√≥,n340,vallirana
continua,cua,‚Äô,a2,caldes,malavella,gt,bcn,accident,m√∫ltiple
emb√∫s,n420,gandesa
tamb√©,retencions,b24,cervell√≥,n340,vallirana,c58,sant,quirze,badia,c17,parets,vall√®s,ronda,litoral,can,tunis,gt,bes√≤s
continua,tallada,‚Äô,a2,caldes,malavella,gt,bcn,accident,m√∫ltiple,cua
aturats,c58,montcada,gt,terrassa,vehicle,avariat,afecta,ronda,litoral,sant,adri√†,pota,nord,santa,coloma,gramenet
vehicle,avariat,c58,torre,bar√≥,gt,terrassa,talla,1,carril,retencions,c58,nus,trinitattorre,bar√≥,ronda,litoral,bon,pastornus,trinitat
autovia,a2,tallada,caldesdemalavella,pk,698,2,sentits,causa,topada,m√∫ltiple,desviaments,gi555,c63,precauci√≥
ronda,litoral,retencions,santadri√†debes√≤s,nus,trinitat,accident,ronda,santacoloma,col¬∑lisi√≥,c58,sortida,pel,nus,trinitat,gt,terrassa
afectacions,pel,ralli,catalunyacosta,daurada,n420,gandesa,c44,benissanet,enlla√ß,n420
tots,carrils,oberts,c58,sabadell,nord,gt,terrassa,accident,retencions,c58,ap7,barber√†,gt,sud
c58,accident,sortida,sabadell,nord,gt,terrassa,1,carril,tallat,retencions,c58,cerdanyola,sabadell,nord,gt,terrassa,ap7,barber√†,vall√®s,gt,sud,enlla√ß,c58
c66,alternatiu,santjuli√†deramis,pk,36,causa,obres,retencions,2,sentits,ap7,girona,nord,gt,fran√ßa
tots,carrils,oberts,a2,pallej√†,accident
autovia,a2,tallada,granyanella,pk,513,gt,bcn,causa,accident,desvia,circulaci√≥,cal√ßada,lateral,precauci√≥
1,carril,tallat,c32,nord,autopista,maresme,matar√≥,gt,bcn,causa,accident,3,km,cua
retards,15,r2,r14,r15,r16,renfe,rodalies,gt,sud,incid√®ncia,estaci√≥,elprat,afecta,instal¬∑lacions,adifes
accident,autovia,a2,pallej√†,gt,bcn,1,carril,tallat,retencions,martorell,precauci√≥
‚Äçbon,dia,aturats,ronda,litoral,nus,llobregat,mercabarna,gt,trinitat,causa,accident,talla,1,carril,precauci√≥
ara,circulaci√≥,flu√Øda,xarxa,vi√†ria,catalana,queda,retenci√≥,b24,cervell√≥,n340,vallirana
retirat,vehicle,avariat,ap7,papiol,sentit,sud,millora,circulaci√≥
restablert,servei,l√≠nies,tram,freq√º√®ncies,alterades,l√≠nia,t4
r3,carol,17,13,hospitalet,20,32,acumula,40,minuts,demora
continua,congesti√≥,ap7,mollet,barber√†,8,km,sant,cugat,papiol,gt,sud,papiol,vehicle,avariat
conseq√º√®ncia,accident,servei,parades,maresme,port,f√≤rum,tramvia
trams,retencions,ronda,sentit,bes√≤s,ronda,litoral,sentits
r3,hospitalet,14,53,querol,18,06,acumula,25,minuts,retard
aturats,c1413,antiga,‚Äô,entrada,poblaci√≥,sabadell,ronda,sud,granollers,accident,n340,vallirana,gt,sud,cintur√≥,litoral,cornell√†,gt,lleida,c32,sant,boi,gt,castelldefels,c60,argentona,gt,matar√≥
tamb√©,retencions,cua,c17,tona,gt,bcn,accident,tram,‚Äô,obres,c17de,granollers,parets,vall√®s,gt,c58,terrassa,sant,quirze,gt,sud,t√∫nel,vallvidrera,peatge,boca,nord
ara,cues,ap7,mollet,barber√†,sant,cugat,papiol,gt,sud,b30,barber√†,sentit,sud,cerdanyola,sentit,nord,b23,molins,papiol,gt,girona,‚Äô,esplugues,diagonal
retirats,vehicles,accidentats,b30,cerdanyola,sentit,nord
cua,c17,tona,gt,bcn,accident,tram,‚Äô,obres
aturats,ap7,santa,perp√®tua,barber√†,gt,sud,granollers,gt,nord,n340,vallirana,gt
tamb√©,cues,ap7,b30,barber√†,sentit,sud,c58,sant,quirze,gt,sud,c35,sant,celoni,gt,sud,ronda,sud,granollers,ronda,litoral,zona,franca,montju√Øc,sentit,bes√≤s,extrem,sud,gran,‚Äô,hospitalet,pla√ßa,espanya
cua,b30,cerdanyola,sentit,nord,causa,‚Äô,accident
pas,alternatiu,c243,antiga,granada,pened√®s,topada,vehicles
cues,ronda,litoral,can,tunis,gt,bes√≤s,emb√∫s,extrem,sud,gran,‚Äô,hospitalet,pla√ßa,espanya
retencions,ap7,mollet,sentit,sud,c17,parets,sentit,sud,‚Äô,ap7,c58,sant,quirze,badia,gt,sud,c35,sant,celoni,gt,montseny,b24,cervell√≥,n340,vallirana
retencions,ronda,‚Äô,esplugues,diagonal,sentit,bes√≤s,accident
accident,ap7,barber√†delvall√®s,gt,girona,retencions,bellaterra,precauci√≥
es,mant√©,carril,obert,t√∫nels,garraf,c32,santperederibes,pk,295,gt,sud,mat√≠,topat,cami√≥,turisme,passatger,davanter,cotxe,resultat,ferit,cr√≠tic
1,carril,obert,t√∫nels,garraf,c32,santperederibes,pk,295,gt,sud,topada,cami√≥turisme,1,ferit,greu,informacions
tallada,c32,t√∫nels,garraf,santperederibes,pk,295,gt,sud,topada,cami√≥turisme,1,persona,ferida,precauci√≥
ap7,retencions,bellaterra,barber√†,gt,girona,causa,vehicle,avariat,talla,1,carril
encara,llargues,cues,accident,mat√≠,b20,sud,cornell√†,gt,bcn,c32,b20,gav√†,prat,c31,gav√†,prat
tots,carrils,oberts,ap7,montorn√®sdelvall√®s,gt,sud,accident,cues,ap7,rocamontmel√≥,intermitent,c60,argentonala,roca,gt,ap7
interromput,trens,renfe,rodalies,estaci√≥,mollet,santfost,causa,atropellament,persona,entrada,estaci√≥,afecta,r2,r11
r3,rodalies,hospitalet,llobregat,06,14,querol,09,40,circula,40,retard
per,accident,b20,sud,cornell√†,cues,c32,b20,sud,castelldefels,cornell√†,gt,bcn,c31,castelldefels,prat,gt,bcn,b22,prat,anar,c31,b20,gt,bcn
accident,b20,sud,cornell√†,gt,bcn,cua,autopista,garraf,castelldefels,cornell√†,gt,bcn,precauci√≥
merilin1979,gr√†cies,bon,dia,
cues,habituals,principals,accessos,bcn,2,incid√®ncies,accident,ap7,montorn√®sdelvall√®s,pk,135,gt,sud,cua,c32,b20,sud,gav√†el,prat,possible,incid√®ncia,b20,gt,bcn
a,circulaci√≥,fluida,xarxa,viaria,pa√≠s,mant√©,alternatiu,c162,ur√∫s,tarda,bolcat,tr√†iler
retencions,ronda,‚Äô,horta,pedralbes,gt,accident
cua,c17,canovelles,coll,manya,sentit,barcelona,accident
a,c162,ur√∫s,bolcat,tr√†iler,carregat,palets,cot√≥,foto,bombers
retencions,c1413,antiga,‚Äô,entrada,poblaci√≥,sabadell,c60,argentona,gt,matar√≥,nii,caldes,malavella,sentit,sud
pas,alternatiu,n340,sant,carles,r√†pita,topada,vehicles,cua
complicada,circulaci√≥,√†rea,metropolitana,bcn,cues,llargues,b23,c58,pota,nord,accedir,ciutat,congesti√≥,ronda,litoral
trams,retencions,rondes,barcelona,ronda,sentit,bes√≤s,ronda,litoral,sentits,retencions,llargues,diagonal,‚Äô,entrada,barcelona,b23,‚Äô,altura,‚Äô,illa,diagonal
retencions,c32,sant,boi,gt,bcn,col¬∑lisi√≥,aturades,sentit,contrari
trams,retencions,nii,calella,pineda,gt,nord,accident
retirats,vehicles,accidentat,diagonal,club,polo
retencions,ap7,santa,perp√®tua,barber√†,rub√≠,papiol,gt,sud,b30,barber√†,gt,sud,cerdanyola,gt,nord,b23,molins,papiol,gt,girona,‚Äô,esplugues,diagonal,cintur√≥,litoral,cornell√†,c17,lli√ßa,parets
cues,,c16,viladecavalls,gt,sud,c58,terrassa,sant,quirze,gt,sud,obres,a2,martorell,castellbisbal,gt,sud,obres
cua,a2,castellbisbal,gt,sud,obres
a,bcn,retencions,diagonal,b23,pla√ßa,reina,maria,cristina,accident,club,polo
retirats,vehicles,accidentats,ronda,litoral,montju√Øc,sentit
aturats,2,km,ap7,sortida,girona,oest,km,585,sentit,fran√ßa,moto,terra
retards,‚Äô,‚Äô,l√≠nies,r2,r2nord,avaria,sistema,senyalitzaci√≥,estaci√≥,sant,andreu,comtal
aturada,circulaci√≥,ronda,litoral,poblenou,montju√Øc,gt,llobregat,accident,retencions,zona,franca,montju√Øc,gt,bes√≤s
cua,compacta,‚Äô,ap7,sant,juli√†,ramis,gt,fran√ßa,topada,‚Äô,turisme,moto
tamb√©,aturats,c17,llagosta,montcada,gt,bcn,obres,c58,sant,quirze,gt,sud,b24,cervell√≥,n340,vallirana
cua,‚Äô,a2,cornell√†,joan,desp√≠,gt,martorell,nova,col¬∑lisi√≥,afecta,‚Äô,tram,ronda,litoral,agafar,‚Äô,a2,aturada,circulaci√≥,ronda,litoral,zona,franca,montju√Øc,sentit,bes√≤s
cua,‚Äô,a2,sant,joan,desp√≠,sant,feliu,gt,martorell,col¬∑lisi√≥,retencions,c58,sant,quirze,sentit,sud
accident,autopista,garraf,c32,santboidellobregat,gt,sud,1,carril,tallat,retencions
retirat,cami√≥,avariat,complicava,circulaci√≥,ap7,santcugatdelvall√®s,gt,sud
ap7,retencions,bellaterra,sant,cugat,vall√®s,gt,sud,causa,vehicle,avariat,talla,1,carril
reoberta,c17,granollers,gt,vic,accident,retencions,mollet,precauci√≥
c17,tallada,granollers,pk,18,gt,vic,causa,accident
tots,carrils,oberts,ronda,litoral,poble,gt,llobregat,accident,retencions,zona,f√≤rum,barceloneta
c60,reoberta,argentona,pk,5,gt,granollers,accident,retencions,matar√≥,enlla√ß,c32
accident,c55,manresa,gt,solsona,3,km,cua,precauci√≥
tallada,c60,argentona,pk,5,gt,granollers,causa,accident,fan,desviaments,precauci√≥
ronda,litoral,retencions,nus,trinitat,poble,gt,llobregat,causa,accident,tancada,entrada,24
tots,carrils,oberts,c32,sud,santboi,gt,bcn,accident,retencions,gav√†,precauci√≥
llargues,cues,principals,accessos,bcn,pel,nord,c58,terrassa,estbadiamontcada,gt,bcn,montcadaripollets,quirze,gt,terrassa,c16,rub√≠valldoreixla,florestapeatgeboca,nord,t√∫nel,vallvidrera,b20,coloma,gramenetnus,trinitat
accident,autopista,garraf,c32,santboi,gt,bcn,1,carril,obert,retencions,gav√†,accessos,bcn,retencions,habituals,gt,entrada
retards,l√≠nies,r2,sud,regionals,avaria,llarga,dist√†ncia,fa,circulaci√≥,cubelles,vilanova
retencions,a2,sant,joan,desp√≠,sant,feliu,llobregat,gt,martorell,vehicle,aturat
ara,queden,retencions,b23,molins,sentit,girona,diagonal,b24,cervell√≥,n340,vallirana,ronda,‚Äô,esplugues,horta,sentit,bes√≤s
freq√º√®ncies,alterades,t1,t2,t3,tramvia
oberts,carrils,ronda,queden,retencions,esplugues,valldaura,gt,bes√≤s,meridiana,hebron,gt,pota,nord,santa,coloma,gramenet
retirats,vehicles,accidentats,trams,retencions,diagonal
cues,t√∫nel,vallvidrera,peatge,boca,nord
cues,ronda,litoral,zona,franca,bon,pastor,sentit,bes√≤s,diagonal,ciutat,vella,gt
per,accident,ronda,emb√∫s,ronda,‚Äô,esplugues,horta,gt,bes√≤s,‚Äô,hebron,gt,afecta,cues,pota,nord,badalona,gt,ronda,c58,ripollet
topada,motoristes,diagonal,altura,pla√ßa,reina,maria,cristina,afecta,diagonal,cues,pla√ßa,pius,xii,pla√ßa,francesc,maci√†
via,evitar,emb√∫s,ronda,‚Äô,esplugues,‚Äô,hebron,gt,bes√≤s,accident,‚Äô,hebron,gt
retencions,c65,santa,cristina,‚Äô,aro,‚Äô,entrada,poblaci√≥
tamb√©,aturats,nus,papiol,afecta,ap7,rubigt,sud,b23,molins,gt,girona,pota,nord,santa,gramenet,gt,ronda
cues,c58,terrassa,sant,quirze,obres,montcada,gt,sud,c1413,antiga,‚Äô,entrada,poblaci√≥,sabadelll,ap7,santa,perp√®tua,barber√†gt,sud,b30,barber√†,gt,sud,cerdanyola,gt,nord
emb√∫s,ronda,‚Äô,esplugues,‚Äô,hebron,gt,bes√≤s,accident,‚Äô,hebron,gt
queda,cua,carretera,rub√≠,bp1503,accident,fauna,estona
ave,3941,sevillabarcelona,acumula,20,minuts,retard
talgo,463,barcelonallorca,acumula,retard
ara,retencions,a2,castellbisbal,gt,sud,pota,nord,santa,gramenet,nus,trinitat,gt,ronda,c58,sant,quirze,gt,sud,obres,b24,cervell√≥,n340,vallirana,ap7,cerdanyola,gt,nord,b30,barber√†,gt,sud,cerdanyola,gt,nord
retirats,vehicles,accidentats,millora,circulaci√≥
talgo,694,sevillabarcelona,acumula,retard
ronda,litoral,vila,ol√≠mpica,montju√Øcgt,llobregat,accidents,zona,franca,port,gt,bes√≤s
ara,cues,aturats,‚Äô,enlla√ß,‚Äô,a2,abrera,‚Äô,ap7,martorell,gt,bcn,c58,sant,quirze,gt,sud,obres,b24,cervell√≥,n340,vallirana,c65,santa,cristina,‚Äô,aro,‚Äô,entrada,poblaci√≥
continuen,retencions,c58,sant,quirze,gt,sud,obres,b30,barber√†,gt,sud,cerdanyola,gt,nord,b24,cervell√≥,n340,vallirana,ronda,‚Äô,esplugues,pedralbes,gt,bes√≤s,accident,ronda,litoral,zona,franca,can,tunis,gt,bes√≤s
a2,pallej√†,sant,vicen√ß,dels,horts,sentit,bcn,obres,ronda,‚Äô,esplugues,pedralbes,gt,trinitat,accident
aturats,‚Äô,ap7,barber√†,sentit,nord,conseq√º√®ncia,cua,afecta,sortida,can,salvatella
vehicle,avariat,ap7,papiol,gt,sud,retencions
tots,carrils,oberts,ronda,cornell√†,gt,llobregat,accident,retencions,roquetes,precauci√≥
accident,mortal,nii,pont,molins,xoc,frontal,cotxe,cami√≥,provocat,mort,conductor,vehicle,passat,mica,causes,investigant
retencions,accessos,nord,bcn,c58,terrassa,estbadiamontcada,gt,bcn,montcadaripollet,gt,terrassa,c16,florestapeatgeboca,nord,t√∫nel,vallvidrera
cues,ap7,parets,vall√®smolletsanta,perp√®tuael,papiol,gt,sud,sant,cugatbarber√†,gt,nord
2,carrils,tallats,ronda,tram,c32,esplugues,gt,llobregat,accident,retencions,llargues,roquetes,precauci√≥
bv2411,tallada,avinyonetdelpened√®s,causa,vehicle,avariat
monicagranados,gr√†cies,bon,dia,
merisariol,bon,dia,aturades,obres,moment,consta,incid√®ncia,gr√†cies,
‚Äçbon,dia,precauci√≥,c17,granollers,pk,18,gt,bcn,turisme,avariat,ocupa,1,carril
aquesta,domina,circulaci√≥,c√≤moda,incid√®ncies,retencions,b24,cervell√≥,n340,vallirana
aturats,carretera,vallvidrera,bv1462,gt,bcn
retencions,c32,sant,boi,gt,castelldefels
pas,alternatiu,c14,montblanc,treballa,retirar,vehicle,accidentat,retencions
euromed,1152,val√®ncia,barcelona,acumula,retard,26,minuts
atenci√≥,viatge,carretera,pont,sants
aturats,b24,cervell√≥,n340,vallirana,c17,parets,vall√®s,gt,sud,canovelles,gt,vic,cintur√≥,litoral,cornell√†
retencions,c58,sant,quirze,montcada,gt,sud,ap7,santa,perp√®tua,barber√†,gt,sud,b30,barber√†,gt,sud,cerdanyola,sentit,nord,b23,molins,papiol,gt,girona
encara,cues,ap7,jonquera,gt,nord,obres,fan,territori,franc√®s,c65,llagostera,gt,santa,cristina,‚Äô,aro,obres
aturats,c65,llagostera,gt,santa,cristina,‚Äô,aro,obres
cua,ap7,jonquera,gt,nord,obres,fan,territori,franc√®s
continuen,cues,c65,arribar,fornells,selva,banda,banda,obres
servei,restablert,l1,universitat,gl√≤ries
cua,‚Äô,ap7,sant,celoni,sentit,sud,‚Äô,incendi,‚Äô,vehicle,equiviari
r11,figueres,14,08,sants,16,09,acumula,45,minuts,retard,incid√®ncia,t√®cnica,origen
sense,servei,l1,l√≠nia,vermella,metro,universitat,gl√≤ries
retencions,c58,sant,quirze,gt,sud,b30,cerdanyola,sentit,nord,ap7,jonquera,gt,nord,c65,arribar,fornells,selva,banda,banda
cua,5,km,‚Äô,ap7,cerdanyola,barber√†,sentit,nord,girona,topada,4,vehicles,implicats
1,carril,tallat,gi542,angl√®s,selva,gt,osor,pedra,grans,dimensions,caigut,cal√ßada,precauci√≥
retards,15,r2,nord,r11,renfe,causa,incid√®ncia,t√®cnica,senyalitzaci√≥,adifes,estaci√≥,sant,andreu,comtal
vehicle,avariat,ronda,j√∫lia,gt,trinitat,1,carril,tallat,retencions
millora,circulaci√≥,accessos,bcn,cues,c58,b20,nord,c16,a2,b23,c31,c32,sud,rondes,gt,llobregat
accident,c60,argentona,gt,nord,1,carril,tallat,retencions,c60,c32,matar√≥,gt,sud
aturades,accessos,sud,bcn,a2,sant,andreu,barcapallej√†svicen√ß,hortscornell√†,b23,molins,reiesplugues,gt,bcn,molinsel,papiol,gt,girona,c32,gav√†viladecans,c31,prat
cues,accessos,nord,bcn,c58,terrassa,centrebadiamontcada,gt,bcn,montcadaripolletsant,quirze,gt,terrassa,c16,rub√≠valldoreixpeatgeboca,nord,t√∫nel,vallvidrera,b20,santa,colomanus,trinitat,c31,badalona
ap7,retencions,sud,montorn√®sparetsmollet,vall√®ss,perp√®tuabarber√†bellaterrasant,cugatel,papiol,gt,sud,nord,bellaterrabarber√†
accident,ronda,pedralbes,gt,llobregat,1,carril,tallat,retencions,nus,trinitat,precauci√≥
retencions,c31,acc√©s,aeroport,pratllobregat
retencions,c58,altura,badia,vall√®s,accedir,centre,comercial,sentit,sud
circulaci√≥,intensa,ronda,b20,altura,prat,llobregat,direcci√≥,castelldefels
circulaci√≥,retencions,c12,altura,tortosa,perill,esfondraments,obert,alternatiu,regulat,sem√†fors
tallada,tp3311,galera,s√®nia,causa,pluges,
,circulaci√≥,intensa,c25,santa,coloma,farners,direcci√≥,vic
retencions,accident,c17,altura,montcada,reixac,direcci√≥,barcelona
tallada,t331,ulldecona,freginals,causa,pluges,
tallada,tv3421,roquetes,barberans,causa,pluges,
tallada,c12,amposta,altura,tortosa,causa,pluges,
emergenciescat,informa,canal,breta,tortosa,desbordant,inundant,c12,punts,quilom√®trics,11,12,bomberscat,mossos,evitar,mobilitat,ebre,montsi√†,protecciocivil,alerta,inuncat
conseq√º√®ncia,fortes,pluges,tallada,t331,ulldecona,gt,santa,b√†rbara,cua,c12,tortosa,bassals,‚Äô,aigua
protecci√≥,civil,demana,possible,‚Äô,eviti,agafar,cotxe,circular,comarques,montsi√†,ebre,vehicles,atrapats,acumulaci√≥,aigua,carreteres
cua,c58,sabadell,gt,terrassa,accident
cua,c32,sant,boi,gt,castelldefels,accident
aturada,circulaci√≥,trens,benicarl√≥,vinar√≤s,fortes,tempestes,fa,servei,carretera,castell√≥,‚Äô,aldea,trens,sortit,barcelona,valenci√†,‚Äô,espera,evolucioni,episodi,pluges
r13,stvicen√ß,calders,18,30,planapicamoixons,19,06,surt,40,minuts,retard
regional,express,15015,estaci√≥,fran√ßasaragossa,acumula,retard,incid√®ncia,t√®cnica
r15,estaci√≥,fran√ßa,15,43,ribaroja,ebre,18,58,saragossa,acumula,60,minuts,demora
tren,r13,stvicen√ß,calders,18,30,planapicamoixons,19,06,t√©,prevista,sortida,19,00,30,minuts,retard
protecci√≥,civil,demana,possible,‚Äô,eviti,agafar,cotxe,circular,travessen,comarca,montsi√†
tallada,n340,alcanar,conseq√º√®ncia,fortes,tempestes
aturats,c60,argentona,gt,matar√≥,cintur√≥,litoral,sant,joan,desp√≠,cornell√†,carretera,vallvidrera,bv1462,gt,bcn,c55,manresa,gt,sud,sant,vicen√ß,castellet,gt,nord
cues,n340,alcanar,vinar√≤s,gt,precauci√≥
aturada,circulaci√≥,trens,corredor,mediterrani,castell√≥,tarragona,‚Äô,estaci√≥,vinar√≤s,castell√≥,conseq√º√®ncia,tempestes,informa,adif
aturada,l√≠nia,castell√≥,tarragona,‚Äô,estaci√≥,vinar√≤s,castell√≥,conseq√º√®ncia,tempestes,informa,adif
oberta,tv3146,vilaseca,tarragon√®s
des,fa,estona,plou,terres,ebre,podeu,trobar,bassals,aigua,n340,circuleu,precauci√≥
retencions,ronda,cornell√†,pedralbes,gt,bes√≤s,accident,j√∫lia,gt,avariat,ronda,litoral,zona,franca,nus,trinitat,f√≤rum,barceloneta,gt
cues,pota,nord,santa,coloma,gramenet,cintur√≥,litoral,cornell√†,gt,martorell,t√∫nel,vallvidrera,gt,bcn,b24,cervell√≥,n340,valirana
aturats,ap7,rub√≠,papiol,gt,sud,b30,barber√†,sentit,sud,cerdanyola,gt,nord,b23,sant,feliu,papiol,gt,girona,‚Äô,esplugues,diagonal,c58,sant,quirze,gt,sud,cerdanyola,montcada
cues,tallada,tv3146,vilaseca,tarragon√®s,bassals,‚Äô,aigua,ap7,jonquera,gt,fran√ßa,obres,territori,franc√®s
emb√∫s,ronda,cornell√†,guineueta,gt,bes√≤s,accident,guineueta,gt,ronda,litoral,zona,franca,poblenou,sentit,bes√≤s,causa,‚Äô,accident
aturats,c59,palau,‚Äì,solit√†,plegamans,gt,caldes,cintur√≥,litoral,sant,joan,desp√≠,cornell√†,nii,pineda
cues,ap7,santa,perp√®tua,barber√†,rub√≠,papiol,gt,sud,b30,barber√†,sentit,sud,cerdanyola,gt,nord,b23,molins,papiol,gt,girona,c58,sant,quirze,gt,sud,montcada,sentits
servei,restablert,l3
sense,servei,l3,l√≠nia,verda,paral¬∑lel,passeig,causes,t√®cniques,drassanes
carretera,tv3146,tallada,vilaseca,2,sentits,inundaci√≥,cal√ßada
retards,15,l√≠nia,r1,rodalies,maresme,causa,incid√®ncia,instal¬∑lacions,adifes,matar√≥,arenys
