encara,embus,ap7,sant,cugat,santa,perpetua,,girona,topada,‚Äô,camio,turismes,carril,tallat,aturats,santa,perpetua,,sud,afecta,b30
aturats,ap7,altura,barbera,sentit,girona,accident,santa,perpetua,girona
congestio,c58,cerdanyola,c33,montcada
embus,ap7,sant,cugat,santa,perpetua,,girona,accident,talla,cua,santa,perpetua,,sud,afecta,b30
retirats,vehicles,accidentats,ronda,esplugues,,trinitat,millora,circulacio
talgo,694,sevillaestacio,fran√ßa,acumula,‚Äô,retard,incidencia,tecnica,limitacions,velocitat
cua,ronda,esplugues,,trinitat,accident,afecta,b23,sant,just,desvern,esplugues,,ronda,retencions,ronda,litoral,zona,franca,can,tunis,,besos
continuen,cues,c17,llagosta,montcada,,bcn,obres,b24,cervello,n340,vallirana,,tarragona,c14,montblanc,pira,c65,llambilles,banda,banda
ara,aturats,ap7,sant,perpetua,barbera,rubi,papiol,,sud,b23,molins,papiol,,girona,c1413,antiga,papiol,sant,cugat,b30,barbera,,sud,cerdanyola,,nord,c58,sant,quirze,,sud
retencio,b22,entrada,t1,aeroport,prat,afecta,c31,sud,,tarragona
cua,ronda,nus,llobregat,esplugues,,trinitat,accident,afecta,b23,sant,just,desvern,esplugues,,ronda
topada,camions,implicats,b142,altura,rotonda,polinya,cues
cues,a2,sant,vicen√ß,dels,horts,,lleida,obres,b23,molins,‚Äô,ap7,papiol,,girona,ap7,b30,barbera,sud,c58,sant,quirze,sud,ronda,sarria,roquetes,besos,cua,ronda,litoral,vila,olimpica,nus,llobregat
1,carril,obert,c65,llagostera,retirar,vehicle,tingut,accident,precaucio
c241d,tallada,sarral,conca,barbera,retirar,vehicle,tingut,accident,mati
claravirgili,gracies,clara,
retencions,tunels,garraf,c32,sitges,pk,36345,,bcn,retiren,vehicles,implicats,accident,voral,precaucio
1,carril,tallat,a2,abrera,pk,583,,bcn,causa,vehicle,avariat,retencions,esparreguera,precaucio
r14,renfe,lleida,06,23,estacio,fran√ßa,09,49,circula,35,minuts,retard
nii,reoberta,agullana,emporda,tallada,5,causa,accident,retencions,pontdemolins,,nord
,ultimahora,detinguts,4,homes,acusats,7,assalts,violents,ap7,feien,passar,policies,assaltaven,autocaravanes,furgonetes,aparcades,arees,servei,mossos
tallada,5,matinada,nii,agullana,emporda,topada,frontal,vist,implicats,3,vehicles,desviaments,ap7,sud,entrada,jonquera,nord,acces,pont,molins
15,km,cua,a2,martorell,palleja,,bcn,retirats,vehicles,implicats,accident,alternativa,ap7,b23
pas,alternatiu,n340,cervello,pk,1231,accident,retencions,2,sentits
nii,tallada,agullana,emporda,2,sentits,causa,accident,desviaments,ap7,precaucio
accident,a2,palleja,pk,601,,bcn,retencions,santandreudelabarca,precaucio
taxisigualada,gracies,bon,dia,
millora,circulacio,queden,retencions,autopista,maresme,argentona,,mataro,vehicle,avariat,afecta,c60,b30,barbera,,sud,cerdanyola,,nord,ronda,cornella,,llobregat
cues,ap7,castellbisbal,,bcn,accident,c16,tunels,vallvidrera,floresta,,bcn
aturats,c58,terrassa,sant,quirze,bcn,accident,montcada,nus,trinitat,sortida,ripollet,sabadell,,terrassa
cues,c32,autopista,garraf,sant,boi,tunel,vallvidrera,,bcn
a,bcn,accident,pla√ßa,francesc,macia,cues,diagonal,banda,banda
retencions,aturats,ap7,martorell,c60,argentona,mataro,c1413,antiga,‚Äô,entrada,poblacio,sabadell
trams,retencions,ronda,sentit,besos,ronda,litoral,sentits,marxa
continuen,retencions,a2,palleja,sant,vicen√ß,dels,horts,,bcn,cornella,,lleida,b24,cervello,n340,vallirana,sentit,tarragona,vallirana,,bcn,c17,parets,valles,c352,granollers,ronda,oest,sabadell
ara,aturats,ap7,santa,perpetua,barbera,rubi,papiol,,sud,b30,barbera,,sud,cerdanyola,,nord,c58,terrassa,sant,quirze,montcada,b23,molins,papiol,,girona
tambe,retencions,ronda,litoral,zona,franca,can,tunis,,besos,passeig,sant,gervasi,accident,ronda,general,mitre,lesseps,‚Äô,avinguda,tibidabo
ara,cues,ap7,barbera,,sud,b30,barbera,,sud,cerdanyola,,nord,c58,sant,quirze,,sud,b24,cervello,n340,vallirana,sentit,tarragona,vallirana,,bcn,c352,granollers,ronda,oest,sabadell
continuen,cues,ronda,litoral,zona,franca,can,tunis,,besos,diagonal,parc,pedralbes,pla√ßa,reina,maria,cristina
encara,aturats,b23,molins,‚Äô,ap7,papiol,sentit,girona,a2,sant,feliu,sant,vicen√ß,dels,horts,sentit,lleida,obres,c25,riudellots,selva,obres,c58,sant,quirze,,sud,b24,cervello,n340,vallirana
talgo,llorca,sants,acumula,retard
accident,n340,‚Äô,entrada,vallirana,sentit,tarragona,cua,compacta,sentits
retencions,ronda,litoral,zona,franca,can,tunis,,besos
cues,a2,sant,vicen√ß,dels,horts,sentit,lleida,obres,c25,riudellots,selva,obres,de,b24,cervello,n340,vallirana,b30,barbera,,sud,cerdanyola,sentit,nord,1km,‚Äô,ap7,barbera,sentit,sud
a2,retencions,santvicen√ßdelshorts,palleja,,lleida,causa,obres,tallen,1,carril
1,carril,tallat,ap7,bascara,pk,39,,sud,causa,camio,avariat,precaucio
r3,rodalies,latordequerol,10,48,lhospitalet,14,02,acaba,recorregut,ripoll,incidencia,tecnica
ap7,camio,avariat,cerdanyola,,sud,ocupa,voral,dret,7,km,cua,santaperpetua,precaucio
vehicle,avariat,ap7,paretsdelvalles,pk,137,,girona,retencions,mollet,precaucio
tots,carrils,oberts,a2,santjoandespi,,bcn,accident,cua,palleja,sant,vicen√ß,dels,horts,obres,zona,precaucio
accident,a2,santjoandespi,pk,607,,bcn,1,carril,tallat,retencions,palleja,precaucio
aturats,autopista,c16,terrassa,centre,,manresa,causa,obres,precaucio
c17,restablerta,paretsdelvalles,,sud,retencions
encara,1,carril,obert,ap7,borrassa,pk,29,,sud,retiren,camio,avariat,precaucio
c17,retencions,lametlla√ßdeolvalles,parets,,sud,causa,accident,precaucio
accident,ap7,borrassa,pk,29,,sud,1,carril,obert,retencions
,,retencions,,c58,sant,quirze,valles,montcada,reixac,punt,carril,tallat,avaria
,,retencions,,c55,manresa,castellbell,vilar,,c32,sant,boi,llobregat,sentit,nord,,c33,montcada,reixac,direccio,barcelona,,b23,sant,joan,despi,direccio,barcelona
,,retencions,c17,garriga,sentit,sud,ap7,vilafranca,penedes,sentit,nord,roca,valles,sentit,sud,a2,tarrega,bruc,direccio,barcelona,sils,sentit,sud,c14,ponts,c16,cercs
incidencia,resolta
,,retencions,,c17,garriga,,ap7,santa,margarida,monjos,jonquera,,a2,tarrega,jorba,igualada,collbato,palleja,,c14,ponts,,c16,guardiola,bergueda,berga,,c55,castellgali,manresa
,,retencions,accessos,barcelona,,c58,sant,quirze,montcada,reixac,,c32,sant,boi,gava,,c33,montcada,reixac,,pota,nord,santa,coloma,nus,trinitat,,b23,esplugues,llobregat
,,atencio,1,carril,tallat,c32,gava,sentit,nord,accident,1,carril,tallat,c58,montcada,reixac,avaria
,,retencions,,c17,3,km,garriga,sentit,sud
,,alternatiu,n260,ribes,freser,accident
,,retencions,,c17,ripoll,sentit,sud,,c55,castellgali,manresa,sentit,sud,,b20,sant,boi,llobregat,sentit,nord,,intensifica,transit,n340,vendrell,vallirana,sentit,nord
,,retencions,,ap7,5,km,santa,margarida,monjos,jonquera,sentit,nord,,a2,2,km,cervera,4,collbato,sentit,nord,,c14,organya,,c16,baga,cercs
,,atencio,restriccions,transit,vehicles,pesants,22h,,ap7,ma√ßanet,selva,vandellos,,c32,montgat,palafolls,barcelona,vendrell
,,retencions,,ap7,jonquera,sentit,nord,,a2,2,km,cervera,sentit,barcelona
,,accident,gi552,sant,feliu,buixalleu,dona,alternatiu,tram
,,important,carril,busvao,c58,obert,vehicles,camions
,,retencions,,c14,organya,sentit,sud,,c16,riu,cerdanya,baga,cercs,sentit,sud,,c17,ripoll,sentit,sud
,congestions,c17,centelles,direccio,barcelona
retencions,c16,altura,cercs,sentit,sud,barcelona
circulacio,congestionada,c16,altura,urus,sentit,sud,tunel,cadi
,circulacio,retencions,c35,santa,maria,palautordera,causa,accident,sentits,marxa,obert,alternatiu
,acte,esportiu,provoquen,congestions,c16,artesa,segre,sentits,marxa
,retencions,c55,carretera,duu,montserrat,sentits,marxa
‚Äç‚Äç,tmbinfo,recorda,diumenge,39a,cursa,popular,sant,marti,linies,busbcn,veuran,afectades
‚Äç‚Äç,tmbinfo,recorda,diumenge,fa,marato,prat,llobregat,afectant,linies,21,65,busbcn
tmbinfo,recorda,5,novembre,6,mesos,aproximadament,funicularmontjuic,tancat,revisio,tecnica
mes,retencions,b24,altura,vallirana,sentits,marxa
retencions,n260,sant,joan,abadesses,sentits,marxa,ap7,roca,valles,direccio,girona,c17,parets,valles,direccio,vic,n150,carretera,interurbana,sabadell,c58,barbera,valles,direccio,barcelona
atencio,retard,euromed,fa,trajecte,alacant,barcelona
mes,retencions,c55,castellgali,direccio,manresa,c58,terrassa,direccio,manresa
retencions,interior,barcelona,ronda,litoral,nus,trinitat
retencions,ap7,barbera,valles,sentit,sud,c58,sant,quirze,valles,sentit,barcelona,a2,sant,joan,despi,cornella,llobregat,sentit,barcelona
retencions,ap7,barbera,valles,sentit,sud,c33,llagosta,sentits,c58,sant,quirze,barbera,sentit,barcelona,ronda,litoral,sentits,altura,besos,ronda,meridiana,sentit,llobregat
,carrils,oberts,c33,montcada,reixac,incidencia,solucionada
retencions,c33,llagosta,sentit,nord,b24,cervello,enlla√ß,n340
atencio,afectacions,col.laterals,trens,linia,r11,rodalies,incidencia,tecnica
,1,carril,tallat,c33,montcada,reixac,sentit,granollers
atencio,incidencies,linia,r11,rodalies
cues,n145,seuduana,,andorra,n152,puigcerda,,b24,cervello,,sud,c58,sant,quirze,,bcn,b20,tunel,santa,coloma,‚Äì,nus,trinitat,,bcn,c17,parets,valles,,bcn,ap7,montmelo,‚Äì,parets,,sud
cues,n152,accedir,puigcerda,2,sentits
en,directe,roda,premsa,consell,ministres
üßü‚Äçcues,accessos,parc,port,aventura,vilaseca,autovia,a7,vilaseca,,nord,t319,accedir,parc,,nord
accident,c66,cornelladelterri,pk,42,circula,vial,paral.lel,retencions,puntuals,precaucio
c58,retencions,santquirzedelvalles,,bcn,causa,obres
aturats,c17,molletdelvalles,pk,11,,bcn,causa,accident,precaucio
accident,n141e,bescano,girones,fa,alternatiu,precaucio
a,causa,neu,tallada,bv4024,acces,coll,pal,bergueda
es,mante,transit,intens,c16,llobregat,berga,cercs,,tunel,cadi,c14,organya
ara,cues,c16,llobregat,rosal,‚Äì,cercs,bergueda,,tunel,cadi,c14,bassella,oliana,organya,,‚Äô,urgell,c17,llosses,ripoll,,nord
restablerta,circulacio,r1,rodalies,blanes,ma√ßanet,interrompuda,caiguda,arbre,catenaria
cues,ap7,vilanova,valles,peatge,roca,,girona,c17,llosses,ripoll,,nord
taxisigualada,radioigualada,transit,gracies,bon,dia,
comencen,retencions,destinacions,pont,a2,martorellabrera,,lleida,c55,castellbell,vilars,vicen√ß,castellet,,nord,c16,rosal,bergueda,,tunel,cadi,c14,oliana,,n145,duana,,andorra
c14,reoberta,pinelldesolsones,accident,retencions
c14,tallada,pinelldesolsones,pk,129,2,sentits,causa,topada,3,vehicles,precaucio
5,carreteres,pirineu,prepirineu,afectades,nevades,tancat,acces,coll,pal,bergueda
interromput,trens,renfe,rodalies,blanes,ma√ßanet,arbre,caigut,catenaria,subministrament,electric,gestiona,servei,alternatiu,carretera,afecta,moment,r1,maresme
accident,acces,ronda,autopistes,c58,c33,,llobregat,vehicle,bolcat,treballen,retirarlo,tallada,incorporacio,alternatives,avinguda,meridianario,janeiropg,valldaura,ronda,litoral,sortida,1
‚Ñπ,18h,sortit,area,metropolitana,barcelona,94548,vehicles,18,dels,510000,previstos,totssants,operaciosortida
atencio,circuleu,colladadetoses,neu,carretera,cotxes,equipats,vingueu,cal√ßats,toses,gi4016,equipviari,transit
,retencions,a2,sant,feliu,sant,joan,despi,,bcn,accident,1,carril,tallat,precaucio,transita2
‚Äç‚Äç,cursaamistat2018,afectara,gran,quantitat,linies,busbcn,planeja,ruta,consultant,detalls,
circulacio,retencions,retencio,b23,124,esplugues,llobregat,124,sentit,barcelona,124,punt,km,02,124,16,17
15,50h,tallada,ctra,b500,santfost,motiu,,accident,transit,policialocal,mossos,equipviari,protecciocivil,ajsantfost
transit,demana,extremar,precaucio,pont,ates,increment,mortalitat,21,registra,dies,festius
circulacio,congestio,retencio,b20,124,barcelona,124,sentit,nord,nus,trinitat,124,punt,km,154,124,15,22
circulacio,retencions,retencio,b23,124,papiol,124,sentit,oest,enlla√ß,ap7,124,punt,km,1512,124,15,29
pas,alternatiu,c1413a,santquirzedelvalles,pk,19,causa,esllavissades,retencions,2,sentits,precaucio
2,carrils,tallats,a2,cornella,pk,609,,bcn,accident,retencions,a2,sant,feliu,cornella,,bcn,b23,molins,sant,feliu,,enlla√ß,a2
1,carril,obert,autopista,maresme,c32,canetdemar,pk,114,,bcn,causa,accident,precaucio,foto,infoautopista
,ultimahora,desconvoquen,marxes,lentes,dels,transortistes,previstes,tarda,demarcacions,tarragona,lleida
c66,tallada,lapera,emporda,pk,195,2,sentits,causa,accident
es,restableix,trens,r1,rg1,renfe,rodalies,arenys,pineda,afectats,incidencia,subministrament,electric
interromput,trens,renfe,rodalies,arenys,pinedademar,incidencia,subministrament,electric,afecta,linia,r1,maresme,rg1,portbou,hospitalet,pel,litoral
vehicle,avariat,a2,santfeliudellobregat,pk,605,,bcn,retencions,intermitents,castellbisbal,accident,sant,vicen√ß,dels,horts,,bcn,precaucio
accident,a2,santvicen√ßdelshorts,pk,601,,bcn,1,carril,tallat,retencions,castellbisbal,precaucio
encara,llargues,cues,principals,accessos,bcn,rondes,causa,pluja,volum,transit,incidencies,precaucio
tots,carrils,oberts,c59,santaperpetuademogoda,,nord,topada,multiple,mati,retencions,c59,ap7,
1,carril,obert,a2,tarrega,,lleida,causa,accident,tallat,minuts
el,fum,incendi,port,visible,ronda,litoral,zona,portuaria,afecta,moment,transit,precaucio
pas,alternatiu,c31,costes,garraf,pk,174,nucli,garraf,terme,municipal,sitges,causa,accident,retencions,2,sentits,precaucio
el,fum,incendi,visible,ronda,litoral,zona,portuaria,bufa,direccio,precaucio
1,carril,obert,c59,santaperpetuademogoda,cimvalles,,nord,topada,multiple,tallava,cal√ßada,,caldes
c59,tallada,santaperpetuademogoda,costat,cimvalles,,nord,causa,topada,multiple,retencions,lallagosta,ap7,,girona
‚Äçbon,dia,precaucio,pluja,augmenta,retencions,area,barcelona,cua,c59,santaperpetuademogoda,cimvalles,,nord,possible,incidencia
encara,queda,cua,b24,cervello,n340,vallirana,vendrell,neteja,fa,alternatiu,aturats,sentit,sud
encara,retencions,c32,sant,boi,sentit,castelldefels,accident,fa,estona
accident,ronda,general,mitre,carrer,torres,cues
retirat,camio,avariat,ap7,sant,cugat,sentit,nord
millora,circulacio,costes,garraf,c31,sitges,sentit,sud,tarragona
cua,compacta,‚Äô,a2,bruc,,lleida,camio,avariat,cinturo,litoral,sant,joan,despi,banda,banda
encara,cues,b30,barbera,sentit,sud,cerdanyola,,nord,ap7,sant,cugat,barbera,,nord,a2,cornella,banda,banda,c58,terrassa,sant,quirze,,c59,palausolita,plegamans,caldes,montbui,sentit,nord
accident,roger,lluria,arago,turisme,encastat,cafeteria,cues,foto,soler
cua,compacta,‚Äô,a2,bruc,,lleida
ap7,santa,perpetua,barbera,rubi,papiol,sud,papiol,sant,cugat,avariat,barbera,,nord
embus,costes,garraf,c31,sitges,sentit,sud,tarragona
cua,n240,montblanc,,valls,accident
encara,aturats,n340,vallirana,,vilafranca,,sud,vendrell,‚Äô,repara
ap7,mollet,accident,santa,perpetua,barbera,rubi,papiol,,sud,sant,cugat,,nord,b23,sant,feliu,diagonal,molins,papiol,,girona,tunel,vallvidrera,,bcn,c32,sant,boi,sentits
aturats,c58,sant,quirze,montcada,,bcn,sort,ripollet,,terrassa,c17,parets,valles,banda,banda,afecta,sortida,‚Äô,ap7,c14,conca,barbera,c1413antiga,‚Äô,entrada,poblacio,sabadell,c65
retencions,ap7,santa,perpetua,barbera,rubi,papiol,,sud,sant,cugat,,nord,b30,barbera,sentit,sud,cerdanyola,,nord,b23,sant,joan,despi,diagonal,molins,papiol,,girona
aturats,ronda,cornella,valldaura,,besos,ronda,litoral,zona,franca,ciutat,vella,,besos
a,bcn,cues,llargues,diagonal,b23,pla√ßa,reina,maria,cristina,ronda,general,mitre,pla√ßa,reina,maria,cristina,lesseps
cua,b23,sant,joan,despi,diagonal
cues,ap7,santa,perpetua,barbera,,sud,b30,barbera,sentit,sud,cerdanyola,,nord,c58,sant,quirze,,bcn,c17,parets,valles
pas,alternatiu,n340,vendrell,poder,reparar,retencions,vallirana,,bcn
embus,ronda,‚Äô,esplugues,nus,trinitat,obert,carrils,tallats,afecta,b23,‚Äô,esplugues,diagonal
via,evitar,embus,ronda,‚Äô,esplugues,nus,trinitat,accident,talla,carrils,afecta,b23,‚Äô,esplugues,diagonal
retencions,c58,sant,quirze,,bcn,b30,barbera,sentit,sud,cerdanyola,,nord,b24,cervello,n340,vallirana,c12,tortosa,obres,c14,conca,barbera
encara,cua,ronda,‚Äô,hebron,sentit,llobregat,topada,talla,carril,afecta,pota,nord,santa,coloma,gramenet,,aturat,‚Äô,esplugues,accident,talla,carrils
camio,avariat,‚Äô,a2,collbato,sentit,lleida
tallada,n141,bossost,camio,quedat,travessat,part,francesa
accident,ronda,‚Äô,hebron,sentit,llobregat,aturats,canyelles,‚Äô,hebron,tambe,aturat,‚Äô,horta,accident,‚Äô,esplugues,sarria
accident,ronda,‚Äô,hebron,sentit,llobregat,cues
pas,alternatiu,c55,monistrol,montserrat,topada,vehicles,cues,sentit,nord
cues,c17,montcada,sentit,bcn,obres,c25,campllong,,obres,c12,tortosa,,obres,c1413,antiga,entrada,poblacio,sabadell
encara,2,carrils,tallats,ap7,barberadelvalles,pk,146,,sud,retencions,mollet,barbera,,sud,bellaterra,barbera,,nord
barryexcellence,gracies,bon,dia,
ronda,retencions,diagonal,vallcarca,,trinitat,causa,accident,precaucio
ap7,retencions,santaperpetuademogoda,barbera,,sud,causa,accident,foto,infoautopista
a,causa,nevades,calen,cadenes,travessar,coll,creueta,bv4031,castellardenhug,molina
nou,accident,ap7,santcugatdelvalles,pk,159,,girona,retencions,ap7,papiol,sant,cugat,,nord,b23,sant,feliu,papiol,,enlla√ß,ap7
l,avaria,comboi,sentit,contrari,afectat,r13,renfe,lleida,07,15,estacio,fran√ßa,09,54,circula,30,retard
r13,renfe,estacio,fran√ßa,06,47,lleida,09,58,circula,30,minuts,retard,causa,avaria,mantingut,aturat,roda,bera
accident,ap7,castellbisbal,pk,166,,girona,retencions,resolts,accidents,mati,ap7
tercer,accident,mati,ap7,papiol,,girona,retencions,ap7,castellbisbal,papiol,,nord,b23,santfeliu,papiol,,girona
martixllava,gracies,alertarnos,bon,dia,
ap7,retencions,mollet,santaperpetuademogoda,,sud,causa,accident,precaucio
2,accidents,ap7,ma√ßanetdelaselva,,sud,1,carril,obert,retencions,ronda,tram,c32,esplugues,,llobregat,1,carril,tallat
un,carril,tallat,ap2,bisbal,penedes,,saragossa,arbre,caigut
un,carril,tallat,ap7,montroig,camp,valencia,arbre,caigut
encara,cues,c58,cerdanyola,montcada,montcada,,terrassa,accident,ap7,bellaterra,sant,cugat,,sud,fa,estona,cremat,vehicle
aturats,c58,terrassa,sabadell,,sud,montcada,c60,argentona,,mataro,nii,masnou,accident,vilassar,c1413,antiga,‚Äô,entrada,poblacio,sabadell
cues,c17,lli√ßa,parets,valles,tunel,vallvidrera,bcn,pota,sud,cornella,c32,sant,boi,sentit,castelldefels,topada,retencions,viladecans,sant,boi,bcn,afecta,ronda,pedralbes,nus,llobregat
cues,ap7,santa,perpetua,barbera,4km,sant,cugat,accident,,sud,sant,cugat,,nord,b30,barbera,sentit,sud,cerdanyola,sentit,nord,b23,molins,papiol,,girona,‚Äô,esplugues,diagonal
tambe,calen,cadenes,bv4031,castellar,hug,toses
accident,ronda,sentit,llobregat,cua,pota,nord,santa,coloma,gramenet
consequencia,neu,calen,cadenes,c28,passar,port,bonaigua
accident,nii,masnou,cues
retencions,c35,sant,celoni,c60,argentona,,mataro
c17,gurb,,sud,obres,lli√ßa,parets,valles,,sud,parets,,vic,c58,terrassa,sant,quirze,,sud
cues,ap7,santa,perpetua,barbera,sant,cugat,papiol,,sud,b30,barbera,sentit,sud,cerdanyola,sentit,nord,b23,molins,papiol,,girona
aturats,pota,sud,cornella,c32,sant,boi,sentit,castelldefels,topada
retencions,,cua,‚Äô,a2,odena,,lleida,accident,camio,implicat,retencions,c12,tortosa,obres,b30,barbera,sentit,sud,cerdanyola,sentit,nord,nii,girona
talgo,697,estacio,fran√ßasevilla,acumula,20,minuts,retard
euromed,alacant,estacio,fran√ßa,acumula,retard
cinturo,litoral,cornella,sant,joan,despi,,lleida,vehicle,aturat
aturats,b24,cervello,n340,vallirana,,c12,tortosa,obres,c17,masies,voltrega,gurb,sentit,sud,obres
cua,‚Äô,a2,castelloli,odena,,lleida,accident,accident,c58,torre,baro,,terrassa,carril,tallat,afecta,ronda,litoral,sant,adria,besos,pota,nord,santa,coloma,gramenet
tren,r16,tortosa,11,07,estacio,fran√ßa,13,54,acumula,45,minuts,retard
retencions,c12,tortosa,obres,aturades,c17,gurb,sentit,sud
,cua,‚Äô,a2,castelloli,odena,,lleida,accident,han,retirat,vehicles,accidentats,c58,torre,baro,sentit,terrassa,queden,retencions,ronda,litoral,sant,adria,,besos
‚Äçuna,manifestacio,bombers,pel,centre,bcn,talla,rambla,obliga,desviar,linies,busbcn,problemes,circular,zona
jsolerdb,gracies,
,r16,tortosa,11,07,estacio,fran√ßa,13,54,aturat,aldea,amposta,causa,‚Äô,incidencia,tecnica
retencions,c17,aiguafreda,centelles,,vic,causa,obres
comboi,r13,renfe,avariat,retrocedeix,circula,1,25,retard
una,incidencia,senyalitzacio,automatica,adifes,calella,pineda,provoca,retards,15,r1,rodalies,moment,afecta,rg1
comboi,r13,renfe,avariat,rodadebara
encara,llargues,cues,rondes,litoral,r,litoral,bon,pastor,barceloneta,,llobregat,mercabarna,can,tunis,enlla√ß,gran,nus,trinitat,r,julia,pedralbes,,llobregat,cornella,pedralbes,,trinitat
cues,ap7,montornesparetssanta,perpetuabarberasant,cugatel,papiol,,sud,s,cugat,,girona
cues,accessos,nord,bcn,c58,terrassa,estbadiamontcadanus,trinitat,,bcn,ntripollet,,terrassa,c16,rubiscugatvalldoreixpeatgeboca,nord,tunel,vallvidrera,b20,scolomanus,trinitat,c31,badalona
cues,habituals,principals,accessos,bcn,pel,sud,a2,castellbisbalpallejasvicen√ß,hortscornella,,bcn,martorell,,lleida,b23,molins,reidiagonal,,bcn,molinspapiol,,girona,b24,palleja,,a2,c32,gavasant,boi,c31,prat
‚Äçpossibilitat,carrers,tallats,ciutat,vella,bcn,pel,macrooperatiu,dels,mossos,precaucio
‚Äçbon,dia,comen√ßa,intensificar,circulacio,carreteres,catalanes,moment,consten,incidencies
,retencions,c17,lli√ßa,parets,valles,direccio,barcelona
,cal√ßada,tallada,c58,atura,bauma,castellbell,vilar,causa,accident
,accident,provoca,retencions,c58,sant,quirze,valles,sabadell,direccio,barcelona
,retencions,a2,altura,bruc,sentits,marxa
,accident,c17,altura,montcada,reixac,dificulta,circulacio
,circulacio,intensa,c55,monistrol,montserrat,sentit,nord,manresa
,retencions,c31,ventallo,sentits,marxa,obert,alternatiu
,cal√ßada,tallada,c37,querol,sentits,carretera,pont,armenteraral.li,catalunya,costa,daurada
,accident,c58,altura,nus,trinitat,sentit,barcelona,bifurcacio,avinguda,meridiana
,circulacio,fluida,c60,altura,orrius,direccio,granollers
,aturades,a2,tunel,bruc,causa,accident,sentit,nord
,retencions,c58,torre,baro,cerdanyola,valles,direccio,sabadell,circulacio,intensa,torre,baro,direccio,barcelona
circulacio,fluida,xarxa,viaria,catalana,queden,retencions,b24,cervello,n340,vallirana
r3,querol,18,52,hospitalet,llobregat,22,14,acumula,35,minuts,demora
encara,cua,ap7,gelida,subirats,,sud
continua,embus,ap7,subirats,granada,sentit,sud
encara,aturats,ap7,sant,sadurni,anoia,vilafranca,penedes,,sud,foto,aguilera
encara,10,km,cua,ap7,sant,sadurni,anoia,vilafranca,penedes,,sud,carrils,oberts,topada,camio,materies,perilloses,turisme,camio,retirat
jordiaguilerac,transit,gracies,jordi,explicant,equip,viari
hi,topada,camio,materies,perilloses,turisme,ap7,vilafranca,penedes,,sud,obligat,tallar,pogut,retirar,camio,cisterna,congestio
embus,ap7,vilafranca,penedes,,sud,accident,foto,vela
continua,congestio,5,km,7,vilafranca,penedes,,sud,accident,tallada,autopista,recomana,sortida,27
embus,c44,vandellos,hospitalet,infant,‚Äô,entrada,poblacio,accident,afecta,tram,‚Äô,a7
retencions,‚Äô,ap7,sant,cugat,barbera,,nord,santa,perpetua,barbera,vilafranca,penedes,,sud
cua,ronda,litoral,sant,adria,bon,pastor,,besos,accident,bon,pastor,
ara,cues,c58,sant,quirze,sud,accident,ap7,cerdanyola,barbera,,nord,b24,cervello,n340,vallirana,c17,parets,valles,c55,sant,vicen√ß,castellet,,castellgali,c65,banda,banda
ara,cua,compacta,ronda,esplugues,vallcarca,sentit,besos
retirat,avariat,hospitalet
r3,hospitalet,llobregat,14,53,querol,18,06,acumula,30,minuts,demora
accident,ronda,litoral,montjuic,,cua,ciutat,vella,sentit,llobregat,zona,franca,sentit,besos,recordar,mante,tallada,tv7411,ribaroja,‚Äô,ebre,motiu,ralli,catalunya,costa,daurada
tambe,aturats,c17,parets,valles,afecta,sortida,‚Äô,ap7,c55,sant,vicen√ß,castellet,,castellgali,manresa,,castellgali,hi,obres,castellgali,c65,c31,castellplatja,‚Äô,aro,,platja,‚Äô,aro
ara,cues,cues,‚Äô,ap7,santa,perpetua,barbera,sant,cugat,,sud,b23,molins,papiol,sentit,girona,c58,sant,quirzelt,,montcada,,pota,nord,santa,coloma,gramenet,,b24,cervello,n340,vallirana
retards,poden,superar,15,minuts,sentit,nord,linies,r1,r3,r4,r12,‚Äô,avaria,‚Äô,‚Äô,hospitalet
cues,rondes,cua,ronda,litoral,forum,port,olimpic,,accident,zona,franca,ciutat,vella,,besos,ronda,‚Äô,esplugues,vallcarca,horta,,besos
aturats,c17,parets,valles,afecta,sortida,‚Äô,ap7,cues,n420,gandesa,c55,sant,vicen√ß,castellet,,castellgali,nii,calella,pineda
cues,cues,‚Äô,ap7,santa,perpetua,barbera,rubi,papiol,,sud,b23,molins,papiol,sentit,girona,c58,sant,quirzelt,,montcada,,b24,cervello,n340,vallirana
continua,cua,‚Äô,a2,caldes,malavella,,bcn,accident,multiple
embus,n420,gandesa
tambe,retencions,b24,cervello,n340,vallirana,c58,sant,quirze,badia,c17,parets,valles,ronda,litoral,can,tunis,,besos
continua,tallada,‚Äô,a2,caldes,malavella,,bcn,accident,multiple,cua
aturats,c58,montcada,,terrassa,vehicle,avariat,afecta,ronda,litoral,sant,adria,pota,nord,santa,coloma,gramenet
vehicle,avariat,c58,torre,baro,,terrassa,talla,1,carril,retencions,c58,nus,trinitattorre,baro,ronda,litoral,bon,pastornus,trinitat
autovia,a2,tallada,caldesdemalavella,pk,698,2,sentits,causa,topada,multiple,desviaments,gi555,c63,precaucio
ronda,litoral,retencions,santadriadebesos,nus,trinitat,accident,ronda,santacoloma,col.lisio,c58,sortida,pel,nus,trinitat,,terrassa
afectacions,pel,ralli,catalunyacosta,daurada,n420,gandesa,c44,benissanet,enlla√ß,n420
tots,carrils,oberts,c58,sabadell,nord,,terrassa,accident,retencions,c58,ap7,barbera,,sud
c58,accident,sortida,sabadell,nord,,terrassa,1,carril,tallat,retencions,c58,cerdanyola,sabadell,nord,,terrassa,ap7,barbera,valles,,sud,enlla√ß,c58
c66,alternatiu,santjuliaderamis,pk,36,causa,obres,retencions,2,sentits,ap7,girona,nord,,fran√ßa
tots,carrils,oberts,a2,palleja,accident
autovia,a2,tallada,granyanella,pk,513,,bcn,causa,accident,desvia,circulacio,cal√ßada,lateral,precaucio
1,carril,tallat,c32,nord,autopista,maresme,mataro,,bcn,causa,accident,3,km,cua
retards,15,r2,r14,r15,r16,renfe,rodalies,,sud,incidencia,estacio,elprat,afecta,instal.lacions,adifes
accident,autovia,a2,palleja,,bcn,1,carril,tallat,retencions,martorell,precaucio
‚Äçbon,dia,aturats,ronda,litoral,nus,llobregat,mercabarna,,trinitat,causa,accident,talla,1,carril,precaucio
ara,circulacio,fluida,xarxa,viaria,catalana,queda,retencio,b24,cervello,n340,vallirana
retirat,vehicle,avariat,ap7,papiol,sentit,sud,millora,circulacio
restablert,servei,linies,tram,frequencies,alterades,linia,t4
r3,carol,17,13,hospitalet,20,32,acumula,40,minuts,demora
continua,congestio,ap7,mollet,barbera,8,km,sant,cugat,papiol,,sud,papiol,vehicle,avariat
consequencia,accident,servei,parades,maresme,port,forum,tramvia
trams,retencions,ronda,sentit,besos,ronda,litoral,sentits
r3,hospitalet,14,53,querol,18,06,acumula,25,minuts,retard
aturats,c1413,antiga,‚Äô,entrada,poblacio,sabadell,ronda,sud,granollers,accident,n340,vallirana,,sud,cinturo,litoral,cornella,,lleida,c32,sant,boi,,castelldefels,c60,argentona,,mataro
tambe,retencions,cua,c17,tona,,bcn,accident,tram,‚Äô,obres,c17de,granollers,parets,valles,,c58,terrassa,sant,quirze,,sud,tunel,vallvidrera,peatge,boca,nord
ara,cues,ap7,mollet,barbera,sant,cugat,papiol,,sud,b30,barbera,sentit,sud,cerdanyola,sentit,nord,b23,molins,papiol,,girona,‚Äô,esplugues,diagonal
retirats,vehicles,accidentats,b30,cerdanyola,sentit,nord
cua,c17,tona,,bcn,accident,tram,‚Äô,obres
aturats,ap7,santa,perpetua,barbera,,sud,granollers,,nord,n340,vallirana,
tambe,cues,ap7,b30,barbera,sentit,sud,c58,sant,quirze,,sud,c35,sant,celoni,,sud,ronda,sud,granollers,ronda,litoral,zona,franca,montjuic,sentit,besos,extrem,sud,gran,‚Äô,hospitalet,pla√ßa,espanya
cua,b30,cerdanyola,sentit,nord,causa,‚Äô,accident
pas,alternatiu,c243,antiga,granada,penedes,topada,vehicles
cues,ronda,litoral,can,tunis,,besos,embus,extrem,sud,gran,‚Äô,hospitalet,pla√ßa,espanya
retencions,ap7,mollet,sentit,sud,c17,parets,sentit,sud,‚Äô,ap7,c58,sant,quirze,badia,,sud,c35,sant,celoni,,montseny,b24,cervello,n340,vallirana
retencions,ronda,‚Äô,esplugues,diagonal,sentit,besos,accident
accident,ap7,barberadelvalles,,girona,retencions,bellaterra,precaucio
es,mante,carril,obert,tunels,garraf,c32,santperederibes,pk,295,,sud,mati,topat,camio,turisme,passatger,davanter,cotxe,resultat,ferit,critic
1,carril,obert,tunels,garraf,c32,santperederibes,pk,295,,sud,topada,camioturisme,1,ferit,greu,informacions
tallada,c32,tunels,garraf,santperederibes,pk,295,,sud,topada,camioturisme,1,persona,ferida,precaucio
ap7,retencions,bellaterra,barbera,,girona,causa,vehicle,avariat,talla,1,carril
encara,llargues,cues,accident,mati,b20,sud,cornella,,bcn,c32,b20,gava,prat,c31,gava,prat
tots,carrils,oberts,ap7,montornesdelvalles,,sud,accident,cues,ap7,rocamontmelo,intermitent,c60,argentonala,roca,,ap7
interromput,trens,renfe,rodalies,estacio,mollet,santfost,causa,atropellament,persona,entrada,estacio,afecta,r2,r11
r3,rodalies,hospitalet,llobregat,06,14,querol,09,40,circula,40,retard
per,accident,b20,sud,cornella,cues,c32,b20,sud,castelldefels,cornella,,bcn,c31,castelldefels,prat,,bcn,b22,prat,anar,c31,b20,,bcn
accident,b20,sud,cornella,,bcn,cua,autopista,garraf,castelldefels,cornella,,bcn,precaucio
merilin1979,gracies,bon,dia,
cues,habituals,principals,accessos,bcn,2,incidencies,accident,ap7,montornesdelvalles,pk,135,,sud,cua,c32,b20,sud,gavael,prat,possible,incidencia,b20,,bcn
a,circulacio,fluida,xarxa,viaria,pais,mante,alternatiu,c162,urus,tarda,bolcat,trailer
retencions,ronda,‚Äô,horta,pedralbes,,accident
cua,c17,canovelles,coll,manya,sentit,barcelona,accident
a,c162,urus,bolcat,trailer,carregat,palets,coto,foto,bombers
retencions,c1413,antiga,‚Äô,entrada,poblacio,sabadell,c60,argentona,,mataro,nii,caldes,malavella,sentit,sud
pas,alternatiu,n340,sant,carles,rapita,topada,vehicles,cua
complicada,circulacio,area,metropolitana,bcn,cues,llargues,b23,c58,pota,nord,accedir,ciutat,congestio,ronda,litoral
trams,retencions,rondes,barcelona,ronda,sentit,besos,ronda,litoral,sentits,retencions,llargues,diagonal,‚Äô,entrada,barcelona,b23,‚Äô,altura,‚Äô,illa,diagonal
retencions,c32,sant,boi,,bcn,col.lisio,aturades,sentit,contrari
trams,retencions,nii,calella,pineda,,nord,accident
retirats,vehicles,accidentat,diagonal,club,polo
retencions,ap7,santa,perpetua,barbera,rubi,papiol,,sud,b30,barbera,,sud,cerdanyola,,nord,b23,molins,papiol,,girona,‚Äô,esplugues,diagonal,cinturo,litoral,cornella,c17,lli√ßa,parets
cues,,c16,viladecavalls,,sud,c58,terrassa,sant,quirze,,sud,obres,a2,martorell,castellbisbal,,sud,obres
cua,a2,castellbisbal,,sud,obres
a,bcn,retencions,diagonal,b23,pla√ßa,reina,maria,cristina,accident,club,polo
retirats,vehicles,accidentats,ronda,litoral,montjuic,sentit
aturats,2,km,ap7,sortida,girona,oest,km,585,sentit,fran√ßa,moto,terra
retards,‚Äô,‚Äô,linies,r2,r2nord,avaria,sistema,senyalitzacio,estacio,sant,andreu,comtal
aturada,circulacio,ronda,litoral,poblenou,montjuic,,llobregat,accident,retencions,zona,franca,montjuic,,besos
cua,compacta,‚Äô,ap7,sant,julia,ramis,,fran√ßa,topada,‚Äô,turisme,moto
tambe,aturats,c17,llagosta,montcada,,bcn,obres,c58,sant,quirze,,sud,b24,cervello,n340,vallirana
cua,‚Äô,a2,cornella,joan,despi,,martorell,nova,col.lisio,afecta,‚Äô,tram,ronda,litoral,agafar,‚Äô,a2,aturada,circulacio,ronda,litoral,zona,franca,montjuic,sentit,besos
cua,‚Äô,a2,sant,joan,despi,sant,feliu,,martorell,col.lisio,retencions,c58,sant,quirze,sentit,sud
accident,autopista,garraf,c32,santboidellobregat,,sud,1,carril,tallat,retencions
retirat,camio,avariat,complicava,circulacio,ap7,santcugatdelvalles,,sud
ap7,retencions,bellaterra,sant,cugat,valles,,sud,causa,vehicle,avariat,talla,1,carril
reoberta,c17,granollers,,vic,accident,retencions,mollet,precaucio
c17,tallada,granollers,pk,18,,vic,causa,accident
tots,carrils,oberts,ronda,litoral,poble,,llobregat,accident,retencions,zona,forum,barceloneta
c60,reoberta,argentona,pk,5,,granollers,accident,retencions,mataro,enlla√ß,c32
accident,c55,manresa,,solsona,3,km,cua,precaucio
tallada,c60,argentona,pk,5,,granollers,causa,accident,fan,desviaments,precaucio
ronda,litoral,retencions,nus,trinitat,poble,,llobregat,causa,accident,tancada,entrada,24
tots,carrils,oberts,c32,sud,santboi,,bcn,accident,retencions,gava,precaucio
llargues,cues,principals,accessos,bcn,pel,nord,c58,terrassa,estbadiamontcada,,bcn,montcadaripollets,quirze,,terrassa,c16,rubivalldoreixla,florestapeatgeboca,nord,tunel,vallvidrera,b20,coloma,gramenetnus,trinitat
accident,autopista,garraf,c32,santboi,,bcn,1,carril,obert,retencions,gava,accessos,bcn,retencions,habituals,,entrada
retards,linies,r2,sud,regionals,avaria,llarga,distancia,fa,circulacio,cubelles,vilanova
retencions,a2,sant,joan,despi,sant,feliu,llobregat,,martorell,vehicle,aturat
ara,queden,retencions,b23,molins,sentit,girona,diagonal,b24,cervello,n340,vallirana,ronda,‚Äô,esplugues,horta,sentit,besos
frequencies,alterades,t1,t2,t3,tramvia
oberts,carrils,ronda,queden,retencions,esplugues,valldaura,,besos,meridiana,hebron,,pota,nord,santa,coloma,gramenet
retirats,vehicles,accidentats,trams,retencions,diagonal
cues,tunel,vallvidrera,peatge,boca,nord
cues,ronda,litoral,zona,franca,bon,pastor,sentit,besos,diagonal,ciutat,vella,
per,accident,ronda,embus,ronda,‚Äô,esplugues,horta,,besos,‚Äô,hebron,,afecta,cues,pota,nord,badalona,,ronda,c58,ripollet
topada,motoristes,diagonal,altura,pla√ßa,reina,maria,cristina,afecta,diagonal,cues,pla√ßa,pius,xii,pla√ßa,francesc,macia
via,evitar,embus,ronda,‚Äô,esplugues,‚Äô,hebron,,besos,accident,‚Äô,hebron,
retencions,c65,santa,cristina,‚Äô,aro,‚Äô,entrada,poblacio
tambe,aturats,nus,papiol,afecta,ap7,rubi,sud,b23,molins,,girona,pota,nord,santa,gramenet,,ronda
cues,c58,terrassa,sant,quirze,obres,montcada,,sud,c1413,antiga,‚Äô,entrada,poblacio,sabadelll,ap7,santa,perpetua,barbera,sud,b30,barbera,,sud,cerdanyola,,nord
embus,ronda,‚Äô,esplugues,‚Äô,hebron,,besos,accident,‚Äô,hebron,
queda,cua,carretera,rubi,bp1503,accident,fauna,estona
ave,3941,sevillabarcelona,acumula,20,minuts,retard
talgo,463,barcelonallorca,acumula,retard
ara,retencions,a2,castellbisbal,,sud,pota,nord,santa,gramenet,nus,trinitat,,ronda,c58,sant,quirze,,sud,obres,b24,cervello,n340,vallirana,ap7,cerdanyola,,nord,b30,barbera,,sud,cerdanyola,,nord
retirats,vehicles,accidentats,millora,circulacio
talgo,694,sevillabarcelona,acumula,retard
ronda,litoral,vila,olimpica,montjuic,llobregat,accidents,zona,franca,port,,besos
ara,cues,aturats,‚Äô,enlla√ß,‚Äô,a2,abrera,‚Äô,ap7,martorell,,bcn,c58,sant,quirze,,sud,obres,b24,cervello,n340,vallirana,c65,santa,cristina,‚Äô,aro,‚Äô,entrada,poblacio
continuen,retencions,c58,sant,quirze,,sud,obres,b30,barbera,,sud,cerdanyola,,nord,b24,cervello,n340,vallirana,ronda,‚Äô,esplugues,pedralbes,,besos,accident,ronda,litoral,zona,franca,can,tunis,,besos
a2,palleja,sant,vicen√ß,dels,horts,sentit,bcn,obres,ronda,‚Äô,esplugues,pedralbes,,trinitat,accident
aturats,‚Äô,ap7,barbera,sentit,nord,consequencia,cua,afecta,sortida,can,salvatella
vehicle,avariat,ap7,papiol,,sud,retencions
tots,carrils,oberts,ronda,cornella,,llobregat,accident,retencions,roquetes,precaucio
accident,mortal,nii,pont,molins,xoc,frontal,cotxe,camio,provocat,mort,conductor,vehicle,passat,mica,causes,investigant
retencions,accessos,nord,bcn,c58,terrassa,estbadiamontcada,,bcn,montcadaripollet,,terrassa,c16,florestapeatgeboca,nord,tunel,vallvidrera
cues,ap7,parets,vallesmolletsanta,perpetuael,papiol,,sud,sant,cugatbarbera,,nord
2,carrils,tallats,ronda,tram,c32,esplugues,,llobregat,accident,retencions,llargues,roquetes,precaucio
bv2411,tallada,avinyonetdelpenedes,causa,vehicle,avariat
monicagranados,gracies,bon,dia,
merisariol,bon,dia,aturades,obres,moment,consta,incidencia,gracies,
‚Äçbon,dia,precaucio,c17,granollers,pk,18,,bcn,turisme,avariat,ocupa,1,carril
aquesta,domina,circulacio,comoda,incidencies,retencions,b24,cervello,n340,vallirana
aturats,carretera,vallvidrera,bv1462,,bcn
retencions,c32,sant,boi,,castelldefels
pas,alternatiu,c14,montblanc,treballa,retirar,vehicle,accidentat,retencions
euromed,1152,valencia,barcelona,acumula,retard,26,minuts
atencio,viatge,carretera,pont,sants
aturats,b24,cervello,n340,vallirana,c17,parets,valles,,sud,canovelles,,vic,cinturo,litoral,cornella
retencions,c58,sant,quirze,montcada,,sud,ap7,santa,perpetua,barbera,,sud,b30,barbera,,sud,cerdanyola,sentit,nord,b23,molins,papiol,,girona
encara,cues,ap7,jonquera,,nord,obres,fan,territori,frances,c65,llagostera,,santa,cristina,‚Äô,aro,obres
aturats,c65,llagostera,,santa,cristina,‚Äô,aro,obres
cua,ap7,jonquera,,nord,obres,fan,territori,frances
continuen,cues,c65,arribar,fornells,selva,banda,banda,obres
servei,restablert,l1,universitat,glories
cua,‚Äô,ap7,sant,celoni,sentit,sud,‚Äô,incendi,‚Äô,vehicle,equiviari
r11,figueres,14,08,sants,16,09,acumula,45,minuts,retard,incidencia,tecnica,origen
sense,servei,l1,linia,vermella,metro,universitat,glories
retencions,c58,sant,quirze,,sud,b30,cerdanyola,sentit,nord,ap7,jonquera,,nord,c65,arribar,fornells,selva,banda,banda
cua,5,km,‚Äô,ap7,cerdanyola,barbera,sentit,nord,girona,topada,4,vehicles,implicats
1,carril,tallat,gi542,angles,selva,,osor,pedra,grans,dimensions,caigut,cal√ßada,precaucio
retards,15,r2,nord,r11,renfe,causa,incidencia,tecnica,senyalitzacio,adifes,estacio,sant,andreu,comtal
vehicle,avariat,ronda,julia,,trinitat,1,carril,tallat,retencions
millora,circulacio,accessos,bcn,cues,c58,b20,nord,c16,a2,b23,c31,c32,sud,rondes,,llobregat
accident,c60,argentona,,nord,1,carril,tallat,retencions,c60,c32,mataro,,sud
aturades,accessos,sud,bcn,a2,sant,andreu,barcapallejasvicen√ß,hortscornella,b23,molins,reiesplugues,,bcn,molinsel,papiol,,girona,c32,gavaviladecans,c31,prat
cues,accessos,nord,bcn,c58,terrassa,centrebadiamontcada,,bcn,montcadaripolletsant,quirze,,terrassa,c16,rubivalldoreixpeatgeboca,nord,tunel,vallvidrera,b20,santa,colomanus,trinitat,c31,badalona
ap7,retencions,sud,montornesparetsmollet,valless,perpetuabarberabellaterrasant,cugatel,papiol,,sud,nord,bellaterrabarbera
accident,ronda,pedralbes,,llobregat,1,carril,tallat,retencions,nus,trinitat,precaucio
retencions,c31,acces,aeroport,pratllobregat
retencions,c58,altura,badia,valles,accedir,centre,comercial,sentit,sud
circulacio,intensa,ronda,b20,altura,prat,llobregat,direccio,castelldefels
circulacio,retencions,c12,altura,tortosa,perill,esfondraments,obert,alternatiu,regulat,semafors
tallada,tp3311,galera,senia,causa,pluges,
,circulacio,intensa,c25,santa,coloma,farners,direccio,vic
retencions,accident,c17,altura,montcada,reixac,direccio,barcelona
tallada,t331,ulldecona,freginals,causa,pluges,
tallada,tv3421,roquetes,barberans,causa,pluges,
tallada,c12,amposta,altura,tortosa,causa,pluges,
emergenciescat,informa,canal,breta,tortosa,desbordant,inundant,c12,punts,quilometrics,11,12,bomberscat,mossos,evitar,mobilitat,ebre,montsia,protecciocivil,alerta,inuncat
consequencia,fortes,pluges,tallada,t331,ulldecona,,santa,barbara,cua,c12,tortosa,bassals,‚Äô,aigua
proteccio,civil,demana,possible,‚Äô,eviti,agafar,cotxe,circular,comarques,montsia,ebre,vehicles,atrapats,acumulacio,aigua,carreteres
cua,c58,sabadell,,terrassa,accident
cua,c32,sant,boi,,castelldefels,accident
aturada,circulacio,trens,benicarlo,vinaros,fortes,tempestes,fa,servei,carretera,castello,‚Äô,aldea,trens,sortit,barcelona,valencia,‚Äô,espera,evolucioni,episodi,pluges
r13,stvicen√ß,calders,18,30,planapicamoixons,19,06,surt,40,minuts,retard
regional,express,15015,estacio,fran√ßasaragossa,acumula,retard,incidencia,tecnica
r15,estacio,fran√ßa,15,43,ribaroja,ebre,18,58,saragossa,acumula,60,minuts,demora
tren,r13,stvicen√ß,calders,18,30,planapicamoixons,19,06,te,prevista,sortida,19,00,30,minuts,retard
proteccio,civil,demana,possible,‚Äô,eviti,agafar,cotxe,circular,travessen,comarca,montsia
tallada,n340,alcanar,consequencia,fortes,tempestes
aturats,c60,argentona,,mataro,cinturo,litoral,sant,joan,despi,cornella,carretera,vallvidrera,bv1462,,bcn,c55,manresa,,sud,sant,vicen√ß,castellet,,nord
cues,n340,alcanar,vinaros,,precaucio
aturada,circulacio,trens,corredor,mediterrani,castello,tarragona,‚Äô,estacio,vinaros,castello,consequencia,tempestes,informa,adif
aturada,linia,castello,tarragona,‚Äô,estacio,vinaros,castello,consequencia,tempestes,informa,adif
oberta,tv3146,vilaseca,tarragones
des,fa,estona,plou,terres,ebre,podeu,trobar,bassals,aigua,n340,circuleu,precaucio
retencions,ronda,cornella,pedralbes,,besos,accident,julia,,avariat,ronda,litoral,zona,franca,nus,trinitat,forum,barceloneta,
cues,pota,nord,santa,coloma,gramenet,cinturo,litoral,cornella,,martorell,tunel,vallvidrera,,bcn,b24,cervello,n340,valirana
aturats,ap7,rubi,papiol,,sud,b30,barbera,sentit,sud,cerdanyola,,nord,b23,sant,feliu,papiol,,girona,‚Äô,esplugues,diagonal,c58,sant,quirze,,sud,cerdanyola,montcada
cues,tallada,tv3146,vilaseca,tarragones,bassals,‚Äô,aigua,ap7,jonquera,,fran√ßa,obres,territori,frances
embus,ronda,cornella,guineueta,,besos,accident,guineueta,,ronda,litoral,zona,franca,poblenou,sentit,besos,causa,‚Äô,accident
aturats,c59,palau,‚Äì,solita,plegamans,,caldes,cinturo,litoral,sant,joan,despi,cornella,nii,pineda
cues,ap7,santa,perpetua,barbera,rubi,papiol,,sud,b30,barbera,sentit,sud,cerdanyola,,nord,b23,molins,papiol,,girona,c58,sant,quirze,,sud,montcada,sentits
servei,restablert,l3
sense,servei,l3,linia,verda,paral.lel,passeig,causes,tecniques,drassanes
carretera,tv3146,tallada,vilaseca,2,sentits,inundacio,cal√ßada
retards,15,linia,r1,rodalies,maresme,causa,incidencia,instal.lacions,adifes,mataro,arenys
