encara,embus,ap7,sant,cugat,santa,perpetua,gt,girona,topada,‚Äô,camio,turismes,carril,tallat,aturats,santa,perpetua,gt,sud,afecta,b30,equipviari
aturats,ap7,altura,barbera,sentit,girona,accident,santa,perpetuagt,girona,equipviari
congestio,c58,cerdanyola,c33,montcada,equipviari
embus,ap7,sant,cugat,santa,perpetua,gt,girona,accident,talla,cua,santa,perpetua,gt,sud,afecta,b30,equipviari
retirats,vehicles,accidentats,ronda,esplugues,gt,trinitat,millora,circulacio,equipviari
talgo,694,sevillaestacio,fran√ßa,acumula,‚Äô,retard,incidencia,tecnica,limitacions,velocitat,equipviari
cua,ronda,esplugues,gt,trinitat,accident,afecta,b23,sant,just,desvern,esplugues,gt,ronda,retencions,ronda,litoral,zona,franca,can,tunis,gt,besos,equipviari
continuen,cues,c17,llagosta,montcada,gt,bcn,obres,b24,cervello,n340,vallirana,gt,tarragona,c14,montblanc,pira,c65,llambilles,banda,banda,equipviari
ara,aturats,ap7,sant,perpetua,barbera,rubi,papiol,gt,sud,b23,molins,papiol,gt,girona,c1413,antiga,papiol,sant,cugat,b30,barbera,gt,sud,cerdanyola,gt,nord,c58,sant,quirze,gt,sud,equipviari
retencio,b22,entrada,t1,aeroport,prat,afecta,c31,sud,gt,tarragona,equipviari
cua,ronda,nus,llobregat,esplugues,gt,trinitat,accident,afecta,b23,sant,just,desvern,esplugues,gt,ronda,equipviari
topada,camions,implicats,b142,altura,rotonda,polinya,cues,equipviari
cues,a2,sant,vicen√ß,dels,horts,gt,lleida,obres,b23,molins,‚Äô,ap7,papiol,gt,girona,ap7,b30,barberagt,sud,c58,sant,quirzegt,sud,ronda,sarria,roquetesgt,besos,cua,ronda,litoral,vila,olimpicagt,nus,llobregat,equipviari
1,carril,obert,c65,llagostera,retirar,vehicle,tingut,accident,precaucio,equipviari
c241d,normalitzada,tallada,sarral,retirar,vehicle,accidentat,mati,equipviari
retirat,camio,avariat,a2,abrera,gt,bcn,normalitza,circulacio,equipviari
c241d,tallada,sarral,conca,barbera,retirar,vehicle,tingut,accident,mati,equipviari
claravirgili,gracies,clara,
normalitzada,circulacio,tunels,garraf,c32,sitges,gt,bcn,equipviari
retencions,tunels,garraf,c32,sitges,pk,36345,gt,bcn,retiren,vehicles,implicats,accident,voral,precaucio,equipviari
1,carril,tallat,a2,abrera,pk,583,gt,bcn,causa,vehicle,avariat,retencions,esparreguera,precaucio,equipviari
r14,renfe,lleida,06,23,estacio,fran√ßa,09,49,circula,35,minuts,retard,equipviari
nii,reoberta,agullana,emporda,tallada,5,causa,accident,retencions,pontdemolins,gt,nord,equipviari
,ultimahora,detinguts,4,homes,acusats,7,assalts,violents,ap7,feien,passar,policies,assaltaven,autocaravanes,furgonetes,aparcades,arees,servei,mossos
tallada,5,matinada,nii,agullana,emporda,topada,frontal,vist,implicats,3,vehicles,desviaments,ap7,sud,entrada,jonquera,nord,acces,pont,molins,equipviari
n340,normalitzada,cervello,accident,equipviari
15,km,cua,a2,martorell,palleja,gt,bcn,retirats,vehicles,implicats,accident,alternativa,ap7,b23,equipviari
pas,alternatiu,n340,cervello,pk,1231,accident,retencions,2,sentits,equipviari
nii,tallada,agullana,emporda,2,sentits,causa,accident,desviaments,ap7,precaucio,equipviari
accident,a2,palleja,pk,601,gt,bcn,retencions,santandreudelabarca,precaucio,equipviari
nimediabroma,urgente,necesario
tambien,soy,poco,cansino,jajaja,alla,voy,cristinapardo
flavitabanana,
ponemos,muy,facil,vivir,momentazos,como,bertoromero,latemotivcero,publico,latemotiv,nuestra,parte,,
""
ohhhhhh,mamma
amigos,guisa,nueva,cuerda1936,tiempodespues,honor,vayacaradesecundario
never,forget,bertoromero,latemotivcero,movistarplus,elterrat
por,supuesto,gocemoslo,juntos,,gracias,naidesabenada,elterrat
haya,paz,
preguntas,dudas,reflexiones,nadiesabenada,naidesabenada,tambien,web
llena,orgullo,satisfaccion,recordarles,estrenado,nuevo,espectaculo,raulperez76,‚Äúraulidad,virtual,‚Äù,quiero,como,hijo,tengo,fundadas,esperanzas,puestas,el,feliz,navidad,elterrat
vuelve,maestro,cuerda,bien,asi,‚Äòtiempo,despues,‚Äô,nueva,pelicula,jose,luis,cuerda
temazo,gracias,jrhodespianist
banda,latemotivcero,mejores
programa,antivertigo,maravilloso,gracias
buenafuente,coronas,tarta,merengue,vanguardia,humor,latemotiv
hay,miles,ni√±os,ni√±as,caravanamigrante,situacion,critica,urgente,reciban,ayuda,sumo,savechildrenes,porque,solo,ni√±os,como,tuyos,como,nuestros,firmemos,para,apoyar,infanciaenpeligro
yasssssss
hoy,
humor,tiempos,indignacion
samante,para
muahahahaha
quedado,buena,tarde
hija,yo,recordamos,hoy,hay,naidesabenada,laser,las,1300,esperamos
facu,diaz,debut,grande
carnecrudaradio,
venga,risa
emocionant
las,emocionantes,grabaciones,descubren,como,rodaba,gran,circo,tve
ü§™
desde,tarde,hasta,domingo,mis,posters,estaran,utopiamarkets,ilustracion,parada,thefolioclub,que,ilusion
codigo,ppetico
politicos,virales,unitedunknown,latemotivcero,elterrat
danielguzman,cuenta,como,nadie,teatro
enhorabuena,compa√±ero,raulperez76,contentos,lado,nuevo,proyecto
habemus,nuevo,‚Å¶naidesabenada‚Å©
bieeeeen,gracias
""
raul,cimas,picuetin,esta,racha,placer,trabajar,lado,latemotivcero,elterrat
homenaje,banksy,
gracias,por,sue√±o
admiracion,por,se√±or,‚Å¶‚Å¶jordirocasan‚Å©,gran,articulo,‚Å¶pauarenos‚Å©,jordi,roca,cerebro,desconecto,desaprendi,hablar
acto,monstruoso,reduccionismo,usamos,termino,abuso,infantil,mucho,peor,eso,todos,debemos,hacer,mas,para,espa√±a,mundo,entero,sea,mas,segura,para,ni√±os,ni√±as,rompoelsilencio,elpais
tarque,roll,siiiiii,unoqueesfan
born,this,day,1895,happy,birthday,buster,keaton
hoy,rock,bueno,directo,carlos,tarque,latemotivcero,movistarplus,elterrat
¬ø,como,explicaria,groucho,marx,proces
muy,recomendable,eugenio,merecia,reportaje
