"encara,embus,ap7,sant,cugat,santa,perpetua,gt,girona,topada,camio,turismes,carril,tallat,aturats,santa,perpetua,gt,sud,afecta,b30",['TI']
"aturats,ap7,altura,barbera,sentit,girona,accident,santa,perpetuagt,girona",['TI']
"congestio,c58,cerdanyola,c33,montcada",['TI']
"embus,ap7,sant,cugat,santa,perpetua,gt,girona,accident,talla,cua,santa,perpetua,gt,sud,afecta,b30",['TI']
"retirats,vehicles,accidentats,ronda,esplugues,gt,trinitat,millora,circulacio",['TI']
"talgo,694,sevillaestacio,fran√ßa,acumula,retard,incidencia,tecnica,limitacions,velocitat",['TI']
"cua,ronda,esplugues,gt,trinitat,accident,afecta,b23,sant,just,desvern,esplugues,gt,ronda,retencions,ronda,litoral,zona,franca,can,tunis,gt,besos",['TI']
"continuen,cues,c17,llagosta,montcada,gt,bcn,obres,b24,cervello,n340,vallirana,gt,tarragona,c14,montblanc,pira,c65,llambilles,banda,banda",['TI']
"ara,aturats,ap7,sant,perpetua,barbera,rubi,papiol,gt,sud,b23,molins,papiol,gt,girona,c1413,antiga,papiol,sant,cugat,b30,barbera,gt,sud,cerdanyola,gt,nord,c58,sant,quirze,gt,sud",['TI']
"retencio,b22,entrada,t1,aeroport,prat,afecta,c31,sud,gt,tarragona",['TI']
"cua,ronda,nus,llobregat,esplugues,gt,trinitat,accident,afecta,b23,sant,just,desvern,esplugues,gt,ronda",['TI']
"topada,camions,implicats,b142,altura,rotonda,polinya,cues",['TI']
"cues,a2,sant,vicen√ß,dels,horts,gt,lleida,obres,b23,molins,ap7,papiol,gt,girona,ap7,b30,barberagt,sud,c58,sant,quirzegt,sud,ronda,sarria,roquetesgt,besos,cua,ronda,litoral,vila,olimpicagt,nus,llobregat",['TI']
"1,carril,obert,c65,llagostera,retirar,vehicle,tingut,accident,precaucio",['TI']
"c241d,tallada,sarral,conca,barbera,retirar,vehicle,tingut,accident,mati",['TI']
"claravirgili,gracies,clara,",['TI']
"retencions,tunels,garraf,c32,sitges,pk,36345,gt,bcn,retiren,vehicles,implicats,accident,voral,precaucio",['TI']
"1,carril,tallat,a2,abrera,pk,583,gt,bcn,causa,vehicle,avariat,retencions,esparreguera,precaucio",['TI']
"r14,renfe,lleida,06,23,estacio,fran√ßa,09,49,circula,35,minuts,retard",['TI']
"nii,reoberta,agullana,emporda,tallada,5,causa,accident,retencions,pontdemolins,gt,nord",['TI']
",ultimahora,detinguts,4,homes,acusats,7,assalts,violents,ap7,feien,passar,policies,assaltaven,autocaravanes,furgonetes,aparcades,arees,servei,mossos",['TI']
"tallada,5,matinada,nii,agullana,emporda,topada,frontal,vist,implicats,3,vehicles,desviaments,ap7,sud,entrada,jonquera,nord,acces,pont,molins",['TI']
"15,km,cua,a2,martorell,palleja,gt,bcn,retirats,vehicles,implicats,accident,alternativa,ap7,b23",['TI']
"pas,alternatiu,n340,cervello,pk,1231,accident,retencions,2,sentits",['TI']
"nii,tallada,agullana,emporda,2,sentits,causa,accident,desviaments,ap7,precaucio",['TI']
"accident,a2,palleja,pk,601,gt,bcn,retencions,santandreudelabarca,precaucio",['TI']
"taxisigualada,gracies,bon,dia,",['TI']
"millora,circulacio,queden,retencions,autopista,maresme,argentona,gt,mataro,vehicle,avariat,afecta,c60,b30,barbera,gt,sud,cerdanyola,gt,nord,ronda,cornella,gt,llobregat",['TI']
"cues,ap7,castellbisbal,gt,bcn,accident,c16,tunels,vallvidrera,floresta,gt,bcn",['TI']
"aturats,c58,terrassa,sant,quirzegt,bcn,accident,montcada,nus,trinitat,sortida,ripollet,sabadell,gt,terrassa",['TI']
"cues,c32,autopista,garraf,sant,boi,tunel,vallvidrera,gt,bcn",['TI']
"a,bcn,accident,pla√ßa,francesc,macia,cues,diagonal,banda,banda",['TI']
"retencions,aturats,ap7,martorell,c60,argentona,mataro,c1413,antiga,entrada,poblacio,sabadell",['TI']
"trams,retencions,ronda,sentit,besos,ronda,litoral,sentits,marxa",['TI']
"continuen,retencions,a2,palleja,sant,vicen√ß,dels,horts,gt,bcn,cornella,gt,lleida,b24,cervello,n340,vallirana,sentit,tarragona,vallirana,gt,bcn,c17,parets,valles,c352,granollers,ronda,oest,sabadell",['TI']
"ara,aturats,ap7,santa,perpetua,barbera,rubi,papiol,gt,sud,b30,barbera,gt,sud,cerdanyola,gt,nord,c58,terrassa,sant,quirze,montcada,b23,molins,papiol,gt,girona",['TI']
"tambe,retencions,ronda,litoral,zona,franca,can,tunis,gt,besos,passeig,sant,gervasi,accident,ronda,general,mitre,lesseps,avinguda,tibidabo",['TI']
"ara,cues,ap7,barbera,gt,sud,b30,barbera,gt,sud,cerdanyola,gt,nord,c58,sant,quirze,gt,sud,b24,cervello,n340,vallirana,sentit,tarragona,vallirana,gt,bcn,c352,granollers,ronda,oest,sabadell",['TI']
"continuen,cues,ronda,litoral,zona,franca,can,tunis,gt,besos,diagonal,parc,pedralbes,pla√ßa,reina,maria,cristina",['TI']
"encara,aturats,b23,molins,ap7,papiol,sentit,girona,a2,sant,feliu,sant,vicen√ß,dels,horts,sentit,lleida,obres,c25,riudellots,selva,obres,c58,sant,quirze,gt,sud,b24,cervello,n340,vallirana",['TI']
"talgo,llorca,sants,acumula,retard",['TI']
"accident,n340,entrada,vallirana,sentit,tarragona,cua,compacta,sentits",['TI']
"retencions,ronda,litoral,zona,franca,can,tunis,gt,besos",['TI']
"cues,a2,sant,vicen√ß,dels,horts,sentit,lleida,obres,c25,riudellots,selva,obres,de,b24,cervello,n340,vallirana,b30,barbera,gt,sud,cerdanyola,sentit,nord,1km,ap7,barbera,sentit,sud",['TI']
"a2,retencions,santvicen√ßdelshorts,palleja,gt,lleida,causa,obres,tallen,1,carril",['TI']
"1,carril,tallat,ap7,bascara,pk,39,gt,sud,causa,camio,avariat,precaucio",['TI']
"r3,rodalies,latordequerol,10,48,lhospitalet,14,02,acaba,recorregut,ripoll,incidencia,tecnica",['TI']
"ap7,camio,avariat,cerdanyola,gt,sud,ocupa,voral,dret,7,km,cua,santaperpetua,precaucio",['TI']
"vehicle,avariat,ap7,paretsdelvalles,pk,137,gt,girona,retencions,mollet,precaucio",['TI']
"tots,carrils,oberts,a2,santjoandespi,gt,bcn,accident,cua,palleja,sant,vicen√ß,dels,horts,obres,zona,precaucio",['TI']
"accident,a2,santjoandespi,pk,607,gt,bcn,1,carril,tallat,retencions,palleja,precaucio",['TI']
"aturats,autopista,c16,terrassa,centre,gt,manresa,causa,obres,precaucio",['TI']
"c17,restablerta,paretsdelvalles,gt,sud,retencions",['TI']
"encara,1,carril,obert,ap7,borrassa,pk,29,gt,sud,retiren,camio,avariat,precaucio",['TI']
"c17,retencions,lametlla√ßdeolvalles,parets,gt,sud,causa,accident,precaucio",['TI']
"accident,ap7,borrassa,pk,29,gt,sud,1,carril,obert,retencions",['TI']
",,retencions,,c58,sant,quirze,valles,montcada,reixac,punt,carril,tallat,avaria",['TI']
",,retencions,,c55,manresa,castellbell,vilar,,c32,sant,boi,llobregat,sentit,nord,,c33,montcada,reixac,direccio,barcelona,,b23,sant,joan,despi,direccio,barcelona",['TI']
",,retencions,c17,garriga,sentit,sud,ap7,vilafranca,penedes,sentit,nord,roca,valles,sentit,sud,a2,tarrega,bruc,direccio,barcelona,sils,sentit,sud,c14,ponts,c16,cercs",['TI']
"incidencia,resolta",['TI']
",,retencions,,c17,garriga,,ap7,santa,margarida,monjos,jonquera,,a2,tarrega,jorba,igualada,collbato,palleja,,c14,ponts,,c16,guardiola,bergueda,berga,,c55,castellgali,manresa",['TI']
",,retencions,accessos,barcelona,,c58,sant,quirze,montcada,reixac,,c32,sant,boi,gava,,c33,montcada,reixac,,pota,nord,santa,coloma,nus,trinitat,,b23,esplugues,llobregat",['TI']
",,atencio,1,carril,tallat,c32,gava,sentit,nord,accident,1,carril,tallat,c58,montcada,reixac,avaria",['TI']
",,retencions,,c17,3,km,garriga,sentit,sud",['TI']
",,alternatiu,n260,ribes,freser,accident",['TI']
",,retencions,,c17,ripoll,sentit,sud,,c55,castellgali,manresa,sentit,sud,,b20,sant,boi,llobregat,sentit,nord,,intensifica,transit,n340,vendrell,vallirana,sentit,nord",['TI']
",,retencions,,ap7,5,km,santa,margarida,monjos,jonquera,sentit,nord,,a2,2,km,cervera,4,collbato,sentit,nord,,c14,organya,,c16,baga,cercs",['TI']
",,atencio,restriccions,transit,vehicles,pesants,22h,,ap7,ma√ßanet,selva,vandellos,,c32,montgat,palafolls,barcelona,vendrell",['TI']
",,retencions,,ap7,jonquera,sentit,nord,,a2,2,km,cervera,sentit,barcelona",['TI']
",,accident,gi552,sant,feliu,buixalleu,dona,alternatiu,tram",['TI']
",,important,carril,busvao,c58,obert,vehicles,camions",['TI']
",,retencions,,c14,organya,sentit,sud,,c16,riu,cerdanya,baga,cercs,sentit,sud,,c17,ripoll,sentit,sud",['TI']
",congestions,c17,centelles,direccio,barcelona",['TI']
"retencions,c16,altura,cercs,sentit,sud,barcelona",['TI']
"circulacio,congestionada,c16,altura,urus,sentit,sud,tunel,cadi",['TI']
",circulacio,retencions,c35,santa,maria,palautordera,causa,accident,sentits,marxa,obert,alternatiu",['TI']
",acte,esportiu,provoquen,congestions,c16,artesa,segre,sentits,marxa",['TI']
",retencions,c55,carretera,duu,montserrat,sentits,marxa",['TI']
"‚Äç‚Äç,tmbinfo,recorda,diumenge,39a,cursa,popular,sant,marti,linies,busbcn,veuran,afectades",['TI']
"‚Äç‚Äç,tmbinfo,recorda,diumenge,fa,marato,prat,llobregat,afectant,linies,21,65,busbcn",['TI']
"tmbinfo,recorda,5,novembre,6,mesos,aproximadament,funicularmontjuic,tancat,revisio,tecnica",['TI']
"mes,retencions,b24,altura,vallirana,sentits,marxa",['TI']
"retencions,n260,sant,joan,abadesses,sentits,marxa,ap7,roca,valles,direccio,girona,c17,parets,valles,direccio,vic,n150,carretera,interurbana,sabadell,c58,barbera,valles,direccio,barcelona",['TI']
"atencio,retard,euromed,fa,trajecte,alacant,barcelona",['TI']
"mes,retencions,c55,castellgali,direccio,manresa,c58,terrassa,direccio,manresa",['TI']
"retencions,interior,barcelona,ronda,litoral,nus,trinitat",['TI']
"retencions,ap7,barbera,valles,sentit,sud,c58,sant,quirze,valles,sentit,barcelona,a2,sant,joan,despi,cornella,llobregat,sentit,barcelona",['TI']
"retencions,ap7,barbera,valles,sentit,sud,c33,llagosta,sentits,c58,sant,quirze,barbera,sentit,barcelona,ronda,litoral,sentits,altura,besos,ronda,meridiana,sentit,llobregat",['TI']
",carrils,oberts,c33,montcada,reixac,incidencia,solucionada",['TI']
"retencions,c33,llagosta,sentit,nord,b24,cervello,enlla√ß,n340",['TI']
"atencio,afectacions,col.laterals,trens,linia,r11,rodalies,incidencia,tecnica",['TI']
",1,carril,tallat,c33,montcada,reixac,sentit,granollers",['TI']
"atencio,incidencies,linia,r11,rodalies",['TI']
"cues,n145,seuduana,gt,andorra,n152,puigcerda,gt,b24,cervello,gt,sud,c58,sant,quirze,gt,bcn,b20,tunel,santa,coloma,‚Äì,nus,trinitat,gt,bcn,c17,parets,valles,gt,bcn,ap7,montmelo,‚Äì,parets,gt,sud",['TI']
"cues,n152,accedir,puigcerda,2,sentits",['TI']
"en,directe,roda,premsa,consell,ministres",['TI']
"üßü‚Äçcues,accessos,parc,port,aventura,vilaseca,autovia,a7,vilaseca,gt,nord,t319,accedir,parc,gt,nord",['TI']
"accident,c66,cornelladelterri,pk,42,circula,vial,paral.lel,retencions,puntuals,precaucio",['TI']
"c58,retencions,santquirzedelvalles,gt,bcn,causa,obres",['TI']
"aturats,c17,molletdelvalles,pk,11,gt,bcn,causa,accident,precaucio",['TI']
"accident,n141e,bescano,girones,fa,alternatiu,precaucio",['TI']
"a,causa,neu,tallada,bv4024,acces,coll,pal,bergueda",['TI']
"es,mante,transit,intens,c16,llobregat,berga,cercs,gt,tunel,cadi,c14,organya",['TI']
"ara,cues,c16,llobregat,rosal,‚Äì,cercs,bergueda,gt,tunel,cadi,c14,bassella,oliana,organya,gt,urgell,c17,llosses,ripoll,gt,nord",['TI']
"restablerta,circulacio,r1,rodalies,blanes,ma√ßanet,interrompuda,caiguda,arbre,catenaria",['TI']
"cues,ap7,vilanova,valles,peatge,roca,gt,girona,c17,llosses,ripoll,gt,nord",['TI']
"taxisigualada,radioigualada,transit,gracies,bon,dia,",['TI']
"comencen,retencions,destinacions,pont,a2,martorellabrera,gt,lleida,c55,castellbell,vilars,vicen√ß,castellet,gt,nord,c16,rosal,bergueda,gt,tunel,cadi,c14,oliana,gt,n145,duana,gt,andorra",['TI']
"c14,reoberta,pinelldesolsones,accident,retencions",['TI']
"c14,tallada,pinelldesolsones,pk,129,2,sentits,causa,topada,3,vehicles,precaucio",['TI']
"5,carreteres,pirineu,prepirineu,afectades,nevades,tancat,acces,coll,pal,bergueda",['TI']
"interromput,trens,renfe,rodalies,blanes,ma√ßanet,arbre,caigut,catenaria,subministrament,electric,gestiona,servei,alternatiu,carretera,afecta,moment,r1,maresme",['TI']
"accident,acces,ronda,autopistes,c58,c33,gt,llobregat,vehicle,bolcat,treballen,retirarlo,tallada,incorporacio,alternatives,avinguda,meridianario,janeiropg,valldaura,ronda,litoral,sortida,1",['TI']
"‚Ñπ,18h,sortit,area,metropolitana,barcelona,94548,vehicles,18,dels,510000,previstos,totssants,operaciosortida",['TI']
"atencio,circuleu,colladadetoses,neu,carretera,cotxes,equipats,vingueu,cal√ßats,toses,gi4016,equipviari,transit",['TI']
",retencions,a2,sant,feliu,sant,joan,despi,,bcn,accident,1,carril,tallat,precaucio,transita2",['TI']
"‚Äç‚Äç,cursaamistat2018,afectara,gran,quantitat,linies,busbcn,planeja,ruta,consultant,detalls,",['TI']
"circulacio,retencions,retencio,b23,124,esplugues,llobregat,124,sentit,barcelona,124,punt,km,02,124,16,17",['TI']
"15,50h,tallada,ctra,b500,santfost,motiu,,accident,transit,policialocal,mossos,equipviari,protecciocivil,ajsantfost",['TI']
"transit,demana,extremar,precaucio,pont,ates,increment,mortalitat,21,registra,dies,festius",['TI']
"circulacio,congestio,retencio,b20,124,barcelona,124,sentit,nord,nus,trinitat,124,punt,km,154,124,15,22",['TI']
"circulacio,retencions,retencio,b23,124,papiol,124,sentit,oest,enlla√ß,ap7,124,punt,km,1512,124,15,29",['TI']
"pas,alternatiu,c1413a,santquirzedelvalles,pk,19,causa,esllavissades,retencions,2,sentits,precaucio",['TI']
"2,carrils,tallats,a2,cornella,pk,609,gt,bcn,accident,retencions,a2,sant,feliu,cornella,gt,bcn,b23,molins,sant,feliu,gt,enlla√ß,a2",['TI']
"1,carril,obert,autopista,maresme,c32,canetdemar,pk,114,gt,bcn,causa,accident,precaucio,foto,infoautopista",['TI']
",ultimahora,desconvoquen,marxes,lentes,dels,transortistes,previstes,tarda,demarcacions,tarragona,lleida",['TI']
"c66,tallada,lapera,emporda,pk,195,2,sentits,causa,accident",['TI']
"es,restableix,trens,r1,rg1,renfe,rodalies,arenys,pineda,afectats,incidencia,subministrament,electric",['TI']
"interromput,trens,renfe,rodalies,arenys,pinedademar,incidencia,subministrament,electric,afecta,linia,r1,maresme,rg1,portbou,hospitalet,pel,litoral",['TI']
"vehicle,avariat,a2,santfeliudellobregat,pk,605,gt,bcn,retencions,intermitents,castellbisbal,accident,sant,vicen√ß,dels,horts,gt,bcn,precaucio",['TI']
"accident,a2,santvicen√ßdelshorts,pk,601,gt,bcn,1,carril,tallat,retencions,castellbisbal,precaucio",['TI']
"encara,llargues,cues,principals,accessos,bcn,rondes,causa,pluja,volum,transit,incidencies,precaucio",['TI']
"tots,carrils,oberts,c59,santaperpetuademogoda,gt,nord,topada,multiple,mati,retencions,c59,ap7,gt",['TI']
"1,carril,obert,a2,tarrega,gt,lleida,causa,accident,tallat,minuts",['TI']
"el,fum,incendi,port,visible,ronda,litoral,zona,portuaria,afecta,moment,transit,precaucio",['TI']
"pas,alternatiu,c31,costes,garraf,pk,174,nucli,garraf,terme,municipal,sitges,causa,accident,retencions,2,sentits,precaucio",['TI']
"el,fum,incendi,visible,ronda,litoral,zona,portuaria,bufa,direccio,precaucio",['TI']
"1,carril,obert,c59,santaperpetuademogoda,cimvalles,gt,nord,topada,multiple,tallava,cal√ßada,gt,caldes",['TI']
"c59,tallada,santaperpetuademogoda,costat,cimvalles,gt,nord,causa,topada,multiple,retencions,lallagosta,ap7,gt,girona",['TI']
"‚Äçbon,dia,precaucio,pluja,augmenta,retencions,area,barcelona,cua,c59,santaperpetuademogoda,cimvalles,gt,nord,possible,incidencia",['TI']
"encara,queda,cua,b24,cervello,n340,vallirana,vendrell,neteja,fa,alternatiu,aturats,sentit,sud",['TI']
"encara,retencions,c32,sant,boi,sentit,castelldefels,accident,fa,estona",['TI']
"accident,ronda,general,mitre,carrer,torres,cues",['TI']
"retirat,camio,avariat,ap7,sant,cugat,sentit,nord",['TI']
"millora,circulacio,costes,garraf,c31,sitges,sentit,sud,tarragona",['TI']
"cua,compacta,a2,bruc,gt,lleida,camio,avariat,cinturo,litoral,sant,joan,despi,banda,banda",['TI']
"encara,cues,b30,barbera,sentit,sud,cerdanyola,gt,nord,ap7,sant,cugat,barbera,gt,nord,a2,cornella,banda,banda,c58,terrassa,sant,quirze,gt,c59,palausolita,plegamans,caldes,montbui,sentit,nord",['TI']
"accident,roger,lluria,arago,turisme,encastat,cafeteria,cues,foto,soler",['TI']
"cua,compacta,a2,bruc,gt,lleida",['TI']
"ap7,santa,perpetua,barbera,rubi,papiolgt,sud,papiol,sant,cugat,avariat,barbera,gt,nord",['TI']
"embus,costes,garraf,c31,sitges,sentit,sud,tarragona",['TI']
"cua,n240,montblanc,gt,valls,accident",['TI']
"encara,aturats,n340,vallirana,gt,vilafranca,gt,sud,vendrell,repara",['TI']
"ap7,mollet,accident,santa,perpetua,barbera,rubi,papiol,gt,sud,sant,cugat,gt,nord,b23,sant,feliu,diagonal,molins,papiol,gt,girona,tunel,vallvidrera,gt,bcn,c32,sant,boi,sentits",['TI']
"aturats,c58,sant,quirze,montcada,gt,bcn,sort,ripollet,gt,terrassa,c17,parets,valles,banda,banda,afecta,sortida,ap7,c14,conca,barbera,c1413antiga,entrada,poblacio,sabadell,c65",['TI']
"retencions,ap7,santa,perpetua,barbera,rubi,papiol,gt,sud,sant,cugat,gt,nord,b30,barbera,sentit,sud,cerdanyola,gt,nord,b23,sant,joan,despi,diagonal,molins,papiol,gt,girona",['TI']
"aturats,ronda,cornella,valldaura,gt,besos,ronda,litoral,zona,franca,ciutat,vella,gt,besos",['TI']
"a,bcn,cues,llargues,diagonal,b23,pla√ßa,reina,maria,cristina,ronda,general,mitre,pla√ßa,reina,maria,cristina,lesseps",['TI']
"cua,b23,sant,joan,despi,diagonal",['TI']
"cues,ap7,santa,perpetua,barbera,gt,sud,b30,barbera,sentit,sud,cerdanyola,gt,nord,c58,sant,quirze,gt,bcn,c17,parets,valles",['TI']
"pas,alternatiu,n340,vendrell,poder,reparar,retencions,vallirana,gt,bcn",['TI']
"embus,ronda,esplugues,nus,trinitat,obert,carrils,tallats,afecta,b23,esplugues,diagonal",['TI']
"via,evitar,embus,ronda,esplugues,nus,trinitat,accident,talla,carrils,afecta,b23,esplugues,diagonal",['TI']
"retencions,c58,sant,quirze,gt,bcn,b30,barbera,sentit,sud,cerdanyola,gt,nord,b24,cervello,n340,vallirana,c12,tortosa,obres,c14,conca,barbera",['TI']
"encara,cua,ronda,hebron,sentit,llobregat,topada,talla,carril,afecta,pota,nord,santa,coloma,gramenet,,aturat,esplugues,accident,talla,carrils",['TI']
"camio,avariat,a2,collbato,sentit,lleida",['TI']
"tallada,n141,bossost,camio,quedat,travessat,part,francesa",['TI']
"accident,ronda,hebron,sentit,llobregat,aturats,canyelles,hebron,tambe,aturat,horta,accident,esplugues,sarria",['TI']
"accident,ronda,hebron,sentit,llobregat,cues",['TI']
"pas,alternatiu,c55,monistrol,montserrat,topada,vehicles,cues,sentit,nord",['TI']
"cues,c17,montcada,sentit,bcn,obres,c25,campllong,gt,obres,c12,tortosa,gt,obres,c1413,antiga,entrada,poblacio,sabadell",['TI']
"encara,2,carrils,tallats,ap7,barberadelvalles,pk,146,gt,sud,retencions,mollet,barbera,gt,sud,bellaterra,barbera,gt,nord",['TI']
"barryexcellence,gracies,bon,dia,",['TI']
"ronda,retencions,diagonal,vallcarca,gt,trinitat,causa,accident,precaucio",['TI']
"ap7,retencions,santaperpetuademogoda,barbera,gt,sud,causa,accident,foto,infoautopista",['TI']
"a,causa,nevades,calen,cadenes,travessar,coll,creueta,bv4031,castellardenhug,molina",['TI']
"nou,accident,ap7,santcugatdelvalles,pk,159,gt,girona,retencions,ap7,papiol,sant,cugat,gt,nord,b23,sant,feliu,papiol,gt,enlla√ß,ap7",['TI']
"l,avaria,comboi,sentit,contrari,afectat,r13,renfe,lleida,07,15,estacio,fran√ßa,09,54,circula,30,retard",['TI']
"r13,renfe,estacio,fran√ßa,06,47,lleida,09,58,circula,30,minuts,retard,causa,avaria,mantingut,aturat,roda,bera",['TI']
"accident,ap7,castellbisbal,pk,166,gt,girona,retencions,resolts,accidents,mati,ap7",['TI']
"tercer,accident,mati,ap7,papiol,gt,girona,retencions,ap7,castellbisbal,papiol,gt,nord,b23,santfeliu,papiol,gt,girona",['TI']
"martixllava,gracies,alertarnos,bon,dia,",['TI']
"ap7,retencions,mollet,santaperpetuademogoda,gt,sud,causa,accident,precaucio",['TI']
"2,accidents,ap7,ma√ßanetdelaselva,gt,sud,1,carril,obert,retencions,ronda,tram,c32,esplugues,gt,llobregat,1,carril,tallat",['TI']
"un,carril,tallat,ap2,bisbal,penedes,gt,saragossa,arbre,caigut",['TI']
"un,carril,tallat,ap7,montroig,campgt,valencia,arbre,caigut",['TI']
"encara,cues,c58,cerdanyola,montcada,montcada,gt,terrassa,accident,ap7,bellaterra,sant,cugat,gt,sud,fa,estona,cremat,vehicle",['TI']
"aturats,c58,terrassa,sabadell,gt,sud,montcada,c60,argentona,gt,mataro,nii,masnou,accident,vilassar,c1413,antiga,entrada,poblacio,sabadell",['TI']
"cues,c17,lli√ßa,parets,valles,tunel,vallvidreragt,bcn,pota,sud,cornella,c32,sant,boi,sentit,castelldefels,topada,retencions,viladecans,sant,boigt,bcn,afecta,ronda,pedralbes,nus,llobregat",['TI']
"cues,ap7,santa,perpetua,barbera,4km,sant,cugat,accident,gt,sud,sant,cugat,gt,nord,b30,barbera,sentit,sud,cerdanyola,sentit,nord,b23,molins,papiol,gt,girona,esplugues,diagonal",['TI']
"tambe,calen,cadenes,bv4031,castellar,hug,toses",['TI']
"accident,ronda,sentit,llobregat,cua,pota,nord,santa,coloma,gramenet",['TI']
"consequencia,neu,calen,cadenes,c28,passar,port,bonaigua",['TI']
"accident,nii,masnou,cues",['TI']
"retencions,c35,sant,celoni,c60,argentona,gt,mataro",['TI']
"c17,gurb,gt,sud,obres,lli√ßa,parets,valles,gt,sud,parets,gt,vic,c58,terrassa,sant,quirze,gt,sud",['TI']
"cues,ap7,santa,perpetua,barbera,sant,cugat,papiol,gt,sud,b30,barbera,sentit,sud,cerdanyola,sentit,nord,b23,molins,papiol,gt,girona",['TI']
"aturats,pota,sud,cornella,c32,sant,boi,sentit,castelldefels,topada",['TI']
"retencions,,cua,a2,odena,gt,lleida,accident,camio,implicat,retencions,c12,tortosa,obres,b30,barbera,sentit,sud,cerdanyola,sentit,nord,nii,girona",['TI']
"talgo,697,estacio,fran√ßasevilla,acumula,20,minuts,retard",['TI']
"euromed,alacant,estacio,fran√ßa,acumula,retard",['TI']
"cinturo,litoral,cornella,sant,joan,despi,gt,lleida,vehicle,aturat",['TI']
"aturats,b24,cervello,n340,vallirana,,c12,tortosa,obres,c17,masies,voltrega,gurb,sentit,sud,obres",['TI']
"cua,a2,castelloli,odena,gt,lleida,accident,accident,c58,torre,baro,gt,terrassa,carril,tallat,afecta,ronda,litoral,sant,adria,besos,pota,nord,santa,coloma,gramenet",['TI']
"tren,r16,tortosa,11,07,estacio,fran√ßa,13,54,acumula,45,minuts,retard",['TI']
"retencions,c12,tortosa,obres,aturades,c17,gurb,sentit,sud",['TI']
",cua,a2,castelloli,odena,gt,lleida,accident,han,retirat,vehicles,accidentats,c58,torre,baro,sentit,terrassa,queden,retencions,ronda,litoral,sant,adria,gt,besos",['TI']
"‚Äçuna,manifestacio,bombers,pel,centre,bcn,talla,rambla,obliga,desviar,linies,busbcn,problemes,circular,zona",['TI']
"jsolerdb,gracies,",['TI']
",r16,tortosa,11,07,estacio,fran√ßa,13,54,aturat,aldea,amposta,causa,incidencia,tecnica",['TI']
"retencions,c17,aiguafreda,centelles,gt,vic,causa,obres",['TI']
"comboi,r13,renfe,avariat,retrocedeix,circula,1,25,retard",['TI']
"una,incidencia,senyalitzacio,automatica,adifes,calella,pineda,provoca,retards,15,r1,rodalies,moment,afecta,rg1",['TI']
"comboi,r13,renfe,avariat,rodadebara",['TI']
"encara,llargues,cues,rondes,litoral,r,litoral,bon,pastor,barceloneta,gt,llobregat,mercabarna,can,tunis,enlla√ß,gran,nus,trinitat,r,julia,pedralbes,gt,llobregat,cornella,pedralbes,gt,trinitat",['TI']
"cues,ap7,montornesparetssanta,perpetuabarberasant,cugatel,papiol,gt,sud,s,cugat,gt,girona",['TI']
"cues,accessos,nord,bcn,c58,terrassa,estbadiamontcadanus,trinitat,gt,bcn,ntripollet,gt,terrassa,c16,rubiscugatvalldoreixpeatgeboca,nord,tunel,vallvidrera,b20,scolomanus,trinitat,c31,badalona",['TI']
"cues,habituals,principals,accessos,bcn,pel,sud,a2,castellbisbalpallejasvicen√ß,hortscornella,gt,bcn,martorell,gt,lleida,b23,molins,reidiagonal,gt,bcn,molinspapiol,gt,girona,b24,palleja,gt,a2,c32,gavasant,boi,c31,prat",['TI']
"‚Äçpossibilitat,carrers,tallats,ciutat,vella,bcn,pel,macrooperatiu,dels,mossos,precaucio",['TI']
"‚Äçbon,dia,comen√ßa,intensificar,circulacio,carreteres,catalanes,moment,consten,incidencies",['TI']
",retencions,c17,lli√ßa,parets,valles,direccio,barcelona",['TI']
",cal√ßada,tallada,c58,atura,bauma,castellbell,vilar,causa,accident",['TI']
",accident,provoca,retencions,c58,sant,quirze,valles,sabadell,direccio,barcelona",['TI']
",retencions,a2,altura,bruc,sentits,marxa",['TI']
",accident,c17,altura,montcada,reixac,dificulta,circulacio",['TI']
",circulacio,intensa,c55,monistrol,montserrat,sentit,nord,manresa",['TI']
",retencions,c31,ventallo,sentits,marxa,obert,alternatiu",['TI']
",cal√ßada,tallada,c37,querol,sentits,carretera,pont,armenteraral.li,catalunya,costa,daurada",['TI']
",accident,c58,altura,nus,trinitat,sentit,barcelona,bifurcacio,avinguda,meridiana",['TI']
",circulacio,fluida,c60,altura,orrius,direccio,granollers",['TI']
",aturades,a2,tunel,bruc,causa,accident,sentit,nord",['TI']
",retencions,c58,torre,baro,cerdanyola,valles,direccio,sabadell,circulacio,intensa,torre,baro,direccio,barcelona",['TI']
"circulacio,fluida,xarxa,viaria,catalana,queden,retencions,b24,cervello,n340,vallirana",['TI']
"r3,querol,18,52,hospitalet,llobregat,22,14,acumula,35,minuts,demora",['TI']
"encara,cua,ap7,gelida,subirats,gt,sud",['TI']
"continua,embus,ap7,subirats,granada,sentit,sud",['TI']
"encara,aturats,ap7,sant,sadurni,anoia,vilafranca,penedes,gt,sud,foto,aguilera",['TI']
"encara,10,km,cua,ap7,sant,sadurni,anoia,vilafranca,penedes,gt,sud,carrils,oberts,topada,camio,materies,perilloses,turisme,camio,retirat",['TI']
"jordiaguilerac,transit,gracies,jordi,explicant,equip,viari",['TI']
"hi,topada,camio,materies,perilloses,turisme,ap7,vilafranca,penedes,gt,sud,obligat,tallar,pogut,retirar,camio,cisterna,congestio",['TI']
"embus,ap7,vilafranca,penedes,gt,sud,accident,foto,vela",['TI']
"continua,congestio,5,km,7,vilafranca,penedes,gt,sud,accident,tallada,autopista,recomana,sortida,27",['TI']
"embus,c44,vandellos,hospitalet,infant,entrada,poblacio,accident,afecta,tram,a7",['TI']
"retencions,ap7,sant,cugat,barbera,gt,nord,santa,perpetua,barbera,vilafranca,penedes,gt,sud",['TI']
"cua,ronda,litoral,sant,adria,bon,pastor,gt,besos,accident,bon,pastor,gt",['TI']
"ara,cues,c58,sant,quirzegt,sud,accident,ap7,cerdanyola,barbera,gt,nord,b24,cervello,n340,vallirana,c17,parets,valles,c55,sant,vicen√ß,castellet,gt,castellgali,c65,banda,banda",['TI']
"ara,cua,compacta,ronda,esplugues,vallcarca,sentit,besos",['TI']
"retirat,avariat,hospitalet",['TI']
"r3,hospitalet,llobregat,14,53,querol,18,06,acumula,30,minuts,demora",['TI']
"accident,ronda,litoral,montjuic,gt,cua,ciutat,vella,sentit,llobregat,zona,franca,sentit,besos,recordar,mante,tallada,tv7411,ribaroja,ebre,motiu,ralli,catalunya,costa,daurada",['TI']
"tambe,aturats,c17,parets,valles,afecta,sortida,ap7,c55,sant,vicen√ß,castellet,gt,castellgali,manresa,gt,castellgali,hi,obres,castellgali,c65,c31,castellplatja,aro,gt,platja,aro",['TI']
"ara,cues,cues,ap7,santa,perpetua,barbera,sant,cugat,gt,sud,b23,molins,papiol,sentit,girona,c58,sant,quirzelt,gt,montcada,gt,pota,nord,santa,coloma,gramenet,gt,b24,cervello,n340,vallirana",['TI']
"retards,poden,superar,15,minuts,sentit,nord,linies,r1,r3,r4,r12,avaria,hospitalet",['TI']
"cues,rondes,cua,ronda,litoral,forum,port,olimpic,gt,accident,zona,franca,ciutat,vella,gt,besos,ronda,esplugues,vallcarca,horta,gt,besos",['TI']
"aturats,c17,parets,valles,afecta,sortida,ap7,cues,n420,gandesa,c55,sant,vicen√ß,castellet,gt,castellgali,nii,calella,pineda",['TI']
"cues,cues,ap7,santa,perpetua,barbera,rubi,papiol,gt,sud,b23,molins,papiol,sentit,girona,c58,sant,quirzelt,gt,montcada,gt,b24,cervello,n340,vallirana",['TI']
"continua,cua,a2,caldes,malavella,gt,bcn,accident,multiple",['TI']
"embus,n420,gandesa",['TI']
"tambe,retencions,b24,cervello,n340,vallirana,c58,sant,quirze,badia,c17,parets,valles,ronda,litoral,can,tunis,gt,besos",['TI']
"continua,tallada,a2,caldes,malavella,gt,bcn,accident,multiple,cua",['TI']
"aturats,c58,montcada,gt,terrassa,vehicle,avariat,afecta,ronda,litoral,sant,adria,pota,nord,santa,coloma,gramenet",['TI']
"vehicle,avariat,c58,torre,baro,gt,terrassa,talla,1,carril,retencions,c58,nus,trinitattorre,baro,ronda,litoral,bon,pastornus,trinitat",['TI']
"autovia,a2,tallada,caldesdemalavella,pk,698,2,sentits,causa,topada,multiple,desviaments,gi555,c63,precaucio",['TI']
"ronda,litoral,retencions,santadriadebesos,nus,trinitat,accident,ronda,santacoloma,col.lisio,c58,sortida,pel,nus,trinitat,gt,terrassa",['TI']
"afectacions,pel,ralli,catalunyacosta,daurada,n420,gandesa,c44,benissanet,enlla√ß,n420",['TI']
"tots,carrils,oberts,c58,sabadell,nord,gt,terrassa,accident,retencions,c58,ap7,barbera,gt,sud",['TI']
"c58,accident,sortida,sabadell,nord,gt,terrassa,1,carril,tallat,retencions,c58,cerdanyola,sabadell,nord,gt,terrassa,ap7,barbera,valles,gt,sud,enlla√ß,c58",['TI']
"c66,alternatiu,santjuliaderamis,pk,36,causa,obres,retencions,2,sentits,ap7,girona,nord,gt,fran√ßa",['TI']
"tots,carrils,oberts,a2,palleja,accident",['TI']
"autovia,a2,tallada,granyanella,pk,513,gt,bcn,causa,accident,desvia,circulacio,cal√ßada,lateral,precaucio",['TI']
"1,carril,tallat,c32,nord,autopista,maresme,mataro,gt,bcn,causa,accident,3,km,cua",['TI']
"retards,15,r2,r14,r15,r16,renfe,rodalies,gt,sud,incidencia,estacio,elprat,afecta,instal.lacions,adifes",['TI']
"accident,autovia,a2,palleja,gt,bcn,1,carril,tallat,retencions,martorell,precaucio",['TI']
"‚Äçbon,dia,aturats,ronda,litoral,nus,llobregat,mercabarna,gt,trinitat,causa,accident,talla,1,carril,precaucio",['TI']
"ara,circulacio,fluida,xarxa,viaria,catalana,queda,retencio,b24,cervello,n340,vallirana",['TI']
"retirat,vehicle,avariat,ap7,papiol,sentit,sud,millora,circulacio",['TI']
"restablert,servei,linies,tram,frequencies,alterades,linia,t4",['TI']
"r3,carol,17,13,hospitalet,20,32,acumula,40,minuts,demora",['TI']
"continua,congestio,ap7,mollet,barbera,8,km,sant,cugat,papiol,gt,sud,papiol,vehicle,avariat",['TI']
"consequencia,accident,servei,parades,maresme,port,forum,tramvia",['TI']
"trams,retencions,ronda,sentit,besos,ronda,litoral,sentits",['TI']
"r3,hospitalet,14,53,querol,18,06,acumula,25,minuts,retard",['TI']
"aturats,c1413,antiga,entrada,poblacio,sabadell,ronda,sud,granollers,accident,n340,vallirana,gt,sud,cinturo,litoral,cornella,gt,lleida,c32,sant,boi,gt,castelldefels,c60,argentona,gt,mataro",['TI']
"tambe,retencions,cua,c17,tona,gt,bcn,accident,tram,obres,c17de,granollers,parets,valles,gt,c58,terrassa,sant,quirze,gt,sud,tunel,vallvidrera,peatge,boca,nord",['TI']
"ara,cues,ap7,mollet,barbera,sant,cugat,papiol,gt,sud,b30,barbera,sentit,sud,cerdanyola,sentit,nord,b23,molins,papiol,gt,girona,esplugues,diagonal",['TI']
"retirats,vehicles,accidentats,b30,cerdanyola,sentit,nord",['TI']
"cua,c17,tona,gt,bcn,accident,tram,obres",['TI']
"aturats,ap7,santa,perpetua,barbera,gt,sud,granollers,gt,nord,n340,vallirana,gt",['TI']
"tambe,cues,ap7,b30,barbera,sentit,sud,c58,sant,quirze,gt,sud,c35,sant,celoni,gt,sud,ronda,sud,granollers,ronda,litoral,zona,franca,montjuic,sentit,besos,extrem,sud,gran,hospitalet,pla√ßa,espanya",['TI']
"cua,b30,cerdanyola,sentit,nord,causa,accident",['TI']
"pas,alternatiu,c243,antiga,granada,penedes,topada,vehicles",['TI']
"cues,ronda,litoral,can,tunis,gt,besos,embus,extrem,sud,gran,hospitalet,pla√ßa,espanya",['TI']
"retencions,ap7,mollet,sentit,sud,c17,parets,sentit,sud,ap7,c58,sant,quirze,badia,gt,sud,c35,sant,celoni,gt,montseny,b24,cervello,n340,vallirana",['TI']
"retencions,ronda,esplugues,diagonal,sentit,besos,accident",['TI']
"accident,ap7,barberadelvalles,gt,girona,retencions,bellaterra,precaucio",['TI']
"es,mante,carril,obert,tunels,garraf,c32,santperederibes,pk,295,gt,sud,mati,topat,camio,turisme,passatger,davanter,cotxe,resultat,ferit,critic",['TI']
"1,carril,obert,tunels,garraf,c32,santperederibes,pk,295,gt,sud,topada,camioturisme,1,ferit,greu,informacions",['TI']
"tallada,c32,tunels,garraf,santperederibes,pk,295,gt,sud,topada,camioturisme,1,persona,ferida,precaucio",['TI']
"ap7,retencions,bellaterra,barbera,gt,girona,causa,vehicle,avariat,talla,1,carril",['TI']
"encara,llargues,cues,accident,mati,b20,sud,cornella,gt,bcn,c32,b20,gava,prat,c31,gava,prat",['TI']
"tots,carrils,oberts,ap7,montornesdelvalles,gt,sud,accident,cues,ap7,rocamontmelo,intermitent,c60,argentonala,roca,gt,ap7",['TI']
"interromput,trens,renfe,rodalies,estacio,mollet,santfost,causa,atropellament,persona,entrada,estacio,afecta,r2,r11",['TI']
"r3,rodalies,hospitalet,llobregat,06,14,querol,09,40,circula,40,retard",['TI']
"per,accident,b20,sud,cornella,cues,c32,b20,sud,castelldefels,cornella,gt,bcn,c31,castelldefels,prat,gt,bcn,b22,prat,anar,c31,b20,gt,bcn",['TI']
"accident,b20,sud,cornella,gt,bcn,cua,autopista,garraf,castelldefels,cornella,gt,bcn,precaucio",['TI']
"merilin1979,gracies,bon,dia,",['TI']
"cues,habituals,principals,accessos,bcn,2,incidencies,accident,ap7,montornesdelvalles,pk,135,gt,sud,cua,c32,b20,sud,gavael,prat,possible,incidencia,b20,gt,bcn",['TI']
"a,circulacio,fluida,xarxa,viaria,pais,mante,alternatiu,c162,urus,tarda,bolcat,trailer",['TI']
"retencions,ronda,horta,pedralbes,gt,accident",['TI']
"cua,c17,canovelles,coll,manya,sentit,barcelona,accident",['TI']
"a,c162,urus,bolcat,trailer,carregat,palets,coto,foto,bombers",['TI']
"retencions,c1413,antiga,entrada,poblacio,sabadell,c60,argentona,gt,mataro,nii,caldes,malavella,sentit,sud",['TI']
"pas,alternatiu,n340,sant,carles,rapita,topada,vehicles,cua",['TI']
"complicada,circulacio,area,metropolitana,bcn,cues,llargues,b23,c58,pota,nord,accedir,ciutat,congestio,ronda,litoral",['TI']
"trams,retencions,rondes,barcelona,ronda,sentit,besos,ronda,litoral,sentits,retencions,llargues,diagonal,entrada,barcelona,b23,altura,illa,diagonal",['TI']
"retencions,c32,sant,boi,gt,bcn,col.lisio,aturades,sentit,contrari",['TI']
"trams,retencions,nii,calella,pineda,gt,nord,accident",['TI']
"retirats,vehicles,accidentat,diagonal,club,polo",['TI']
"retencions,ap7,santa,perpetua,barbera,rubi,papiol,gt,sud,b30,barbera,gt,sud,cerdanyola,gt,nord,b23,molins,papiol,gt,girona,esplugues,diagonal,cinturo,litoral,cornella,c17,lli√ßa,parets",['TI']
"cues,,c16,viladecavalls,gt,sud,c58,terrassa,sant,quirze,gt,sud,obres,a2,martorell,castellbisbal,gt,sud,obres",['TI']
"cua,a2,castellbisbal,gt,sud,obres",['TI']
"a,bcn,retencions,diagonal,b23,pla√ßa,reina,maria,cristina,accident,club,polo",['TI']
"retirats,vehicles,accidentats,ronda,litoral,montjuic,sentit",['TI']
"aturats,2,km,ap7,sortida,girona,oest,km,585,sentit,fran√ßa,moto,terra",['TI']
"retards,linies,r2,r2nord,avaria,sistema,senyalitzacio,estacio,sant,andreu,comtal",['TI']
"aturada,circulacio,ronda,litoral,poblenou,montjuic,gt,llobregat,accident,retencions,zona,franca,montjuic,gt,besos",['TI']
"cua,compacta,ap7,sant,julia,ramis,gt,fran√ßa,topada,turisme,moto",['TI']
"tambe,aturats,c17,llagosta,montcada,gt,bcn,obres,c58,sant,quirze,gt,sud,b24,cervello,n340,vallirana",['TI']
"cua,a2,cornella,joan,despi,gt,martorell,nova,col.lisio,afecta,tram,ronda,litoral,agafar,a2,aturada,circulacio,ronda,litoral,zona,franca,montjuic,sentit,besos",['TI']
"cua,a2,sant,joan,despi,sant,feliu,gt,martorell,col.lisio,retencions,c58,sant,quirze,sentit,sud",['TI']
"accident,autopista,garraf,c32,santboidellobregat,gt,sud,1,carril,tallat,retencions",['TI']
"retirat,camio,avariat,complicava,circulacio,ap7,santcugatdelvalles,gt,sud",['TI']
"ap7,retencions,bellaterra,sant,cugat,valles,gt,sud,causa,vehicle,avariat,talla,1,carril",['TI']
"reoberta,c17,granollers,gt,vic,accident,retencions,mollet,precaucio",['TI']
"c17,tallada,granollers,pk,18,gt,vic,causa,accident",['TI']
"tots,carrils,oberts,ronda,litoral,poble,gt,llobregat,accident,retencions,zona,forum,barceloneta",['TI']
"c60,reoberta,argentona,pk,5,gt,granollers,accident,retencions,mataro,enlla√ß,c32",['TI']
"accident,c55,manresa,gt,solsona,3,km,cua,precaucio",['TI']
"tallada,c60,argentona,pk,5,gt,granollers,causa,accident,fan,desviaments,precaucio",['TI']
"ronda,litoral,retencions,nus,trinitat,poble,gt,llobregat,causa,accident,tancada,entrada,24",['TI']
"tots,carrils,oberts,c32,sud,santboi,gt,bcn,accident,retencions,gava,precaucio",['TI']
"llargues,cues,principals,accessos,bcn,pel,nord,c58,terrassa,estbadiamontcada,gt,bcn,montcadaripollets,quirze,gt,terrassa,c16,rubivalldoreixla,florestapeatgeboca,nord,tunel,vallvidrera,b20,coloma,gramenetnus,trinitat",['TI']
"accident,autopista,garraf,c32,santboi,gt,bcn,1,carril,obert,retencions,gava,accessos,bcn,retencions,habituals,gt,entrada",['TI']
"retards,linies,r2,sud,regionals,avaria,llarga,distancia,fa,circulacio,cubelles,vilanova",['TI']
"retencions,a2,sant,joan,despi,sant,feliu,llobregat,gt,martorell,vehicle,aturat",['TI']
"ara,queden,retencions,b23,molins,sentit,girona,diagonal,b24,cervello,n340,vallirana,ronda,esplugues,horta,sentit,besos",['TI']
"frequencies,alterades,t1,t2,t3,tramvia",['TI']
"oberts,carrils,ronda,queden,retencions,esplugues,valldaura,gt,besos,meridiana,hebron,gt,pota,nord,santa,coloma,gramenet",['TI']
"retirats,vehicles,accidentats,trams,retencions,diagonal",['TI']
"cues,tunel,vallvidrera,peatge,boca,nord",['TI']
"cues,ronda,litoral,zona,franca,bon,pastor,sentit,besos,diagonal,ciutat,vella,gt",['TI']
"per,accident,ronda,embus,ronda,esplugues,horta,gt,besos,hebron,gt,afecta,cues,pota,nord,badalona,gt,ronda,c58,ripollet",['TI']
"topada,motoristes,diagonal,altura,pla√ßa,reina,maria,cristina,afecta,diagonal,cues,pla√ßa,pius,xii,pla√ßa,francesc,macia",['TI']
"via,evitar,embus,ronda,esplugues,hebron,gt,besos,accident,hebron,gt",['TI']
"retencions,c65,santa,cristina,aro,entrada,poblacio",['TI']
"tambe,aturats,nus,papiol,afecta,ap7,rubigt,sud,b23,molins,gt,girona,pota,nord,santa,gramenet,gt,ronda",['TI']
"cues,c58,terrassa,sant,quirze,obres,montcada,gt,sud,c1413,antiga,entrada,poblacio,sabadelll,ap7,santa,perpetua,barberagt,sud,b30,barbera,gt,sud,cerdanyola,gt,nord",['TI']
"embus,ronda,esplugues,hebron,gt,besos,accident,hebron,gt",['TI']
"queda,cua,carretera,rubi,bp1503,accident,fauna,estona",['TI']
"ave,3941,sevillabarcelona,acumula,20,minuts,retard",['TI']
"talgo,463,barcelonallorca,acumula,retard",['TI']
"ara,retencions,a2,castellbisbal,gt,sud,pota,nord,santa,gramenet,nus,trinitat,gt,ronda,c58,sant,quirze,gt,sud,obres,b24,cervello,n340,vallirana,ap7,cerdanyola,gt,nord,b30,barbera,gt,sud,cerdanyola,gt,nord",['TI']
"retirats,vehicles,accidentats,millora,circulacio",['TI']
"talgo,694,sevillabarcelona,acumula,retard",['TI']
"ronda,litoral,vila,olimpica,montjuicgt,llobregat,accidents,zona,franca,port,gt,besos",['TI']
"ara,cues,aturats,enlla√ß,a2,abrera,ap7,martorell,gt,bcn,c58,sant,quirze,gt,sud,obres,b24,cervello,n340,vallirana,c65,santa,cristina,aro,entrada,poblacio",['TI']
"continuen,retencions,c58,sant,quirze,gt,sud,obres,b30,barbera,gt,sud,cerdanyola,gt,nord,b24,cervello,n340,vallirana,ronda,esplugues,pedralbes,gt,besos,accident,ronda,litoral,zona,franca,can,tunis,gt,besos",['TI']
"a2,palleja,sant,vicen√ß,dels,horts,sentit,bcn,obres,ronda,esplugues,pedralbes,gt,trinitat,accident",['TI']
"aturats,ap7,barbera,sentit,nord,consequencia,cua,afecta,sortida,can,salvatella",['TI']
"vehicle,avariat,ap7,papiol,gt,sud,retencions",['TI']
"tots,carrils,oberts,ronda,cornella,gt,llobregat,accident,retencions,roquetes,precaucio",['TI']
"accident,mortal,nii,pont,molins,xoc,frontal,cotxe,camio,provocat,mort,conductor,vehicle,passat,mica,causes,investigant",['TI']
"retencions,accessos,nord,bcn,c58,terrassa,estbadiamontcada,gt,bcn,montcadaripollet,gt,terrassa,c16,florestapeatgeboca,nord,tunel,vallvidrera",['TI']
"cues,ap7,parets,vallesmolletsanta,perpetuael,papiol,gt,sud,sant,cugatbarbera,gt,nord",['TI']
"2,carrils,tallats,ronda,tram,c32,esplugues,gt,llobregat,accident,retencions,llargues,roquetes,precaucio",['TI']
"bv2411,tallada,avinyonetdelpenedes,causa,vehicle,avariat",['TI']
"monicagranados,gracies,bon,dia,",['TI']
"merisariol,bon,dia,aturades,obres,moment,consta,incidencia,gracies,",['TI']
"‚Äçbon,dia,precaucio,c17,granollers,pk,18,gt,bcn,turisme,avariat,ocupa,1,carril",['TI']
"aquesta,domina,circulacio,comoda,incidencies,retencions,b24,cervello,n340,vallirana",['TI']
"aturats,carretera,vallvidrera,bv1462,gt,bcn",['TI']
"retencions,c32,sant,boi,gt,castelldefels",['TI']
"pas,alternatiu,c14,montblanc,treballa,retirar,vehicle,accidentat,retencions",['TI']
"euromed,1152,valencia,barcelona,acumula,retard,26,minuts",['TI']
"atencio,viatge,carretera,pont,sants",['TI']
"aturats,b24,cervello,n340,vallirana,c17,parets,valles,gt,sud,canovelles,gt,vic,cinturo,litoral,cornella",['TI']
"retencions,c58,sant,quirze,montcada,gt,sud,ap7,santa,perpetua,barbera,gt,sud,b30,barbera,gt,sud,cerdanyola,sentit,nord,b23,molins,papiol,gt,girona",['TI']
"encara,cues,ap7,jonquera,gt,nord,obres,fan,territori,frances,c65,llagostera,gt,santa,cristina,aro,obres",['TI']
"aturats,c65,llagostera,gt,santa,cristina,aro,obres",['TI']
"cua,ap7,jonquera,gt,nord,obres,fan,territori,frances",['TI']
"continuen,cues,c65,arribar,fornells,selva,banda,banda,obres",['TI']
"servei,restablert,l1,universitat,glories",['TI']
"cua,ap7,sant,celoni,sentit,sud,incendi,vehicle,equiviari",['TI']
"r11,figueres,14,08,sants,16,09,acumula,45,minuts,retard,incidencia,tecnica,origen",['TI']
"sense,servei,l1,linia,vermella,metro,universitat,glories",['TI']
"retencions,c58,sant,quirze,gt,sud,b30,cerdanyola,sentit,nord,ap7,jonquera,gt,nord,c65,arribar,fornells,selva,banda,banda",['TI']
"cua,5,km,ap7,cerdanyola,barbera,sentit,nord,girona,topada,4,vehicles,implicats",['TI']
"1,carril,tallat,gi542,angles,selva,gt,osor,pedra,grans,dimensions,caigut,cal√ßada,precaucio",['TI']
"retards,15,r2,nord,r11,renfe,causa,incidencia,tecnica,senyalitzacio,adifes,estacio,sant,andreu,comtal",['TI']
"vehicle,avariat,ronda,julia,gt,trinitat,1,carril,tallat,retencions",['TI']
"millora,circulacio,accessos,bcn,cues,c58,b20,nord,c16,a2,b23,c31,c32,sud,rondes,gt,llobregat",['TI']
"accident,c60,argentona,gt,nord,1,carril,tallat,retencions,c60,c32,mataro,gt,sud",['TI']
"aturades,accessos,sud,bcn,a2,sant,andreu,barcapallejasvicen√ß,hortscornella,b23,molins,reiesplugues,gt,bcn,molinsel,papiol,gt,girona,c32,gavaviladecans,c31,prat",['TI']
"cues,accessos,nord,bcn,c58,terrassa,centrebadiamontcada,gt,bcn,montcadaripolletsant,quirze,gt,terrassa,c16,rubivalldoreixpeatgeboca,nord,tunel,vallvidrera,b20,santa,colomanus,trinitat,c31,badalona",['TI']
"ap7,retencions,sud,montornesparetsmollet,valless,perpetuabarberabellaterrasant,cugatel,papiol,gt,sud,nord,bellaterrabarbera",['TI']
"accident,ronda,pedralbes,gt,llobregat,1,carril,tallat,retencions,nus,trinitat,precaucio",['TI']
"retencions,c31,acces,aeroport,pratllobregat",['TI']
"retencions,c58,altura,badia,valles,accedir,centre,comercial,sentit,sud",['TI']
"circulacio,intensa,ronda,b20,altura,prat,llobregat,direccio,castelldefels",['TI']
"circulacio,retencions,c12,altura,tortosa,perill,esfondraments,obert,alternatiu,regulat,semafors",['TI']
"tallada,tp3311,galera,senia,causa,pluges,",['TI']
",circulacio,intensa,c25,santa,coloma,farners,direccio,vic",['TI']
"retencions,accident,c17,altura,montcada,reixac,direccio,barcelona",['TI']
"tallada,t331,ulldecona,freginals,causa,pluges,",['TI']
"tallada,tv3421,roquetes,barberans,causa,pluges,",['TI']
"tallada,c12,amposta,altura,tortosa,causa,pluges,",['TI']
"emergenciescat,informa,canal,breta,tortosa,desbordant,inundant,c12,punts,quilometrics,11,12,bomberscat,mossos,evitar,mobilitat,ebre,montsia,protecciocivil,alerta,inuncat",['TI']
"consequencia,fortes,pluges,tallada,t331,ulldecona,gt,santa,barbara,cua,c12,tortosa,bassals,aigua",['TI']
"proteccio,civil,demana,possible,eviti,agafar,cotxe,circular,comarques,montsia,ebre,vehicles,atrapats,acumulacio,aigua,carreteres",['TI']
"cua,c58,sabadell,gt,terrassa,accident",['TI']
"cua,c32,sant,boi,gt,castelldefels,accident",['TI']
"aturada,circulacio,trens,benicarlo,vinaros,fortes,tempestes,fa,servei,carretera,castello,aldea,trens,sortit,barcelona,valencia,espera,evolucioni,episodi,pluges",['TI']
"r13,stvicen√ß,calders,18,30,planapicamoixons,19,06,surt,40,minuts,retard",['TI']
"regional,express,15015,estacio,fran√ßasaragossa,acumula,retard,incidencia,tecnica",['TI']
"r15,estacio,fran√ßa,15,43,ribaroja,ebre,18,58,saragossa,acumula,60,minuts,demora",['TI']
"tren,r13,stvicen√ß,calders,18,30,planapicamoixons,19,06,te,prevista,sortida,19,00,30,minuts,retard",['TI']
"proteccio,civil,demana,possible,eviti,agafar,cotxe,circular,travessen,comarca,montsia",['TI']
"tallada,n340,alcanar,consequencia,fortes,tempestes",['TI']
"aturats,c60,argentona,gt,mataro,cinturo,litoral,sant,joan,despi,cornella,carretera,vallvidrera,bv1462,gt,bcn,c55,manresa,gt,sud,sant,vicen√ß,castellet,gt,nord",['TI']
"cues,n340,alcanar,vinaros,gt,precaucio",['TI']
"aturada,circulacio,trens,corredor,mediterrani,castello,tarragona,estacio,vinaros,castello,consequencia,tempestes,informa,adif",['TI']
"aturada,linia,castello,tarragona,estacio,vinaros,castello,consequencia,tempestes,informa,adif",['TI']
"oberta,tv3146,vilaseca,tarragones",['TI']
"des,fa,estona,plou,terres,ebre,podeu,trobar,bassals,aigua,n340,circuleu,precaucio",['TI']
"retencions,ronda,cornella,pedralbes,gt,besos,accident,julia,gt,avariat,ronda,litoral,zona,franca,nus,trinitat,forum,barceloneta,gt",['TI']
"cues,pota,nord,santa,coloma,gramenet,cinturo,litoral,cornella,gt,martorell,tunel,vallvidrera,gt,bcn,b24,cervello,n340,valirana",['TI']
"aturats,ap7,rubi,papiol,gt,sud,b30,barbera,sentit,sud,cerdanyola,gt,nord,b23,sant,feliu,papiol,gt,girona,esplugues,diagonal,c58,sant,quirze,gt,sud,cerdanyola,montcada",['TI']
"cues,tallada,tv3146,vilaseca,tarragones,bassals,aigua,ap7,jonquera,gt,fran√ßa,obres,territori,frances",['TI']
"embus,ronda,cornella,guineueta,gt,besos,accident,guineueta,gt,ronda,litoral,zona,franca,poblenou,sentit,besos,causa,accident",['TI']
"aturats,c59,palau,‚Äì,solita,plegamans,gt,caldes,cinturo,litoral,sant,joan,despi,cornella,nii,pineda",['TI']
"cues,ap7,santa,perpetua,barbera,rubi,papiol,gt,sud,b30,barbera,sentit,sud,cerdanyola,gt,nord,b23,molins,papiol,gt,girona,c58,sant,quirze,gt,sud,montcada,sentits",['TI']
"servei,restablert,l3",['TI']
"sense,servei,l3,linia,verda,paral.lel,passeig,causes,tecniques,drassanes",['TI']
"carretera,tv3146,tallada,vilaseca,2,sentits,inundacio,cal√ßada",['TI']
"retards,15,linia,r1,rodalies,maresme,causa,incidencia,instal.lacions,adifes,mataro,arenys",['TI']
