peor,recuerdo,navidad,quiso,maquillaje,dieron,bal√≥n
oferta,portaca√±as,nylon,ajustable,montaje,barandilla
gabrielmaronda,pata,abajo
suicide,deadline
kilianlatorre,crimen,tuyo,vienes,vernos,ü§£
martacatalonia,pizza,verdures,sopar,dic,dona,passi,foto
40,anys,risc,real,involuci√≥,anem,alerta,‚Äç
quidvacuo,buhardimarvel,√∫nico,fallo,tiene,ragnarok,exceso,comedia,haz,comedia,parece,bien,pero,dejame,disfrutar,tambi√©n,drama,todo,parezca,chiste,sentido,deber√≠a,aprender,gotg
sarahkaniel,mahjoon93,footmercato,mais,ils,allum√©,pendant,coupe,monde
gallifantes,efrenderico,gracia,cuando,llevan,contraria,siempre,respondes,como,contrario,fuera,garrulo,broma,atrag√°ntate,canelons,por,favor
agradat,v√≠deo,youtube,matxetazo,vol3
sexo,√©xitos,tiene,pinta,
warrierlive,luego,las,mismas,personas,saben,solo,parte,ana,magan
quecabronehson,ragowarazo,agoney,momento,miedo
2,jugadors,base,convocats,federaci√≥,catalana,handbol,disputar,campionat,espanya,seleccions,auton√≤miques,cesa,19,,ü§æ‚Äç,scif,sara,villamayor,convocada,juan,fidalgo,ü§æ‚Äç,scjm,ricard,castro,convocat,david,l√≥pez,orgulllila
bazonga
flipin1,aimgamingeu,feliz,navidaim,prospero,buff,nuevo
senorin,nueva,amanda,tt,para,quedado,martita,reventada
miquelvivet,francesc3r,josepborrellf,lauregutierrez,t√©,volgut,canviar,eo,sistema,electoral,dreta,nacionalista,catalana,pq,sap,vots,rurals,esquerres,nacionalistes
tamarapazosm,puta,culpa,dices,t√∫,suba,manda,cojones
salvadorcardus,estafador,continueu,c√≤mplices,tra√Øci√≥
1789libertario,trismegista,fascistas,presumen,muy,cristianos,pero,confunden,benevolencia,dios,estupidez,confesar,d√≠a,ignorantes
anuncio,lgbt,comunitat,valenciana,
nuriagarcia1910,meeryfuentess,alejandroparre
jorgeseva,co√±o,tambien,celebras,san,esteban
navespalou,forumces,felicitats,vicepresidenta
casa,terrades,casa,punxes,casadelespunxes,barcelona
sunne,kikesilva,jajajjajaja,yo,
√°lbum,boda,youtube
lol,cervell,pingu
martoscar,elnengarrofa,mots,coincideixen,castell√†,catalans,arena,enter,manya,ma√ßana,molestar,mol√®stia,tardar,toro,tripa,dir,condemnem,buscar,coincideixi,castell√†,castellanisme,catal√†,cercar
mihaaru,formatea
alex2521999,entendible
bravo,eusebio,sacristan,pour,nouveau,poste,entra√Æneur,fc,barcelone,m√©rit√©,faire
tt,monde,dans,snap,duba√Ø,√©tait,5‚Ç¨,quoi
0det0jvmpsvit,respuesta,patata
temakeeeeeeen
mtalvarez90,antoinebatiste,marca,juanmarguez,versi√≥n,algo,llamado,realidad,quieres,poner,n√∫meros,messi,contar,desde,juega,messi,punto,cualquier,otra,manera,tramposa,mentirosa
guajesalvaje,jajajajaja
sallanmancat,por,muchos,tiran,visibilidad,porque,realmente,tienen,otro,tipo,recursos,algunas,tienen,aprovechan,mucho,tmb,hay,decirlo
gustado,v√≠deo,youtube,grinch,sale,caza,124,fortnite
menjat,canel√≥,enga,mumir
adejedate,mejor
32,aunque,ahora,tengo,2,gatos,tuve,perrita,s√©,prefiero,perros,gatos
irenemrcs95,por,t√∫,tambi√©n,podr√≠as,escribir,
albiolser,324cat,feliz,1936
noemicoronado16,esperar,abogado,tiene,relaci√≥n,estrecha,√≠ntimo,amigo,uno,acusados,imparcialidad,brillando,por,ausencia,totalmente,acuerdo
cuerdodeatar,peque,sony,a6000,carl,zeiss,1670,tambi√©n,gusta,fotograf√≠a
rmcsport,aurait,√©t√©,meilleur,joueur,fran√ßais,actuel,haine
quitar,carnet,millenial,pq,2k18,sigo,saber,donde,sale,meme,pollo,papas,piso
hola,todos,creado,nuevo,blog,esp√≠ritu,tecnol√≥gico,donde,hablaremos,tecnolog√≠a,impacto,sociedad,actituddigitalfp
vianabanjo,springsteen81,jordirico,culpa,putos,v√≠deos,youtube,gente,abriendo,juguetes,sorpresa,huevos,chocolate,regalo
peibolster,veas,bunraku,hagas,eso
mercemoore76,falta,rep√∫blica,falten,collons,reconeixament,pendre,control,vist,por,vaga,fem,contrari,saturem,estaments,p√∫blics,demandes,reclamacions,calgui,agafeu,canelons,salut,rep√∫blica
,mv,flamingo,youtube
joanruca,llums,nadal,est√®tica,dubtosa,
alontheo,amaia,aitana,miriam,agoney,mireya
magnificapija,as√≠,mi√©rcoles,cualquier,otro,dia
buti,lang,naubos,ngayong,araw,
voy,hacerme,algo,comer,xq,sigo,rajo,cuello
jese,rodriguez,critical,of,real,madrid,teammates,looks,future
catalan,christmas,explained,elnacionalcaten
√∫nico,tweet,feliz
upses,compr√©,domingo,aun,llega,paquete,
yo,margot,todo,sujeto,pol√≠tico,nuestro,tiempo,deber√≠a,explorar,narrativa,totalizante,vida,esa,autoproyeccion,hist√≥rica,meti√©ndose,pila,ea,pic,pal
cuerdodeatar,caf√©,oye
gustado,v√≠deo,youtube,priest,from,hell,violently,baptises,screaming,baby,because,satan
salguergarcia,zara,asos,perfectos,para,ello
kenzomutsuda,
explicitdominic,
regalado,despertador,como,funciona,hoy,sonado,tarde
coraz√≥n,tv,acaban,decir,ana,guerra,cazado,miguel,√°ngel,mu√±oz,futuro,marido,heidi,klum,plantea,edad,bravo,felizmi√©rcoles
rofk3,escapet,hegal,mymalk4pon3,itexo,muchas,gracias,
just,finished,walking,187,km,22m,31s,with,endomondo,endorphins
alvarovarito,digas,digas,seguramente,por,aspectos,parte,l√≥gicos,como,valorar,d√≠a,d√≠a,vivir,verdad,habido,portero,m√°s,decisivo,puramente,futbol√≠stico,eligi√≥,juve,segunda,otro,t√≠tulo,suma,nada,futbol√≠stico
diario6com,capidja,extra√±a,despu√©s,toda,corrupci√≥n,puto,partido,sabe
gatosparaalba,spidercat
arnaldosmanuel,muchas,gracias,hay,veces,hacen,mucha,falta,saludazo,sabes,pasas,por,barcelona,unas,cervezas,tienen,caer
fatal,pens√†vem,posarien,m√∫sica,antiga,techno,esper√†veu,reggaeton,antic,2014,,neboda,antigors
necesitamos,pok√©mon,mundo,misterioso,para,switch
gerardcesar428,xppenspain,dsimphony,ayer,quede,hasta,tarde,hoy,despu√©s,comer,familia,volver√©,poner,tiempo,acabar,dibujo,nuevo
koivcrow,traje,rosa,cordones,pantalones,
5habstract,foreverjason,reddlipz,she,two,beautiful,babies,many,jobs,will,back,rhoa,before,kenya
vilaweb,oooo,ploro,emociooo,
loxabvi,suena,vivencias,xd
como,gusta,carne,asada,‚Äî,asada
tiradorymetedor,aleixtello,realrepoman,vist,partit,dubto
lafallaras,feminicidio,siendo,misma,laura,hab√≠a,referido,situaci√≥n,riesgo,miedo,creer,las,mujeres,estas,situaciones
‚Äú,¬°,nueva,pilar,rubio,‚Äù,camiseta,mojada,mini,tanga,foto,esc√°ndalo,‚Äú,¬°,cristina,pedroche,‚Äù
saben,c√≥mo,pongo,invitan,como,forma,vida
protestona1,inutil
quando,rihanna,lan√ßar,√°lbum,postar,olha,m√∫sica,aiiiiiii,arrombados,vcs,n√£o,queriam,essa,porra,agora,ou√ßam,at√©,ouvindo,explodir
flutteringksj,
esquerra
anna7cats,celopanyt,sweetcalifornia,
estoy,118,osea,sigo,mierda,xddddd
restaurante,can,frai,badalona,barcelona,w,truca35lcf
josepcosta,definici√≥n,causa,justa
alexdarken89,elchiringuitotv,callate,panoli,nadie,dado,vela,entierro
navidad,ofrecido,polvorones,turrones,homeop√°ticos,¬ø,qu√©,diferencia,hay,ninguna,misma,cantidad,az√∫car
ayer,met√≠,crush,avecina,buen,a√±o
efecto,optico,yaesmediodia134
simiorz,gustar√≠a,algo,rollo,precuela,mundo,dar√≠a,mundo,fuera
leonardcrow,enhorabuena,pasado,juego,mejor,finales
staying,my,italian,friend,family,place,never,met,many,loud,people,my,whole,life,omg
poner,jugar,play,aue,voy,leer
guardia,civil,destapa,‚Äúsingular,‚Äù,v√≠a,financiaci√≥n,ilegal,pp,aguirre,v√≠a,elpaisespana
ismagosa,tremendo,c√≥mo,puede,aficionados,fcbarcelonaes,fuera,catalu√±a
raquelb612,menudo,personaje
prioridad,ahora,mismo,gracias
nekojitablog,esperamos,ansias,muchas,gracias,por,todos,a√±os,transmitiendo,conpartiendo,cultura,japonesa,,,o,‚âß‚â¶,o,
supeheroe,capa,espa√±ol,‚Äî
krls,independentistes,tenim,clar,fem,eslovena,escocesa,espanyols,tenen,clar,aplicaran,franquista
cuenten,milongas,gemmpasqual,siyasabencomomepongo
asterdraconis,javizawa,conf√≥s,acostumats,tractar,gent,bestiar,saben,diuen,
iko1986,solo,faltar√≠a,esas,ansias,limpiar,tambi√©n,las,aplicar,doblar,puta,caja,meterla,contenedor
diegene,die,latenweeensbijdemenson,langsgaan,campagne,bedacht,heeft,bij,prorail,moet,zich,echt,schamen,zo,slecht
vaaserquenoxd,owahabbo,soyrii,belenhabbo,eshabbo,modo,conwjo,dice,jajajjajaka
precioso,hilo,
germangf7,l√≠der,of,course,represento,
beso,2019,vaporwavesil
theluisja666,luis
morganemre23,dans,nord,mais,trop,frais,lol
claraamm,xmas,loock
momento,vamos,porque,dijeron,tiene,canas,co√±,sacar,cuchilo,
tonialba,bebas,sant,esteve,alba,luego,dices,tonterias
casareal
houseofcat,freeshameless
kung,pwede,lang,tumakas,bahay,kanina,ko,ginawa,pero,wala,bantay,sarado,ako,
kinderfr,sois,gente,horrible
wingalia,perreo,llimonil,siempre,bienvenido,
estr√©s,retiro
flamejant
isaacherz,tengo,amigos
‡πÅ‡∏à‡∏Å‡∏´‡∏°‡∏î‡πÅ‡∏ô‡πâ‡∏ß,‡∏Ç‡∏≠‡∏ö‡∏Ñ‡∏∏‡∏ì‡∏°‡∏≤‡∏Å‡∏Ñ‡∏±‡∏ö,‡∏•‡∏ö‡∏•‡∏∞‡∏ô‡πâ‡∏≤
paraleloego,radwolf83,tiene,importantes,efectos,secundarios,mucha,gravedad,transtornos,depresivos,pueden,acabar,suicidio
gustado,v√≠deo,youtube,ateez,pirate,king,the,show,181113
podr√≠a,rodar,lado,otro
sallanmancat,problema,solo,aprovechen,las,empresas,para,pagarte,campa√±as,tienes,facturar,por,ello,dado,como,aut√≥nomo,uno,est√°,ilegal,por,ambas,partes,luego,sumarle,impuestos,como,est√°,montando,espa√±a,complicado,por,ambas,partes
pnique,cu√°l,fuente,para,afirmar,energ√≠a,espa√±a,m√°s,europa,las,estad√≠sticas,desmienten,claramente,fakenews,newtral
genial
arescases,para,tener,titulo,oficial,tieta,tiene,hacer,canalones,nivel,9,haces,doctorado,titulo
filoberta1,paulladorebull,dexamina,gabrielrufian,explicar,volen
hola,todos,feliz,semana,felizmi√©rcoles,miegentechachi26dic
elsolitario200,pablocasado,acaso,andaluc√≠a,presidenta,dado,visto,bueno,caso,cursosdeformacion,diciendo,chaves,gri√±an,inocentes,todo,siendo,caso,mayor,corrupci√≥n,espa√±a,parece,s√≥lo,poner,c√°rcel,1,ellos,6,a√±os
hijo,gustar√≠a,torre,gatos,cartaparatranjis
good,luck,boy,was,pleasure,,chilling
keep,constipation,away,enjoy,fruit,skewers,with,melted,chocolate,dessert,this,more,tips
estoy,muero,video,las,abs,tae,lpm,esgoy,comiend9,mis,suegors,puedo,gritar,joderrrr
madameviperina,bond,madamme,bond
wine,from,perelada,vivino,app
pokemongohubnet,good,guide,but,need,update
cord√≥,sanitari,collonades,v√†ries,ultradreta,acollint
jordicanyas,govern,yo,tambi√©n,deseo,unas,felices,fiestas,grinch,gusta,√°rbol,generalitat,hay,otros,por,catalunya,gustaran,m√°s,,nada
antoniojsmazuec,bien,justamente,acabo,acordar,porque,mirado,m√≥vil,tengo,firma,caratula,,feliz,navidad,quiero
jorge35601787,mam√≥n,tengo
n26,great,speed,efficiency,delivering,my,brand,new,cc,just,save,my,christmas,customerexperience
√°lbum,para,‚Ä¶,young,heart,mochi
antoniojsmazuec,buenoo,aqui,estoy,haciendoo,trabajos,mandado,instiü§¶‚Äç,peroo,bieen,como,llevas,las,navidades,vemoos,naa,menos,girona,aqui,
dresses,govern,hay,ninguna,‚Äúraz√≥n,‚Äù,proces,solo,h√≠gado,hace,a√±os,trato,razonar,hay,manera,mantras,repiten,hasta,extenuaci√≥n,comulgas,rueda,molino,vuelven,calificar,otra,vez,llama,‚Äúmanipulador,‚Äù,eso,vuelve,calificativo,personal
antoniojsmazuec,pillas,ocupada
espera,espera,espera,¬ø,est√°s,diciendo,vox,partido,ultraderecha,basa,sus,pol√≠ticas,ayudar,rico,dejar,desamparado,pobre,manos,empresario,debo,borracho,puedo,creer
quinsoo,thoi
nuriagarcia1910,meeryfuentess,jsjs
frustrante,incomprensible,impunidad,familia,pujol
galb3rt,alreves,jajajaj
harleysnowfire,supongo,para,aprovecharlo,100,tienes,tener,alg√∫n,conocimiento,fotograf√≠a,caso,pero,interesa,gustar√≠a,saber,m√°s,hecho,fotos,muy,potables,tel√©fono,para,alguien,sea,aficionado,pasada,disfr√∫talo,
l4rry4lmighty,28,septiembre,puesto,11
puedo,jajajajajajajajajajajaja,mariliaot2018
arrierossomosgu,fitoelvis
hay,tener,barra
convocatoria,consolidaci√≥n,4055,plazas
butyoudcnt,‚Äî,pill√≥,primero,encontr√≥,armario,cogi√≥,coche,hacia,estaci√≥n,sants,recibiendo,whatsapp,justo,cuando,estaba,llegando,‚Äî,,coraz√≥n,estoy,fuera,entrada
est√∫pids,repartits,catalunya,franquisme,sembrant,immund√≠cia,mental
tornarem,pesar,junqueras,sergi,tornarem
elpetitcatala,bon,nadal,carles,bon,nadal,meritxell,bon,nadal,clara,bon,nadal,marta,bon,nadal,anna,bon,nadal,llu√≠s,bon,nadal,toni,bon,nadal,costat,leg√≠tim,president,krls
bansheeyetc,yisusmellaman,acabas,arruinar,magia,san,esteban,borracho,xd
esasotra,jordiborras,ü§£ü§£ü§£ü§£ü§£ü§£ü§£ü§£ü§£ü§£ü§£
hemos,acabado,comer,quiero,casa,quieren,jugar,algo,uufff
lautaloval,xd,¬°,¬ø
mejorcito,vida,verdad,soniaba07,faltas,t√∫,pero,quiero,
raquelviajera,pondr√°s,foto,por
elessareli,666olga,borrell,borrell,aborrezco,tipo,pero,debe,respetar,correcta,ortograf√≠a,apellido
esmaksdiyei,toma,javi,j√≥dete
¬ø,√©tico,comprar,amazon,v√≠a,elpaistec
qui√©n,puesto,fuet,tarragona
,clownia,documental,,dissabte,joan,abadesses,estrenem,documental,clownia,vida,dies,esperem,dissabte,29,18h,palau,abadia,sant,joan,abadesses,entrada,gratu√Øta
262,ü§ì
,¬ø,sabes,qu√©,atrapasue√±os,qu√©,representan,sus,colores,ense√±amos,todo,objeto,cham√°nico
antoniojsmazuec,muy,bien,antonio,ech√°ndote,millones,menos,pedido,para,reyes,las,entradas,para,concierto,girona,
italia,tienes,fuegos,artificiales,ruido,para,evitar,asustar,perros,gatos
paletina,profesional,maurer,cerda,blanca,4,felizmiercoles
yo,pretend√≠a,hacerme,foto,outfit,pero,perrito,quiere,demasiado,
jalart7,cago
cginerp,manuelvalls,adrilastra
silbura,con2punyetas,kontenciosa,ü§£ü§£ü§£ü§£ü§£ü§£ü§™ü§™ü§™ü§™
vianabanjo,springsteen81,encima,sorpresa,gastas,32,luego,pueden,salirte,repetidas
ismorrovic,riuresardonic,josepgoded,relaaaaajate,como,buen,cu√±ao,toca,salir,cueva,decir,pelotudeces,hasta,pr√≥xima,noche,buena
albertostrella,cogiendo,coche,bebido,vaya,subnormal
sackatakintoki0,worldstararabic,ÿ≠ÿ™Ÿâ,ÿßŸÑŸÑŸä,ÿßŸÜÿ™,ÿ≠ÿßÿ∑Ÿá,ÿßŸÅÿßÿ™ÿßÿ±,ŸÉÿ±ŸäŸá
lusilu,ojal√°
when,will,weibo,leak,another,teaser,tired,of,looping,this
negrafija,60,—Å—á–∞—Å—Ç–ª–∏–≤—ã–π—Å—Ä–µ–¥–∞
juliadelucia,felices,tetas,
necesito,m√°s,tengo,feliz,navidad,
peque√±a,escapada,canarias,debatido,deber√≠an,existir,c√°rceles,energ√≠a,nuclear,comparado,trump,todo,correcto
jiama17,dsimphony,xppenspain,muchas,gracias
lluisllach,llu√≠s,nost√†lgies,roses,posades,√≠taques,venudes,illa,fetges,dels,jutges
hahahahahahahaaahahahahahahah
parasol,substituio,tela,retangular,2,3,metros,08091055,felizquarta
canelons,santesteve,padr√≠,√†ngel,sant,dalmai
unico,problema,boxingday,italiana,che,impedisce,vedere,quello,originale,della,premier,league,26dic,seriea
nachorull,joseprull,nadal,dif√≠cil,sapiguer,festes,familiars,s√©,complicat,valents,video,demostra,personalment,puc,assistir,actes,
chambergo4,arrierossomosgu,fitoelvis
g4m30v3r,l4rry4lmighty,diciembre
antoniojsmazuec,budapest,
monicarotllan,perezreverte,nadie,duda,aman,sufren,hay,cuidarlos,quererlos,ah√≠,las,manifestaciones,polic√≠a,mat√≥,perro,barcelona,nada,decir,s√≥lo,insisto,est√°,yendo,pinza,s√≥lo,opini√≥n
galwaycdr,josejuanboro,jzaragoza,tenen,valor,desitjarnos,bon,nadal,cas,poder,afusellarien,passo,pol√≠ticament,correcte,hip√≤crita,desitjo,bon,nadal,volen,destruir
tournevis,maurer,interchangeable,6,150,mm,heureuxmercredi
lafallaras,mejor,casos,unos,incompetentes
manuvampa,cazatalentos,mira,hab√≠a,o√≠do,chorradas,podemos,pero,mierda,buena,confundes,podemos,ciudadanos
pinaveglia,elenajares,lolaywin,zasca,se√±orial,navide√±oyo,puedo,m√°s,muero,amor,cachondeoü§£brava,pina,nivel,diossssss
podcast,tv,escape,dannemora
vuelvo,casaaaaa,tras,navidad,s√©,quereis,comunique,conversaci√≥n,eschucho,‚Äç
marca,juanmarguez,obsesi√≥n,enfermiza,tienes,puto,gordo
zawaru,porfa
brendandinoi,davidcimade,tambi√©n,¬°,hijo,grand√≠sima,puta
raquelmartos,mare,carbonero,tiene,huerta,llena,coliflores,hasta,puerta,mire,usted,mare,carbonero,tiene,cuenta,dinero,¬°,carb√≥n,carb√≥n,ca√±a,carbon,¬°,carbonero,
cuando,nenes,hacen,comentarios,machistas,aposta,salte,rabiosa,pero,quiero,darles,gustito
bassamontse,dolorsbassac,injust,aguantar,
elbow,stove,pellet,vitrified,80,mm,45,,happywednesday
31,gustan,beb√©s
noeliafrancocf
krls,saber,mana
rogertorrent,parole,parole,parole,pero,queda,aix√≥,paraules,buides,porten,autonomia
,falla,dal√≠,obra,cargada,pol√©mica
tired,lion,cinderella,dracula,listen,live,now
my,first,mini,cooperd,pepperwhite,2009,edition,mini,minilife,minilovers,miniespa√±a,r56,r56mini,pepperwhitemini,followme,barcelona,realminifans,carphotograpy,orgullodemini,‚Ä¶
elmolecula23,peor,caf√®
schwimmender,basketballkorb,28,cm,gl√ºcklichmittwoch
raonsrepublica,cuando,empiecen,salir,esc√°ndalo,empieze,entrar,gente,carcel,puede,k,tb
jiminssisoul,diosmio,porque,acabo,enterar
raulslpmx,rgomezjunco,miroslavamont,m√°s,locos,c√≠nicos,est√∫pidos,anormales,personas,como,t√∫,nunca,cuestionaron,misma,firmeza,gobierno,pseudo,democr√°tico,tuvo,comiendo,mano,diferencia,gente,necesitaba,cambio,tuvo,huevitos,para,hacerlo,queda,m√°s,moverte
ernesbarbeq,colonia,rubius
rata,infecta,√∫nico,puede,aplicarse,supositorio,por,recto,miedo,sumisi√≥n,atajo,corruptos,incompetentes,vividores,catalunya,catalanes,corrupta,paga,pol√≠ticos,puteros,las,subvenciones,recibe
mrjesusfigueroa,ssimonvernet,aleixsarri,enteras,jesus
todofoba,lol,natalia
riftcommunityfn,fortnitegame,jugar,main,stage,gamepolis
dejandohuellaab,xulitageta,osea,7,meses,prisi√≥n,sino,est√°,fichado,entrar√°,prisi√≥n,√≥sea,salido,gran,hijo,puta,disparar,sus,huevos,tendr√≠a,haberse,disparado,
lepetite,t√≠o,quien,putas
juego,cinceles,martillo,neumatico,cilindrico,4,piezas,felizmiercoles
¬ø,otro,fascista,mierda
raquelrip,precioso,lugar
sunshineyoon,ddaeng,yo,pierdo,esperanza,
‚Äúalegre,navidad,web,‚Äù,vimeo
quedant,prunazafra
indicativon,publicoes,otra,cosa,tuvi√©ramos,democracia,capaz,hacer,frente,estas,problem√°ticas,sociedad,cuida,evoluciona,ejercicio,democracia,legitimidad,h√©roes,casuales,constituciones,nacidas,miedo
forinfinity
alejandrodoig,totalmente,enamorada,hombre,
pratso,victorubieto,xddd
beatriztalegon,puesto,churro,garrulos,para,marcar,tus,apariciones,twitter,tienes,honor,junto,rufian,peligrosos,para,haceros,marcage,animo
baggiel,genial
aaaaaa,estoy,felicisima,por,marc,merece
4jjhr,andreumonros,depen,busquis,critics,agradar,borhapmovie,esperaven,cosa,public,fans,trobar,bestia,esperavem,flipar
friki,frikismo,lego,starwars,amigo,invisible,encanta
eduardamatos3,malta,certamente,l√°,por,volta,das,4,pouco,j√°,l√°
garylineker,bbcmotd,aburrido,leicestereverton
carnecrudaradio,aragorn,frente,las,puertas,mordor
here,song,you,‚Ä¶,missing,you,single,edit,by,tina,turner
10kerly,martaot2018,famousoot2018,bueno,nose,porque,natalia,finalista,finalistas,cantan,m√°s,aitana,gira,tenia,3,duos,veo,dif√≠cil,porque,maria,seguro,canta,friends,afri
richardindamadi,tmm
arekosupure,namiwalker,ayamxs,uy,siii,como,anciana,jajajajaj
mariamal7rbi,cazasouq,ÿ≤ŸäŸÜ,ÿ´ŸÜŸÉŸäŸàŸà
aprovecho,m√±n,cumplea√±os,alguien,quiere,generoso,sabe,ü§£ü§£
lemondefr,manuelvalls
nakodragon,pone,prueba,capacidad,deducci√≥n,ingenio,buenos,ratos,relaci√≥n,social,mis,amigos,ideas,para,poner,retos,mis,alumnos,alumnas,creando,desaf√≠os,jugando,alguno,juegos
aymanjaved2,fb
poroshenko,pone,medida,pero,advierte,‚Äúamenaza,‚Äù,rusa,ah√≠
efrenderico,esperabas,esa,pobre,lerda,pija,prociu
claratahoces,sputnikmundo,interesante,
voto,por,quizas,agoney,hot40mdp,mundialdelpop10,
misterseitan,adem√°s,hay,m√°s,posibilidades,tener,vuelta,neymarsuarezmessi,mbappemessidembele
voto,por,quizas,agoney,hot40mdp,mundialdelpop10,
voto,por,quizas,agoney,hot40mdp,mundialdelpop10,
lesbianes,invisibles,deslliurar,llei,perillositat,social
voto,por,quizas,agoney,hot40mdp,mundialdelpop10,
percocets,molly,percocets
voto,por,quizas,agoney,hot40mdp,mundialdelpop10,
cansinoroyal,hablemos
iovexnthebrain,papa,dice,veces,quiere,para,nosotros,trabajar,las,manos,como,√©l
cginerp,manuelvalls,voxes
acaudorella2,envejo,saps
burguetemiguel,wallcraftmc,schrodingergata,hombre,arrasa,discoteca,fijo,ü§£
dsimphony,sega,suertudo,
ernesbarbeq,30,chupitos,jagger
restaurante,can,frai,badalona,barcelona,w,terraferma1968
cien,ca√±ones,por,banda,viento,popa,toda,vela,corta,sino,vuela,velero,bergant√≠n,bajel,pirata,llaman,por,bravura,temido,todo,conocido,uno,otro,conf√≠n,ü§£
ferzcarbonell,selu8,phenomenaexp,seguro,defender√≠a,flipan,las,mismas,pelis,siempre
¬ø,crees,posible,cambiar,nuestra,personalidad,conforme,las,personas,las,estamos,‚Äî,cambiarla,dr√°sticamente,pero,moldearla,poco,poco
lasilenciosacat
ofertas,navidad,xbox,mejores,juegos,por,menos,10,euros,meristation,v√≠a,meristation
could,sign,
twitvarela,asturiana,pura,cepa,pidiendo,relegue,cultura,tierra,gente,segundo,plano,bueno,tercero,cuarto,ingl√©s,franc√©s,por,delante,palabra,lamentable
estamos,volviendo,locos,est√°is,diciendo,pag√°is,200,eurazos,encima,acamp√°is,jajajajajaaj,ganas,pasar,fr√≠o
p√°jaro,vuela,cielo,siente,seguro
classico,camp,thermomix,ü§™
javierkrono,joder,ten√≠a,pikachu
harusitix,tuuuuvjskwnwjewjejejwbdbsdbsbwn
mustafina,semana,rajando,sofia,dia,dia,tambien,maravilla,todo
bien,juega,wolves,nuno,otro,equipo,muchos,actualmente,juegan,carrileros,multitud,jugadores,j√≥venes,muy,interesantes,obviamente,representados,por,jorge,mendes,boxingday
,mundo,rinde,llegada,realidad,mixta
terminologia,chiss√†,qualche,locale,italiano,gi√†,inventata,denominazione,cocktaileria,nel,frattempo,saluti,buone,feste,barcellona,
nordax974,florianforte,acefalt13
westhingy,ayoookkk
lolalailo,sarraijanal,feliz,navidad,suerte,espero,est√©,mejor
mais,quand,ils,conduisent,pars,retard,arrives,avance
preguntantme,rosaliavt,dinar,familiar,
concierto,ma√±ana,2018,representa,hacen,teloneros,plan,cantar√°n,las,21,00h,cuando,empieza,concierto,m√°s,tarde,hacedme,caso,por,favooor
s√°nchez,gasta,158,m√°s,rajoy,sueldos,altos,cargos,psoe,siempre,cumple,dice,prometi√≥,subir√≠an,sueldos,subido
segundo,d√≠a,tertuliano
n√∫m,53,consumo,consciente
ucantrun,soy,como,fiona,shrek,modo,ogro,247,pls,stop,deserve
carme64349392,britcatala,yosoynaranjito,eduserrahosta,vale,tampoco,cuentes,vida,interesa,saludos
therichic,veo,claro,todo,caso,tendr√≠a,pronunciarse,constitucional,alguien,acudiese,√©l,ser√≠a,paso
natpawa,pues,segmentaci√≥n,facebook,ads,est√°,bastante,hecha,porque,gusta,shooter,gusta,ninja,bravo,social,media,
mitiisf98,chema969,fita6704,cstuk,jewishnewsuk,toda,corrupci√≥n,condenable,pero,pp,cdc,iguales,precisamente,sigo,entender,viene,meter,corrupcion,cuesti√≥n,incapacidad,espa√±a,actuar,como,estado,democr√°tico,adulto,negociando,pactando,refer√©ndum
phoeilish,mis,padres,iguales,as√≠,entiendo,ü§¶‚Äç
unbuencolegui,330
,impactante,trabajo,fotogr√°fico,javier,arcenillas
m√°s,all√°,shippeo,alba,reche,natalia,musicalmente,hablando,pegan,lujo,por,favor,por,favor,por,favor,las,le√©is,alg√∫n,momento,dej√©is,hacer,d√∫os,dais,vida,toxic,ac√∫stica,buena,calidad,please
otoficial,qu√©,guay
arenagg,lleno,ratillas
vituberyt,12,diciembre,puesto,39,nada,mal
0ooiir,
pontcarme,important,fotem
filoberta1,paulladorebull,dexamina,gabrielrufian,oisigui,porto,vida,vivint,catalunya,pero,odio,absolutament,catalunya,criteri,meitat,catalunya,odia,catalunya,segur,aquets,consideres,anticatalanistas,estimen,catalunya,bones,festes
sacadme,aqui,por,favor,pido
acongojante3,¬ø,hecho,retuiqui
meowgustd,jajajjajajajajajja,pobrecito,preocupes,2020,subir√°s,ranking
mro0525,ramonmateusans,marivoltios1,gabrielrufian,¬ø,decir,catalanes,roban,resto,espa√±oles,fachas
fascistas,hijos,puta
equiv√≥cate,m√°s,hubo,vez,alguien,dijo,quien,estaba,donde,yo,quer√≠a,estaba,ah√≠,por,haberse,equivocado,nunca‚Äç,sino,por,haberse,equivocado,‚Ä¶
hermanntertsch,cuando,hablan,corrupci√≥n,pp,psoe,por,ello,dejaron,votar,respectivos,partidos,desanima,cuesti√≥n,partidos,sino,hombres,debe,solventar,ley,partido,socialista,debi√≥,dejar,votar,por,gestor,tra√≠dor
rueda,prensa,guardia,civil,crimen,laura,luelmo,directo
cabrones,dejadnos,entrar
gabrielrufian,efecto,as√≠,gabriel,informamos,aunque,cambies,bando,ahora,sabemos,rufi√°n,sido,ah√≥rrate,blanqueo,enga√±as
bueno,navidad,acaba,tarda,a√±o,volver,incordio
splcmeterrassa,,muy,buen,trabajo
genuine,love,hard,find,nowadays
cerramos,plantilla,,mercado,fichajes,hemos,reforzado,para,afrontar,5,competiciones,plantilla,amplia,ganas,hacerlo,bien,m√°s,importante,pas√°rselo,a√∫n,mejor,vamosjam
wtfskins,javicu107
despu√©s,haber,cambiado,282727272,veces,candidato,voy,mano,elizegi,suelta,paridas,rar√≠simas,pero,aguanto,4,a√±os,m√°s,urrutismo
pero,¬ø,d√≠a,inocentes,28,diciembre
jmvergesprat,angiolettokit,bernatdeltell,fas,meseta,acusen,nosaltes
xabieriglesias,kakapraka,yo,tambi√©n,creo,tenemos,equipo,para,hacer,f√∫tbol,m√°s,vistoso,ojal√°,sea,as√≠,pero,acu√©rdate,√∫ltimo,a√±ito,euxe
ü§¶‚Äçü§¶‚Äçü§∑‚Äç‚Äçhumor
anitajarafan,para,qu√©,enga√±arnos,voy,poner,6,√∫nicos,voy,comprar,cd,conciertos,alfred,natalia,amaia,pusiese,6,otros,3,estar√≠a,forzando,meterlos,lista
mais,vous,√™tes,ouf,imaginez,met,coups,pression,vire,dans,aigu√´,xptdrr,never
todo
l4rry4lmighty,puesto,39,1212,mal
claraamm,uiiii,problem
mensaje,amor,esas,personas,estado,ellas,desde,infancia,las,queriendo,m√°s,nada,mundo,sabes,m√°s,busques,nunca,encontrar√°s,gente,como,ellxs,
germans,dalton
wizobcn,soldadoviejo66,pompita71,kalei1415,saquiol89,srsensato7,mackeiham,gracias,
tamarapazosm,t√∫,t√∫,t√∫,cuentes,eso
lusilu,soy,puto,amo,siempre,ganoooooo
squanchyelgato,kirisunshine,yo,acabo,comer,gambas,sepia
buah,hoy,princessinca,mtmad,hecho,acordar,adolescencia,despertando,calcet√≠n,soy,√∫nico,entiende,hizo,princessinca1,princessinca,somoslaaudiencia26d
princesselemm,
hoy,d√≠a,pueblo,rosal√≠a,santesteve
lgejp,jiminie02,millor,posa,twitter,iphone,dir,foto,penjada,iphone,xdd
llevamos,40,a√±os,democracia,evitando,comunistas,goviernen,porque,caca,pero,hemos,comprobado,varias,veces,bipartidismo,tenemos,funciona,sabemos,vox,misma,mierda,pues,porque,probamos,comunistas,m√°s,podemos,perder
elespanolcom,manuelvalls,tachaaaaaa√°n,dir√°,aldegroup
mustafina,dijo,todo
ü§¶‚Äçü§¶‚Äçü§∑‚Äç‚Äçhumor
mehdielultimo10,mdrrrrr,mais,fr√®re,foutu,pour,foutu,moins,nous,ramener,mec,dr√¥le
vaaserquenoxd,owahabbo,soyrii,belenhabbo,eshabbo,pones,se√±orito,cumplea√±wro,
advil,this,awesome,dude
mikcsgo,jajaja
yolandacmorin
pieman815,entiendo,seg√∫n,producto,pueda,perder,aprovecha,tir√≥n,mientras,pueda,pero,precisamente,amaia,entendido,n√°
roseicollis,nicoporfavor,estacionales,mgpapers,nataliacremades,tevarariadna,luaduartescrit,hydrarosis,buena,estanteria,ü§ó
uouu,pinyaupinyau
acaba,publicar,foto
gloriaelizo,donde,dignidad,las,personas,como,servidor,ley,puede,vender,corrupcion,acaso,conoc√©is,karma,hay,ten√©is,villarejo,c√°rcel,temiendo,por,vida,dice,nooo
elmalo,tiltedmercy,pues,muy,feo,pesao,mierda,subnormal,cansino,cansino,feo,mierda,estas,contento,ahora
voy,borrar,tuits,ten√©is,hasta,polla,sois,unas,putas,marionetas,m√≠nima,poquito,atenci√≥n,volv√©is,locos,pesadilla,aguantaros,triste,por,vuestra,parte,tener,personalidad,criterio,propio,estres√°is,cualquiera
joethebrew,deberia,servir,presidente,republica,decir,relaciones,diplomaticas,resto,paises
bombersman,wanted,australiana,bastante,reciente,nuevo,thelma,louise,
backspotgirl,por,dejarnos,disfrutarte
agraden,coses,fam√≠lia,fa,peresa,
catjigonzalez,oskarh71,eldekkoff,finmedios,manuellpezlope6,srspoc,lagartikabrona,prousomriures,oitamalabruixa,asediciosa2,jossangir,jjrubia,nimfarosa3479,que,preciosidad,vistas,espectaculares,
galets,nadal,santesteve,familia,jalu
publicoes,creo,espa√±a,izquierda,republicana,ayuden,permitirlo
gabrielrufian,golpista,separatista,supremacista,golpista
loxabvi,estoy,megadesconectado
diarioas,las,mejores,messi,maradona,duda
gu√†rdia,civil,reconstrueix,laura,luelmo,morir
utak,sabaw,buset
videojuegosgame,guillermo199727,felicidades
lluisllach,2019,
,nous,detalls,assassinat,laura,luelmo,huelva
fa,anys,discussi√≥,buscar,torna,√†via,cl√†ssic,nadal2018,discuteix,taula,nadal,fam√≠lia,juntes,amigues,aut√®ntic,regal,nadal
bcn,cultura,hugh,grant,sincera,escena,‚Äúinsoportable,‚Äù,‚Äòlove,actually
bcn,cultura,feliz,navidad,bon,nadal,merry,christmas
the,who,discovered,unseen,world
,entrenadores,jugadores,f√∫tbol,sala,quienes,venimos,jap√≥n,,barcelona,,,,
saps,origen,sant,esteve,celebra,catalunya,terrassa
rogeryoda,bon,profit,boss,
facher√≠o,tiene,esp√≠ritu,navide√±o,ü§£ü§£ü§£
juro,vea,gambas,entran,picores,alergia,normal
hahavids,itzluxas,23,campeon,como,las,leyendas,cestobalon
alexlehutin,quatremer,fannycarrier,int√©ressant,pour,vous,peuple,repr√©sent√©,par,violents,frustr√©s,incultes,d√©tester,sonnerie,d√©tester,peuple,ü§î
leonard,cohen,hallelujah,live,london
felis,nabyda,2015,anio,prospero,nuebo,xabale
num1966,nurianurianb,debemos,seguir,xq,sino,como,todo,saldr√°n,nuevas,cosas,para,distraer,atenci√≥n,todos,recordad,amenazas,sea,tenemos,hacer,justicia,para,xfavor,muchas,gracias
interior,pag√≥,fondos,reservados,novia,pujol,jr,por,incriminar,clan,v√≠a,indpcom
mustafina,peri,hace,semana,revent√≥,xq,unos,sofistas,estaban,llamando,amiga,traidora,criticarla,defender,suso
nerearoficial,dime,cantas,quedate,conmigo,porfa
come,risolvere,problemi,milan
detalhe,dessa,cidade,surreal,s√£o,sublimes,gaud√≠,realmente,foi,al√©m,extraordin√°rio,barcelona,catalunya,gaud√≠,casa,batll√≥,gaud√≠,barcelona
c√≥mo,configurar,tus,equipos,favoritos,alexa,para,diga,sus,resultados,amazon,echo
juanca198,evilafm,sido,siempre,ser√°,mejor,spiderman
evilafm,marvel
forinfinity,know,didnt,ask,but,recommend,this,site,most,of,the,artists,cards,got,from,good,quality
espamuru,beatriztalegon,cakealatake,alerta,troll,lazichurritoamarillos,ü§£ü§£ü§£ü§£,yo,descojono,lerdo,ü§£ü§£ü§£ü§£
2018,haber,ingresado,pr3sencegaming,2019,tener,pc,poder,jugar,como,debe
guinguardian,21,22,23
kai,desea,unas,felices,fiestas
vidalquadras,tiene,gobiernos,izquierdas,las,verdad
bueno,a√±o,puedo,m√°s,contento,est√°s,trufas,recogidas,hoy,para,nuestros,queridos,hermanos,torres,a√±o,estar√°n,embajadores,feria,trufa,salvaca√±ete,25,26,enero
eltiosam,05noseblue,pq,pillo,yo,as√≠,free,xdd
farm√†ciessjd,avui,dimecres,26,desembre,farm√†cia,gu√†rdia,21,9,farm√†cia,monta√±es,carrer,john,kennedy,1,santjoandesp√≠
laxarxaxanante1
raquelb612,coloque,mis,cuadros,qu√©,significa
animoglorioso,elmichuhd
ask,anything
wtf,youtube
disfruta,fant√°stico,imac,215,renting,por,muy,poco,dinero,oferta,para,empresas,aut√≥nomos,ofrece,intecat
arabes,ils,aucune,ponctualit√©
necesitamos,h√©roes,necesitamos,gestionar,conocimiento,organizacional,gestorespublico,colaboraci√≥n
traspaso,restaurante,c3,barcelonabarcelonaespa√±a,venta
