âš ï¸ğŸš—ğŸššEncara : EmbÃºs a l'AP-7 de Sant Cugat a Santa PerpÃ¨tua -&gt;Girona per una topada dâ€™un camiÃ³ i dos turismes . Ara hi ha un carril tallat .TambÃ© aturats a Santa PerpÃ¨tua -&gt;sud. Afecta la B-30 #equipviari
âš ï¸ğŸš—Aturats a l'AP-7 a l'altura de BarberÃ  sentit Girona per l'accident que hi ha a Santa PerpÃ¨tua-&gt;Girona  . #equipviari https://t.co/hGThSHJm5q
ğŸš™ğŸ”´CongestiÃ³ a la C-58 des de Cerdanyola al NT i a la  C-33 des de Montcada al NT . #equipviari
âš ï¸ğŸš—EmbÃºs a l'AP-7 de Sant Cugat a Santa PerpÃ¨tua -&gt;Girona per un accident que talla la via. TambÃ© cua de a Santa PerpÃ¨tua -&gt;sud. Afecta la B-30 #equipviari
âœ…Retirats els vehicles accidentats a la Ronda de dalt a Esplugues -&gt;Trinitat. Millora la circulaciÃ³ #equipviari
ğŸš†Talgo 694 (Sevilla-EstaciÃ³ de FranÃ§a ) acumula tres quarts dâ€™hora da retard per una incidÃ¨ncia tÃ¨cnica i limitacions de velocitat . #equipviari
"âš ï¸ğŸš—Cua a la Ronda del dalt de NLL a Esplugues -&gt;Trinitat per un accident .Afecta la B-23 de Sant Just Desvern a Esplugues -&gt;Ronda de dalt 
â¡ï¸Retencions a la Ronda litoral de Zona Franca a Can Tunis -&gt;BesÃ²s #equipviari"
"ğŸš™Continuen les CUES:
ğŸš§C-17 de la Llagosta a Montcada -&gt;BCN per obres 
De B-24 CervellÃ³ a N-340 Vallirana -&gt;Tarragona 
C-14 entre Montblanc i Pira 
C-65 a Llambilles, a banda i banda #equipviari"
"ğŸš™Ara tambÃ© aturats:
AP-7 de Sant PerpÃ¨tua a BarberÃ  i de RubÃ­ al Papiol -&gt;sud 
 B-23 de Molins de Rei al  Papiol -&gt;Girona 
C-1413 antiga del Papiol a Sant Cugat 
 B-30 a BarberÃ  -&gt;sud i a Cerdanyola -&gt;nord 
C-58 a Sant Quirze -&gt;sud #equipviari"
ğŸš™RetenciÃ³ a la B-22 a l'entrada de la T1 de l'aeroport del Prat . TambÃ© afecta la C-31 sud -&gt; Tarragona. #equipviari
âš ï¸ğŸš—Cua a la Ronda del dalt de Nus del Llobregat a Esplugues -&gt;Trinitat per un accident .Afecta la B-23 de Sant Just Desvern a Esplugues -&gt;Ronda de dalt #equipviari
âš ï¸ğŸššğŸššTopada amb dos camions implicats a la B-142 a l'altura de la rotonda de PolinyÃ . Cues  #equipviari
"ğŸš™CUES:
ğŸš§A-2 a Sant VicenÃ§ dels Horts -&gt;Lleida per obres
De la B-23 Molins de Rei a lâ€™AP-7 al  Papiol -&gt;Girona 
AP-7 i B-30 a BarberÃ -&gt;sud 
C-58 a Sant Quirze-&gt;sud 
Ronda de dalt de SarriÃ  a Roquetes-&gt;BesÃ²s 
Cua a la Ronda litoral de la Vila OlÃ­mpica-&gt;Nus Llobregat  #equipviari"
âš ï¸1 sol carril obert a la C-65 a #Llagostera per retirar un vehicle que ha tingut un accident. PrecauciÃ³! #equipviari
"âœ”ï¸C-241d normalitzada, estava tallada a #Sarral per retirar un vehicle accidentat aquest matÃ­ #equipviari"
âœ”ï¸Retirat un camiÃ³ avariat a l'A-2 a #Abrera -&gt; BCN. Es normalitza la circulaciÃ³ #equipviari
âš ï¸C-241-d tallada a #Sarral (Conca de BarberÃ ) per retirar un vehicle que ha tingut un accident aquest matÃ­ #equipviari
"@ClaraVirgili_ GrÃ cies, Clara! ğŸ™‚"
âœ”ï¸Normalitzada la circulaciÃ³ als TÃºnels del Garraf (C-32) a #Sitges -&gt; BCN #equipviari
"âš ï¸Retencions als TÃºnels del Garraf (C-32) a #Sitges PK 36-34,5 -&gt; BCN. Retiren els vehicles implicats en un accident, que sÃ³n al voral. PrecauciÃ³! #equipviari"
"âš ï¸1 carril tallat a l'A-2 a #Abrera PK 583 -&gt; BCN, a causa d'un vehicle avariat. Retencions des d'#Esparreguera, precauciÃ³! #equipviari https://t.co/KSxhDjVX8O"
âš ï¸ğŸš†R14 @Renfe Lleida 06:23 - EstaciÃ³ FranÃ§a 09:49 circula amb 35 minuts de retard #equipviari
"âœ”ï¸N-II reoberta a #Agullana (Alt EmpordÃ ). Estava tallada des de poc desprÃ©s de les 5, a causa d'un accident. Encara retencions a #PontDeMolins -&gt; nord #equipviari"
âš  #ÃšltimaHora Detinguts 4 homes acusats per 7 assalts violents a l'AP7. Es feien passar per policies i assaltaven de nit autocaravanes i furgonetes aparcades en Ã rees de servei @mossos https://t.co/H6FUzF5yRz
"âš«ï¸Tallada des de poc desprÃ©s de les 5 de la matinada l'N-II a #Agullana (Alt EmpordÃ ) per topada frontal en quÃ¨ s'han vist implicats 3 vehicles. Desviaments per l'AP-7:
â¡ï¸sud per l'entrada de La Jonquera 
â¡ï¸nord per l'accÃ©s de Pont de Molins 
#equipviari https://t.co/i6gUjYIKG2"
"âœ”ï¸N-340 normalitzada a #CervellÃ³, on hi ha hagut un accident #equipviari"
âš ï¸15 km de cua a l'A-2 de #Martorell a #PallejÃ  -&gt; BCN. Retirats els vehicles implicats en un accident. Alternativa: AP-7 i B-23 #equipviari https://t.co/dCmMUTjwPE
"â—ï¸Pas alternatiu a l'N-340 a #CervellÃ³ PK 1.231, per accident. Retencions en tots 2 sentits #equipviari"
"âš«ï¸N-II tallada a #Agullana (Alt EmpordÃ ) en tots 2 sentits, a causa d'un accident. Desviaments per l'AP-7, precauciÃ³! #equipviari"
"âš ï¸Accident a l'A-2 a #PallejÃ  PK  601 -&gt; BCN.  Retencions des de #SantAndreuDeLaBarca, precauciÃ³! #equipviari"
"@taxisigualada GrÃ cies, bon dia! ğŸ™‚"
"ğŸš™Millora la circulaciÃ³ , nomÃ©s queden retencions :
âš ï¸ğŸš—Autopista del maresme a Argentona -&gt;MatarÃ³ per un vehicle avariat . Afecta la C-60 
â¡ï¸B-30 a BarberÃ  -&gt;sud i a Cerdanyola -&gt;nord 
â¡ï¸Ronda de dalt a CornellÃ  -&gt;Llobregat  #equipviari"
"ğŸš™CUES:
AP-7 a Castellbisbal -&gt;BCN . Hi ha hagut un accident 
C-16 (tÃºnels de Vallvidrera) a la Floresta -&gt;BCN  #equipviari"
âš ï¸ğŸš—Aturats a la C-58 de Terrassa a Sant Quirze-&gt;BCN  (accident) i de Montcada al Nus de la Trinitat i tambÃ© a la sortida de Ripollet i a Sabadell -&gt;Terrassa #equipviari
"ğŸš™CUES:
C-32 (autopista del Garraf) a Sant Boi 
TÃºnel de Vallvidrera -&gt;BCN  #equipviari"
"âš ï¸ğŸš—A BCN: Accident a la plaÃ§a Francesc MaciÃ . Cues a la Diagonal , a banda i banda  #equipviari"
"ğŸš™Retencions:
Aturats a l'AP-7 a Martorell 
C-60 a Argentona cap a MatarÃ³ 
C-1413 antiga dâ€™entrada a la poblaciÃ³ de Sabadell  #equipviari"
ğŸš™Trams de retencions a la Ronda de dalt sentit BesÃ²s  i a la Ronda litoral en tots dos sentits de la marxa. #equipviari
"ğŸš™Continuen les retencions:
A-2 de PallejÃ  a Sant VicenÃ§ dels Horts -&gt;BCN i a CornellÃ  -&gt;Lleida 
De B-24 CervellÃ³ a N-340 Vallirana sentit Tarragona i a Vallirana -&gt;BCN 
C-17 a Parets del VallÃ¨s 
C-352 a Granollers 
Ronda oest de Sabadell #equipviari"
"ğŸš™Ara ATURATS:
AP-7 de Santa PerpÃ¨tua a BarberÃ  i de RubÃ­ al Papiol  -&gt;sud
B-30 a BarberÃ  -&gt;sud i a Cerdanyola -&gt;nord 
C-58 de Terrassa a Sant Quirze i de Montcada al NT 
B-23 de Molins de Rei al Papiol -&gt;Girona #equipviari"
"ğŸš™TambÃ© retencions:
â¡ï¸Ronda litoral de Zona Franca a Can Tunis -&gt;BesÃ²s
 âš ï¸ğŸš—Passeig de Sant Gervasi on hi ha hagut un accident 
â¡ï¸Ronda General Mitre a Lesseps  i a lâ€™avinguda del Tibidabo #equipviari"
"ğŸš™Ara CUES:
AP-7 a BarberÃ  -&gt;sud
B-30 a BarberÃ  -&gt;sud i a Cerdanyola -&gt;nord 
C-58 a Sant Quirze -&gt;sud 
De B-24 CervellÃ³ a N-340 Vallirana sentit Tarragona i a Vallirana -&gt;BCN 
C-352 a Granollers 
Ronda oest de Sabadell #equipviari"
"ğŸš™Continuen les CUES:
Ronda litoral de Zona Franca a Can Tunis -&gt;BesÃ²s 
Diagonal del parc de Pedralbes a plaÃ§a Reina Maria Cristina #equipviari"
"ğŸš™Encara ATURATS:
De B-23 Molins de Rei a lâ€™AP-7 al Papiol sentit Girona  
ğŸš§A-2 de Sant Feliu de LL a Sant VicenÃ§ dels Horts sentit Lleida per les obres
ğŸš§C-25 a Riudellots de la Selva per obres 
C-58 a Sant Quirze -&gt;sud 
De B-24 CervellÃ³ a N-340 Vallirana  #equipviari"
ğŸš†TALGO (Llorca- Sants) acumula un retard de tres quarts d'hora. #equipviari https://t.co/MzEtc8wUaS
"âš ï¸ğŸš—Accident a la N-340 , a lâ€™entrada de Vallirana sentit Tarragona . Hi ha cua compacta en tots dos sentits . #equipviari"

Un diumenge des de les 8.30h fent obres al Cr.Mossen Anton. Els veÃ¯ns diem PROU! @Totbadalona @IndependentBDN @AjBadalona @mariadolorsa @AlcaldePastor https://t.co/mN8tE1IwuA
Els CDR desafien Torra tallant l'AP-7 https://t.co/Qf0hc8Qsiu
"Obres al passeig RubÃ­ de Valldoreix per garantir una major seguretat vial
Lâ€™Entitat Municipal Descentralitzada de Valldoreix ha comenÃ§at les reformes de la via pÃºblica i millora de les cruÃ¯lles del passeig de RubÃ­. Amb la intervenciÃ³ dâ€™aquestes obres esâ€¦ https://t.co/qYYVYKjsVt https://t.co/IpKSibOqrp"
"@cdr_cambrils Hem aixecat el tall! DesprÃ©s de mÃ©s de 15 hores defensant la repÃºblica al sud del principat 
GrÃ cies a totes i tots! Fins demÃ ! #AP7 #Ampolla #CDRenXarxa #LaForÃ§aDeLaGent #Empoderemnos #ElPobleTornaAlCarrer #JuntsHoPodemTot @elvellblues https://t.co/1NNNPNa7k3"
"Els CDR aixequen el tall a lâ€™AP-7 a lâ€™Ampolla desprÃ©s de 15 hores de bloqueig https://t.co/a4rrivp897
El centenar de membres dels CDR que han tallat lâ€™AP-7 a lâ€™altura de lâ€™Ampolla durant mÃ©s de 15 hores han acordat amb els Mossos dâ€™Esquadra aixecar el bloqueig, segons han comuâ€¦"
"A la prÃ ctica doncs, la principal via de comunicaciÃ³ catalana l'AP7, tallada en els dos sentits per les protestes dels #GiletsJaunes i cap menciÃ³ als informatius de @Catinformacio, ni altres mitjans de la corporaciÃ³. Incomprensible la poca atenciÃ³ mediÃ tica cap aquest incident"
"#AP7 Nit tancada al tall de l'autopista a l'#Ampolla Ja fa 12 hores que els #CDR impedeixen la circulaciÃ³ en els dos sentits de la marxa. Desviaments per #N340. Al lloc, fogueres per combatre el fred #VagaDeFam #LlibertatOstatges #UsVolemACasa @elvellblues
https://t.co/OiP12D8MyN"
"âš  #Ãšltimahora Els CDR aixequen el tall de l'AP-7 a l'Ampolla desprÃ©s de gairebÃ© 15 hores  https://t.co/gqGMIElGMv
via @324cat"
âš  #Ãšltimahora Els CDR aixequen el tall de l'AP-7 a l'Ampolla desprÃ©s de gairebÃ© 15 hores  https://t.co/Fcrg4r0zUt https://t.co/7xi4cOS3H7
"Els #CDR donen per acabat el tall a l'AP7 a L'Ampolla. S'hi han estat 15 hores i els @mossos no han intervingut en cap moment. Ens ho ha explicat, durant tot el dia, la @isabelojedam | @linformatiu_tve @tve_catalunya https://t.co/e4kVGtVgGU"

Es nota la bonanÃ§a meteorolÃ²gica i el pont https://t.co/TPr0V5HKUu Cues d'1 hora i mitja per pujar al El Parc Nacional d'AigÃ¼estortes i Estany de Sant Maurici ğŸ“· @rosatalamas #324eltemps https://t.co/KWeSJVvwit
PRECAUCIÃ“: Retencions a l'AP-7 a #SantCugat per un accident https://t.co/7NxetTVfyZ
SANTA COLOMA DE GRAMENET: B14 - B15 Tall provisional a l'avinguda Cataluna https://t.co/NTCpduPeH1
SANTA COLOMA DE GRAMENET: B81 Tall provisional al carrer Sant Andreu https://t.co/fmZhWwQpXS
BARCELONA: N9 Tall provisional al passeig Torras i Bages https://t.co/qCcUb21g6q
Afectacions que poden superar els 15 minuts per incidÃ¨ncia tÃ¨cnica entre Arc de Triomf i Clot AragÃ³. Els trens poden romandre detingut
@Ernest1899 @rodalies Incidencia entre Clot i Arc Triomf.
"AixÃ­ Ã©s com ha quedat un dels cotxes implicats en l'accident d'aquest migdia a la Gran Via. Hi han estat involucrats dos cotxes mÃ©s i una moto.
T'ho expliquem ğŸ‘‰ https://t.co/BXzVx7wEZM https://t.co/Z1dhnDwh1O"
EstaciÃ³ de Torres i Bages tancada per incident. No funciona cap a Fondo. @TMBinfo @TMB_Barcelona
"Alerta, continuen les retencions a la C-16, entre Berga i Cercs, i a la C-14, a OrganyÃ  https://t.co/hxgNDzTRHb"

Una manifestaciÃ³ a la Catalunya Nord talla la frontera a l'AP-7 i provoca cues quilomÃ¨triques https://t.co/YzBOfqvmy0
Una manifestaciÃ³ en solidaritat amb la vaga de fam de SÃ nchez i Turull ha tallat la via Laietana de Barcelona https://t.co/tl7qNtR0eV
"Prohibeixen el pas de camions a l'AP-7 en sentit nord. Des de fa dies hi ha cues cap a la Jonquera per la protesta dels #armillesgrogues. Segons @transit, es desvien cap als polÃ­gons de Sant Feliu de #Buixalleu"
El sinistre s'ha produÃ¯t aquesta matinada a #Sabadell https://t.co/JyV7ckAx0e
@egarriga @jartigasm @soumoltmacus @albacru No pas. Qui el va reutilitzar va ser l'EMM. Les obres de remodelaciÃ³ van ser per la Zona XXI. Mitjans dels 90.
"ğŸš§ Tall de trÃ nsit per millores a la xarxa d' #AiguesVNG
ğŸ—“ 4 i 5 de Desembre
â° 9.30 h del 4 a 18 h del 5
ğŸ“ Pg. Ribes Roges (entre LluÃ­s Companys i LluÃ­s Recasens)

ğŸ”µâšª MÃ©s informaciÃ³ a: https://t.co/nG1kVIw0vM https://t.co/M5ZVQIRRh2"
"Al tram del carrer Figueral i carrer Consell demÃ  enllacem 2 obres a la Via PÃºblica i ens anulen fins q no acabin les obres unes 15 places dâ€™aparcament. HaguÃ©s estat bona idea enviar una circular als veÃ¯ns i veÃ¯nes afectats, no creieu @ajlagarriga ? #laGarriga"
"@ramirp @JoseMar72168618 Pero per tranquilitat de tots, hem tallat la Via Laietana i ens hem fet sentir. Es lo minim que es meteixen els nostres politics en vaga de fam."
"AtenciÃ³! Fins el 14 de desembre el tram final de les escales mecÃ niques de la Baixada de la GlÃ²ria, al c. Mare de DÃ©u del Coll, romandrÃ  tancat per obres de manteniment en el clavegueram. MÃ©s: https://t.co/0qjYMYbRe2 https://t.co/HGD3TvW9dC"
Els Armilles Grogues provoquen cues quilomÃ¨triques a la frontera de la Jonquera via @elnacionalcat https://t.co/ZcJvjfN7ie
Al voltant de 150 persones han tallat la via Laietana gairebÃ© dues hores per donar suport als presos independentistes https://t.co/p20D7L2ROe https://t.co/MLaJJD0a9k
CirculaciÃ³ amb retencions (RetenciÃ³): C-16 | CERCS | Sentit Sud cap a BARCELONA | Punt km. 108-111 | 17:08
Retencions a Bellmunt. @transit https://t.co/IDqqLFXguq
"Primer accident greu a l'avinguda amb Joan Amades @ajmontblanc #Montblanc Carrers mig oberts, mal senyalitzat, arena a la calÃ§ada (1)"
âš ï¸ğŸ‡«ğŸ‡· Armilles grogues de la Catalunya Nord tallen la frontera a l'AP-7 i provoquen cues quilomÃ¨triques https://t.co/vsbzJVmZ6Z
Una manifestaciÃ³ a la Catalunya Nord talla la frontera a l'AP-7 i provoca cues quilomÃ¨triques https://t.co/uKh6rIBKW5
"Han comenÃ§at les obres de remodelaciÃ³ del parc del barri de Can Bou, s'han tret tota els elements vells i estÃ  previst poder-lo tornar a reobri a mitjans dâ€™aquest mes, disculpeu les molÃ¨sties !! #piera57km #pladeparcs51"
Les obres del passeig del Vapor Gran de #Terrassa ja tenen data d'inici https://t.co/WNJmSAR6tV
"""No hi ha dret que ho facin coincidir amb la festa major, s'ha format una bona caravana a la #Meridiana protesta un veÃ­. ""Hem hagut d'aparcar gairebÃ© al BesÃ²s perquÃ¨ estava tot #SantAndreu colÂ·lapsat!"", explica una altra afectada. https://t.co/LPw7kTkrrG"
"Baixeu a Via Laietana, si us plau.

La gent ha tallat el carrer, perÃ² hi falta molta mÃ©s gent. https://t.co/LPTpK8IcUU"
"#IGUALADA
Finalitzen les obres de reforma integral de la PlaÃ§a del @mercatmasuca https://t.co/8oOqWfxOTz"
Via Laietana tallada #vagadefam https://t.co/BUiGCLGeSN
"âš ï¸Recordeu que DEMÃ€ inicien els canvis provisionals de circulaciÃ³ a la zona d'obres de Rius i Calvet. Les afectacions tindran lloc el 3, 4 i 5 de desembre com a motiu de l'asfaltat i pavimentaciÃ³ definitiu de l'Ã mbit de les obres.âš ï¸

+ informaciÃ³ a https://t.co/LmCn6REBjZ https://t.co/VaRTPZc7pI"
"âš ï¸ğŸš§ Tallada la via Laietana per una concentraciÃ³ de 150 persones en suport als lÃ­ders independentistes empresonats
https://t.co/p20D7L2ROe"
Finalitzen les obres de reforma integral de la PlaÃ§a de la Masuca dâ€™Igualada https://t.co/go7iqDvDwS
"Via Laietana tallada ara mateix. Fa falta mes gent. 
#FemXarxa https://t.co/Fduf1DEdnf"
Mor un noi de 19 anys de Santa Maria d'OlÃ³ en un accident a la C-25. https://t.co/Uloi7U6k9c
El tall a Via Laietana segueix https://t.co/B4m09WtzdP
Accident mortal a la C-25 a Sant Bartomeu del Grau #Osona https://t.co/GH8KRW8UWl
"âš ï¸#AjuntamentInforma: El proper dilluns, 3 de desembre, es faran obres al CamÃ­ del Golf (cruÃ¯lla amb Av. Sant Andreu), per realitzar els treballs adients per instalÂ·lar una nova canonada d'aigua. Per aquest motiu, es produirÃ  un pas alternatiu al llarg de tot el dia. https://t.co/5rIwXTl9sL"
Finalitzen les obres de reforma integral de la PlaÃ§a de la Masuca dâ€™Igualada https://t.co/LS99onnCX5
Tota la Meridiana embotellada per obres  I NI UN SOL POLI DE LA @barcelona_GUB #lamarequeusvaparir INÃšTILS #barcelonanofunciona
"Tall de trÃ nsit dilluns al passeig del Nard

@EMDValldoreix 

https://t.co/4pFj6l4QzH https://t.co/u1c0S0xN3N"
Una home que conduÃ¯a de manera temerÃ ria anit a la plaÃ§a Imperial Tarraco va provocar un accident amb altres vehicles implicats a MarquÃ¨s de Montoliu https://t.co/nwJxOBanxM
"#TARRAGONA| AparatÃ³s accident mÃºltiple a la plaÃ§a Imperial Tarraco
https://t.co/Sj69mobRIu https://t.co/wyNRi9UCYZ"
Finalitzen les obres de reforma de la PlaÃ§a de la Masuca dâ€™Igualada https://t.co/rvOGvYjEgt
"Us recordem que avui:
TALL ğŸš§ per: ""CURSA de la INFÃ€NCIA""ğŸ‘§ğŸ§‘
ğŸ“… 2 de desembre
ğŸ“ Barri de Can Jofresa
ğŸš AfectaciÃ³ lÃ­nies: 7,8 i 9
ğŸ•’ De 10.30 a 12.00 h.
â¡ï¸ Parada provisional: situada a la l'Av. Sta. EulÃ lia al costat de la benzinera. https://t.co/zcDhBhw1DF"
"Tall de trÃ nsit dilluns al passeig del Nard

Lâ€™EMD talla el trÃ nsit del passeig del Nard aquest dilluns, desviant els vehicles per lâ€™avinguda de Ramon Escayola. Lâ€™actuaciÃ³ es fa per tasques de reparaciÃ³ del ferm i reasfaltat, en el tram entre el pont de â€¦ https://t.co/danotWHUqS https://t.co/SMbIwzLWah"
@rac1 Portem 2 hores i mitja aturats desprÃ©s de travessar mig FranÃ§a per carreteres secundÃ ries pels talls a l'A9
"Dilluns 3 comencem #obres dâ€™arranjament a la plaÃ§a de MeguidÃ³, a #SantGenÃ­s. MÃ©s detalls aquÃ­ https://t.co/XQVrKNYmjk https://t.co/V9fEnvI3cc"
ğŸš§ Aquest cap de setmana es repeteix un tall en el servei dels @FGC com el de la setmana passada https://t.co/lNPI3p2bP8
ACTUALITZACIÃ“ | Dos camions s'han vist implicats en l'accident i un camioner ha resultat ferit greu https://t.co/KhVSUAUNyU https://t.co/PxYksJUj1h
"Gent del Poblenou!! Si agafeu cotxe, sapigueu que el carrer llacuna esta tallat a lâ€™altura del centre comercial glÃ²ries i no es pot accedir a la gran via."
"Retencions a la frontera per les protestes a FranÃ§a
 https://t.co/11njz6w7M7"
L'accident ha tingut lloc a la C-16 i han resultat ferides quatre persones en total https://t.co/YLUiEFDcuL
La Penya Tallada a Salou  #igers_salou #igerscostadaurada #encostadaurada #turismecostadaura #visitsalou #photoworld_starall #raconsde_detalls #pintofotografÃ­a #pintofotografiaâ€¦ https://t.co/iIKeKgGKSj
"para @barcelona_GUB, increÃ­ble, no he vist tan sol un urbÃ  per controlar la tallada heavy de trÃ nsit en ""botigas al carrer"" de Gran de GrÃ cia.. una mÃ©s.. #senseperdÃ³ #fentvi@"
Una persona ferida en un accident a l'AP-7 https://t.co/KhVSUAUNyU https://t.co/28o1A0plLj
"âš ï¸Recordeu que dilluns inicien els canvis provisionals de circulaciÃ³ a la zona d'obres de Rius i Calvet. Les afectacions tindran lloc el 3, 4 i 5 de desembre com a motiu de l'asfaltat i pavimentaciÃ³ definitiu de l'Ã mbit de les obres.âš ï¸

+ informaciÃ³ a https://t.co/LmCn6REBjZ https://t.co/Xu9JfXYOzj"
L63 L64 L65 L68 L69 N50 CNSY AlteraciÃ³ servei per obres https://t.co/iW0vNGlrTc
"La #PoliciaLocal d'#Igualada informa que, com a mÃ­nim fins dilluns vinent, la Rbla. Sant Ferran romandrÃ  tallada al #trÃ nsit a l'alÃ§ada de la Pl. Castells, a causa de despreniments en la faÃ§ana d'un edifici deshabitat https://t.co/NbrKvEJ2Fj https://t.co/NQh9InM7ql"
ATENCIÃ“: Rambla st Ferran #Igualada TALLADA alÃ§ada plaÃ§a Castells per seguretat enfront desprendiments a faÃ§ana d'edifici deshabitat. PrevisiÃ³ mÃ­nim fins dilluns inclÃ²s. https://t.co/GQZgW6iYYy
@FGC ğŸ“LÃ­nia Llobregat-Anoia: fins al dia 9/12 tall de servei entre L'Hospitalet Av. Carrilet i Sant Boi - servei substitutori en autocar #mobilitat #BaixBus #BaixLlobregat #Transport https://t.co/Aop33xTf1k
"Lamentem la mort d'un vianant aquesta matinada en un accident a la Ronda Litoral i traslladem el nostre condol a la famÃ­lia i amistats. Refermem el nostre compromÃ­s per a continuar treballant per reduir les  vÃ­ctimes d'accidents de trÃ nsit a Barcelona. 

https://t.co/INRIPqIBVi"
@josepsansm @CDRCatOficial Han tallat l'accÃ¨s al viaducte de Millau
@oreidoefecto vaig passar ahir amb el cotxe per la zona i tela el caos de trÃ nsit amb les obres tambÃ©. Volia canviar de sentit i no hi havia manera.
Retencions camÃ­ a lâ€™oliva #transit #dramarural  #olivaparty #anaraloliva https://t.co/YZczsVXLj4
"Lâ€™Ajuntament de Banyoles ha iniciat les obres per dotar dâ€™un carril bici i adequar la vorera al carrer Boi Juscafresa, al barri de Can Puig. Bon dia. https://t.co/DPG1aIA7sy"
SANT BOI DE LLOBREGAT: L77 Tall provisional a l'avinguda Maria Girona https://t.co/zuBrWuN9IL
"Aquest cap de setmana, tall de servei entre les estacions de plaÃ§a Catalunya i GrÃ cia d' #fgc https://t.co/1FhCn69LvA"
"ATENCIÃ“! Tall de servei a FGC entre PlaÃ§a Catalunya i GrÃ cia aquest cap de setmana

#SantCugat

https://t.co/WU3pjxE747"


@1ni2s Per fi molta gent obrirÃ  els ulls. AixÃ² de les eleccions a Andalusia estÃ  acollinint a molts (ERC i en ComÃº no podrem). Voldran fugir dâ€™aquest futur tant negre que sâ€™estÃ  dibuixant. Un bany de realitat.
Quan els treguin el PER veurem si cantan tan! ğŸ“ŒğŸ“Œ https://t.co/Vq2gsB2eUF
"@_Sara_Gonzalez_ SÃ³c molt pessimista. No Ã©s un pronÃ²stic, Sara. Ã‰s proposar una altra lectura. No donar per suposat que els tres sumaran. Insistir que lo de VOX Ã©s molt greu i que els seus aliats quedaran tacats."
"Direu que sÃ³c rencorosa perÃ² m'alegro de la patacada del PSOE,  la Susanita i el SÃ¡nchez i tambÃ© per la part que li pertoca d'Iceta.  Potser se us baixaran una mica els fums i els egos. https://t.co/aVm9BhgMuF"
"@LaHipogrifa Por no hablar de la homofÃ²bia, racismo y maltrato animal... https://t.co/86EPl8ZlV1"
@jopasso @er_pllo Em sembla que t'has passat el vespre dient subnormal a la penya i has fet una feina molt lloable
"Molt bon twitt del conegut periodista turc @candundaradasi a favor dels nostres presos. TambÃ© ell va viure a la seva pell, la repressiÃ³ d un paÃ­s autoritari i antidemocrÃ tic.
Europa es desperta.
#freeCatalanPoliticalPrisoners https://t.co/YuRfcqkexv"
Espanya cada dia mÃ©s lluny. Cal correr sense parar i no mirar enrera.
"Puigdemont, al PSOE: ""Assumir la cultura de ""l'a por ello"" us ha enfonsat"" https://t.co/XLdHaf2Kzm"
@lbassets @elpais_espana Tenir un model d'estat diferent al vigent es quelcom frÃ­vol o natural en democrÃ cies sanes?
"@QuicoSalles I mira que la DÃ­az ens donava canya, perÃ² es veu que no era prou..."
@bcnenlluita A veure si et penses que la gent que sap negociar en conflictes complicats fa aquestes bestieses.
FastigÃ³s https://t.co/hQWVtbyR1U
@LaPotlla @Rincewindcat @RogerPala Els poden donar molt pel cul.
"@iuforn @Jurassicq Obviament SI, sÃ³n exactament el mateix."
"Estic horroritzada. La gent que vota Vox sÃ³n conscients que estan en contra de lâ€™avortament, de la igualtat de gÃ¨nere, de la diversitat sexual i de tot allÃ² que protegeix els drets de les dones i de les minories? O senzillament odien els catalans?"
"Un gran #fitnessday a #SantCugat, amb moltes activitats i premis dels clubs participants, encarant la recta final de  #santcugatciutateuropeaesport. Solidaris amb el #DiaInternacionalDiscapacitat. 
@_vaic_ @AnytimeFitness @fitnesscugat @CEValldoreix @Cataloniafundac https://t.co/BrloLGGIyC"
@JaumeAlonsoCuev LlÃ stima d'abortamen.
"Crec que avui ho deixo en aquest tuit, que la clava. Res mÃ©s a dir. https://t.co/QVGmCFA0jU"
@Franel_Landau @lluis_llach @SusodeToro1 @AdaColau Que dius. Potser. Are es fera amiga d'ells.
"@bcnenlluita No dir quins sÃ³n els teus lÃ­mits no Ã©s cap mentida. Ã‰s ser intelÂ·ligent, no un loser."
@QuimTorraiPla Dons estaria be que treballesis per la independÃ¨ncia i deixesis les tonteries.
"ğŸ”´âš« INFANTIL MASCULÃ NEGRE | La crÃ²nica 
â–¶ @NBOlesa 43-31 @cblamerce 

ğŸ€ Lâ€™equip de Jonathan Lamhamdi i Marc MartÃ­ ha tornat a guanyar els martorellencs en el segon partit consecutiu aquest cap de setmana

ğŸ“· @enricalb22 

#123Olesa
#NBO https://t.co/xsVnczkuLw"
"@antoniobanos_ @EtniaNostra @AntonioMaestre PerdÃ³??? JxCat esquerres?
Antonio, ens prens per imbÃ¨cils?"
@jcoscu De gent potser com tÃº https://t.co/QETAt5rA6A
"@ramirp Avui estÃ  molt mÃ©s lluny el referÃ¨ndum pactat, perÃ² mÃ©s aprop la independÃ¨ncia."
"FÃ stic i mÃ©s fÃ stic. Franco avui munta una festa.
#EleccionesAndalucia"
"@Desiderata_Cat Una manera de continuar amb el bonisme dels dirigents que tenim, en aquest govern tebi que continua frenant les iniciatives de la gent i no saben liderar ni navegar per fer efectiu el mandat legitim del 1-O #independencia #nopassaran #vagadefam"
@xtomas @aleixramia Jo us qÃ¼estiono als dos ğŸ™ˆ https://t.co/dLAq6zwQBO
Al que em pregunti per com ha anat el finde el revento.
"@Miquel2XTI @saralidiaester @BeatrizTalegon Doncs estas de sort, a mÃ­ fa un temps que em tÃ© blocat, encara no sÃ© perquÃ¨, tampoc no la he insultat mai,  ja s'apanyarÃ .."
"@ohriol @er_pllo Ã‰s del PSC. Com el prota del Sexto Sentido, nomÃ©s ells no saben que lâ€™esquerra ha mort al PSOE."
"PerquÃ¨ alcaldessa, fer un front contra la inseguretat de Barcelona, que estÃ  en el pitjor nivell dels darrers 40 anys, o del preu de lâ€™habitatge, o del barraquisme que sâ€™ha triplicat en els darrers 4 anys no cal oi? https://t.co/v8HMzYq52K"
PiquÃ© i DembÃ©lÃ© marquen el camÃ­ de la victÃ²ria https://t.co/AF0nB1OFcN
Madre mÃ­a con el wishful thinking de la Internacional Federalista https://t.co/4ifH0SLmxb
"@Chenoaoficial total ğŸ‘Œ bona nit, bonita. ğŸ˜˜"
@EnyaGR @_ethan9 @ArnauBertomeu han tret un estribillo ara perÃ² la canÃ§Ã³ no surt fins 2019ğŸ˜‚ğŸ˜‚
INDEPENDÃˆNCIA
@sergipinkman I UN BOLI PREPARAT PER SI DE CAS
"@marcelmauri @miqueliceta deu estar orgullÃ³s i el PSOE tambÃ© , ells si que han despertat a la bestia"
@flowersigh @lluis_llach @paliuotes Que estÃ s dient. Mai varen marxar. O tu qui creus q votava al PP. Dins de PSOE. TambÃ© nia vian.  Estaban esperan.  Nosaltres. No fotis.  !
@Jud1969 Gent dolenta i venjativa n'hi-ha a tot arreu.
"El meu gos, quan Ã©s a sobre del sofÃ  mossegant una joguina i li cau a terra, rasca el sofÃ  compulsivament com si aixÃ­ haguÃ©s de fer-la tornar a pujar. Molt fan d'aquest raonament."
Farem bÃ© d'anar esmolant les falÃ§s...
"I anar passant. L'esquerra espanyola, blanquejadora eterna del feixisme, a seguir banyant-se en el seu perpetu  fangar intelectual. https://t.co/5ve1qUHb8l"
"@jordana_joan @Virgili7 Es espectacular la lluminaria, tant com la barra que tenen."
"@yeyaboya VÃ rem votar independÃ¨ncia i ha de ser la nostra fita. Ells han votat el ""a por ellos '"
"@vpartal @miqueliceta Iceta rius tan desprÃ©s dels resultats d'Andalucia, per culpa vostra."
"Que jo sÃ piga un comunista sap i afirma que el patriarcat Ã©s producte de la societat de classes, la qual tambÃ© es perpetua grÃ cies a ell. Quina mena de comunista ets per a negar l'organitzaciÃ³ social necessÃ ria per a perpetuar el sistema econÃ²mic actual."
"Guanya la RepÃºblica perÃ² nomÃ©s han votat a Madrid 22.000 persones....
quÃ¨ dirien si haguessin estat mÃ©s d'un miliÃ³ com al 9N aquÃ­?
      sÃ³n 4 gats malauradament
https://t.co/52sz7LpU8t"
@JaumeAlonsoCuev Son la mort i el terror. I ja els tenim aquÃ­. No podem retrocedir mÃ©s.
"Els Comuns van ser uns visionaris quan van dir que amb Podemos tot canviaria a Espanya, que pujarien les esquerres, i que un cop al poder, promourien un referÃ¨ndum a Catalunya."
"Clar i catalÃ : Que els fotin als ""nostres germans republicans espanyols""  primer hem de preocupar-nos de la nostra terra, ells que s'ho fagin com puguin com estem intentant fer nosaltres i no precisament recolzats per una majoria d'ells. https://t.co/geli5fd6vk"
"ACTUALITAT: ""La Pobla es retroba amb la victÃ²ria"" https://t.co/0b9XRDSORx https://t.co/JlxPhu03G9"
"@aleixramia QÃ¼estiona el que vulguis, perÃ² en mÃ rqueting polÃ­tic big data = segmentaciÃ³ electoral. I en aixÃ² han sigut, de llarg, els millors. I per a aixÃ² no cal pen drives de dades, ni parlar amb cap operadora de telefonia mÃ²bil. El quÃ¨ cal, Ã©s saber-ne."
"Aquest subnormal celebra el que pot ser la fi de la seva estimada Espanya. No us rigueu d'ell, el pobre no rep oxigen al cervell. https://t.co/eskL6BL1re"
"Totalment. La ruptura del #RÃ¨gimdel78 igual no Ã©s de la manera q alguns voldrÃ­em. El resultat a Andalusia Ã©s l'acte de ruptura amb la #ConstituciÃ³ mÃ©s gran en molt de temps a l'Estat, mÃ©s q els jocs florals i la gesticulaciÃ³ indepe nostrada. https://t.co/hrl4l9cnAb"
"DemÃ  mateix els partits independentistes catalans que volen ampliar les bases, aniran a Andalusia a convÃ¨ncer gent. Oi que si?
Au va...
#Unilateralitat #DUI"
#NiMediaBroma  Es urgente. Es necesario https://t.co/pCNedq4Koo
TambiÃ©n soy un poco cansino. Jajaja. AllÃ¡ que voy @cristina_pardo !! https://t.co/2DhbVJpF0L
@flavitabanana ğŸ‘ğŸ½ https://t.co/3Q4kfBW6DJ
"Si es que te lo ponemos muy fÃ¡cil vivir momentazos como este de @Berto_Romero en @LateMotivCero

Ve de pÃºblico a #LateMotiv y di que vas de nuestra parte ğŸ˜‰
ğŸ‘‰ https://t.co/75T2ICo2sU  
https://t.co/azX086uPlZ"
ğŸ‘ğŸ¾ğŸ‘ğŸ¾ğŸ‘ğŸ¾ğŸ‘ğŸ¾ğŸ‘ğŸ¾ https://t.co/ALojqqFZ4f
Ohhhhhh Mamma!!!! https://t.co/BkKxIVxhlX
SÃ­ amigos!! De esta guisa en la nueva de @cuerda1936 @TiempoDespues_ Un honor. #vayacaradesecundario https://t.co/tAAE5pNayT
"Never Forget.
@Berto_Romero  @LateMotivCero @MovistarPlus @ElTerrat https://t.co/4dt6wkQZD9"
Por supuesto!!! Ven y gocÃ©moslo juntos ğŸ· Gracias @NaideSabeNada @ElTerrat https://t.co/pE62qF9Ltc
Haya paz â˜®ï¸ https://t.co/BwmyPMqEgy
"Preguntas, dudas y reflexiones aquÃ­ con #NadieSabeNada o @NaideSabeNada. Y tambiÃ©n en la web de la SER: https://t.co/hg4mlYXPaN https://t.co/Yx44lNk4Kf"
Me llena de orgullo y satisfacciÃ³n recordÃ¡rles que ya se ha estrenado el nuevo espectÃ¡culo de @raulperez_76 . â€œRAULIDAD VIRTUALâ€. Le quiero como a un hijo y tengo fundadas esperanzas puestas en Ã©l. Feliz Navidad. @ElTerrat https://t.co/L8QYcUWkWT
"Vuelve el maestro Cuerda. Que bien!!! AsÃ­ es â€˜Tiempo despuÃ©sâ€™, la nueva pelÃ­cula de JosÃ© Luis Cuerda
 -  https://t.co/DunkFX9mTq"
Temazo!!!! Gracias @JRhodesPianist https://t.co/gw5eguhpQd
Esta banda de @LateMotivCero .... Son los mejores. https://t.co/3qjJjV7PDu
Programa Anti-vÃ©rtigo. Maravilloso. Gracias a ti!!! https://t.co/OJorWgotRY
"Buenafuente, Coronas, una tarta de merengue... la vanguardia del humor. #LateMotiv https://t.co/KpQ5wDZ2qn"
"Hay miles de niÃ±os y niÃ±as en #CaravanaMigrante en situaciÃ³n crÃ­tica. Es urgente que reciban ayuda. Me sumo a @SaveChildrenEs porque son solo niÃ±os, como los tuyos, como los nuestros. Firmemos para apoyar a la #InfanciaEnPeligro https://t.co/3gsEKIwxdw"
Yasssssss https://t.co/w34mEgP7Na
Hoy.... ğŸ˜³ğŸ˜… https://t.co/fkorB8NgaD
Humor en tiempos de indigNACIÃ“N. https://t.co/BwnzFyKSJ4
SamantÃ© para ti!!! https://t.co/QzIOVs0MYj
Muahahahaha!!!! https://t.co/6q6v43ZgwG
Se ha quedado buena tarde ... https://t.co/cRrbwbPkGD
Mi hija y yo os recordamos que hoy hay @NaideSabeNada en @La_SER a las 13.00!!!  Os esperamos!!!! https://t.co/g9c85Eqkye
Facu DÃ­az: debut a lo grande https://t.co/Ih0HpRmWgC
"Ven,ven @carnecrudaradio ... ğŸ‘º https://t.co/fRjfeUYUxO"
Y venga la risa!!!!! https://t.co/K09pTMSbeo
EMOCIONANT https://t.co/HpaspIXwQG
Las emocionantes grabaciones que descubren cÃ³mo se rodaba 'El Gran Circo de TVE' https://t.co/ieicsBEFoj
ğŸ¤ª https://t.co/c694L80Ddt
Desde esta tarde y hasta el domingo mis posters estarÃ¡n en el @utopiamarkets de ilustraciÃ³n en la parada de @TheFolioClub QuÃ© ilusiÃ³n! https://t.co/JhpbDOqhIS
CÃ³digo PPÃ©tico https://t.co/28dji5jVkV
PolÃ­ticos virales @UnitedUnknown @LateMotivCero @ElTerrat https://t.co/WiiPOvIneg
@danielguzman cuenta como nadie el teatro!!! https://t.co/le6tOcWep5
Enhorabuena compaÃ±ero @raulperez_76 !!! Contentos de estar a tu lado en el  est nuevo proyecto!!!! https://t.co/iOdy5WVHZ9
Habemus nuevo â¦@NaideSabeNadaâ© !!! https://t.co/rO91wgf43e
Bieeeeen!!!!! Gracias!!!! https://t.co/XYp7qdch8M
ğŸ‘ğŸ½!!!!! https://t.co/JG5nk1Jyba
RaÃºl Cimas @picuetin estÃ¡ en racha. Un placer trabajar a su lado!!! @LateMotivCero @ElTerrat https://t.co/lodpP8II40
Homenaje a Banksy ğŸ™ŒğŸ¿ https://t.co/gdntujJ6XE
Gracias por este sueÃ±o https://t.co/RYJR3m0iFn
"Mi admiraciÃ³n total por este seÃ±or â¦â¦@jordirocasanâ© . Gran artÃ­culo â¦@PauArenosâ© Jordi Roca: ""Mi cerebro desconectÃ³ y desaprendÃ­ a hablar"" https://t.co/5HSxFTKlIF"
Es un acto monstruoso de reduccionismo que usamos el tÃ©rmino 'abuso infantil'. Es mucho peor que eso y todos debemos hacer mÃ¡s para que EspaÃ±a (y el mundo entero) sea mÃ¡s segura para los niÃ±os y niÃ±as. #RompoElSilencio https://t.co/tixuj7e8ZY via @el_pais
TARQUE AND ROLL!!!!  Siiiiii!!!!!! #unoqueesfan https://t.co/Yvwpxr6qmp
"Born on this day in 1895... 

Happy Birthday, Buster Keaton! https://t.co/SebCV1rf9H"
Hoy rock del bueno y en directo!!  Carlos Tarque. ğŸ”¥ğŸ¤ğŸ¸@LateMotivCero @MovistarPlus @ElTerrat https://t.co/g9OWKvyCbZ
"Â¿CÃ³mo explicarÃ­a Groucho Marx ""El ProcÃ©s""? https://t.co/y5t5Snmbbd"
Muy recomendable. EUGENIO se merecÃ­a este reportaje. https://t.co/ZXLCYPHeXX

