	Text	Class
0	,operacio,tornada,,queden,retencions,,,ap7,sud,,martorell,castellbisbalbcn,a2,anglesola,bruc,collbatobcn,equipviari	1
1	encara,,embus,ap7,sant,cugat,santa,perpetua,,girona,topada,,camio,turismes,,carril,tallat,tambe,aturats,santa,perpetua,,sud,afecta,b30	1
2	aturats,ap7,altura,barbera,sentit,girona,accident,santa,perpetua,,girona,	1
3	congestio,c58,cerdanyola,c33,montcada,	1
4	embus,ap7,sant,cugat,santa,perpetua,,girona,accident,talla,via,cua,santa,perpetua,,sud,afecta,b30	1
5	retirats,vehicles,accidentats,ronda,esplugues,,trinitat,millora,circulacio	1
6	talgo,694,,sevillaestacio,franca,,acumula,,retard,incidencia,tecnica,limitacions,velocitat,	1
7	cua,ronda,esplugues,,trinitat,accident,afecta,b23,sant,just,desvern,esplugues,,ronda,retencions,ronda,litoral,zona,franca,can,tunis,,besos	1
8	continuen,cues,,c17,llagosta,montcada,,bcn,obres,b24,cervello,n340,vallirana,,tarragona,c14,montblanc,pira,c65,llambilles,banda,banda	1
9	ara,aturats,,ap7,sant,perpetua,barbera,rubi,papiol,,sud,b23,molins,papiol,,girona,c1413,antiga,papiol,sant,cugat,b30,barbera,,sud,cerdanyola,,nord,c58,sant,quirze,,sud	1
10	retencio,b22,entrada,t1,aeroport,prat,,afecta,c31,sud,,tarragona,	1
11	cua,ronda,nus,llobregat,esplugues,,trinitat,accident,afecta,b23,sant,just,desvern,esplugues,,ronda	1
12	topada,camions,implicats,b142,altura,rotonda,polinya,cues	1
13	cues,,a2,sant,vicenc,dels,horts,,lleida,obres,b23,molins,,ap7,papiol,,girona,ap7,b30,barbera,,sud,c58,sant,quirze,,sud,ronda,sarria,roquetes,,besos,cua,ronda,litoral,vila,olimpica,,nus,llobregat	1
14	1,carril,obert,c65,llagostera,retirar,vehicle,tingut,accident,precaucio,	1
15	c241d,tallada,sarral,,conca,barbera,,retirar,vehicle,tingut,accident,mati	1
16	retencions,tunels,garraf,,c32,,sitges,pk,36345,,bcn,retiren,vehicles,implicats,accident,voral,precaucio,	1
17	1,carril,tallat,a2,abrera,pk,583,,bcn,causa,vehicle,avariat,retencions,esparreguera,precaucio,	1
18	r14,renfe,lleida,06,,23,estacio,franca,09,,49,circula,35,minuts,retard	1
19	nii,reoberta,agullana,,emporda,,,tallada,5,causa,accident,retencions,pontdemolins,,nord	1
20	,ultimahora,detinguts,4,homes,acusats,7,assalts,violents,ap7,feien,passar,policies,assaltaven,autocaravanes,furgonetes,aparcades,arees,servei,mossos	1
21	tallada,5,matinada,nii,agullana,,emporda,,topada,frontal,vist,implicats,3,vehicles,desviaments,ap7,,sud,entrada,jonquera,nord,acces,pont,molins	1
22	15,km,cua,a2,martorell,palleja,,bcn,retirats,vehicles,implicats,accident,alternativa,,ap7,b23	1
23	pas,alternatiu,n340,cervello,pk,1231,accident,retencions,2,sentits	1
24	nii,tallada,agullana,,emporda,,2,sentits,causa,accident,desviaments,ap7,precaucio,	1
25	accident,a2,palleja,pk,601,,bcn,retencions,santandreudelabarca,precaucio,	1
26	taxisigualada,gracies,bon,dia,,	1
27	millora,circulacio,queden,retencions,,autopista,maresme,argentona,,mataro,vehicle,avariat,,afecta,c60,b30,barbera,,sud,cerdanyola,,nord,ronda,cornella,,llobregat	1
28	cues,,ap7,castellbisbal,,bcn,,accident,c16,,tunels,vallvidrera,,floresta,,bcn	1
29	aturats,c58,terrassa,sant,quirze,,bcn,,accident,,montcada,nus,trinitat,sortida,ripollet,sabadell,,terrassa	1
30	cues,,c32,,autopista,garraf,,sant,boi,tunel,vallvidrera,,bcn	1
31	a,bcn,,accident,placa,francesc,macia,cues,diagonal,banda,banda	1
32	retencions,,aturats,ap7,martorell,c60,argentona,mataro,c1413,antiga,,entrada,poblacio,sabadell	1
33	trams,retencions,ronda,sentit,besos,ronda,litoral,sentits,marxa,	1
34	continuen,retencions,,a2,palleja,sant,vicenc,dels,horts,,bcn,cornella,,lleida,b24,cervello,n340,vallirana,sentit,tarragona,vallirana,,bcn,c17,parets,valles,c352,granollers,ronda,oest,sabadell	1
35	ara,aturats,,ap7,santa,perpetua,barbera,rubi,papiol,,sud,b30,barbera,,sud,cerdanyola,,nord,c58,terrassa,sant,quirze,montcada,b23,molins,papiol,,girona	1
36	tambe,retencions,,ronda,litoral,zona,franca,can,tunis,,besos,passeig,sant,gervasi,accident,ronda,general,mitre,lesseps,,avinguda,tibidabo	1
37	ara,cues,,ap7,barbera,,sud,b30,barbera,,sud,cerdanyola,,nord,c58,sant,quirze,,sud,b24,cervello,n340,vallirana,sentit,tarragona,vallirana,,bcn,c352,granollers,ronda,oest,sabadell	1
38	continuen,cues,,ronda,litoral,zona,franca,can,tunis,,besos,diagonal,parc,pedralbes,placa,reina,maria,cristina	1
39	encara,aturats,,b23,molins,,ap7,papiol,sentit,girona,a2,sant,feliu,sant,vicenc,dels,horts,sentit,lleida,obres,c25,riudellots,selva,obres,c58,sant,quirze,,sud,b24,cervello,n340,vallirana	1
40	talgo,,llorca,sants,,acumula,retard,hora	1
41	accident,n340,,entrada,vallirana,sentit,tarragona,,cua,compacta,sentits,	1
42	retencions,ronda,litoral,zona,franca,can,tunis,,besos	1
43	cues,,a2,sant,vicenc,dels,horts,sentit,lleida,obres,c25,riudellots,selva,obres,de,b24,cervello,n340,vallirana,b30,barbera,,sud,cerdanyola,sentit,nord,1km,,ap7,barbera,sentit,sud	1
44	a2,,retencions,santvicencdelshorts,palleja,,lleida,causa,obres,tallen,1,carril	1
45	1,carril,tallat,ap7,bascara,pk,39,,sud,causa,camio,avariat,precaucio,	1
46	r3,rodalies,latordequerol,10,,48,lhospitalet,14,,02,acaba,recorregut,ripoll,incidencia,tecnica	1
47	ap7,,camio,avariat,cerdanyola,,sud,,ocupa,voral,dret,7,km,cua,santaperpetua,precaucio,	1
48	vehicle,avariat,ap7,paretsdelvalles,pk,137,,girona,retencions,mollet,precaucio,	1
49	tots,carrils,oberts,a2,santjoandespi,,bcn,accident,cua,palleja,sant,vicenc,dels,horts,obres,zona,precaucio,	1
50	accident,a2,santjoandespi,pk,607,,bcn,1,carril,tallat,retencions,palleja,precaucio,	1
51	aturats,autopista,c16,terrassa,centre,,manresa,causa,obres,precaucio,	1
52	c17,restablerta,paretsdelvalles,,sud,retencions	1
53	encara,1,carril,obert,ap7,borrassa,pk,29,,sud,retiren,camio,avariat,precaucio,	1
54	c17,,retencions,lametllacdeolvalles,parets,,sud,causa,accident,precaucio,	1
55	accident,ap7,borrassa,pk,29,,sud,1,carril,obert,retencions	1
56	,,retencions,,,c58,sant,quirze,valles,montcada,reixac,punt,carril,tallat,avaria	1
57	,,retencions,,,c55,manresa,castellbell,vilar,,c32,sant,boi,llobregat,sentit,nord,,c33,montcada,reixac,direccio,barcelona,,b23,sant,joan,despi,direccio,barcelona	1
58	,,retencions,,c17,garriga,sentit,sud,ap7,vilafranca,penedes,sentit,nord,roca,valles,sentit,sud,a2,tarrega,bruc,direccio,barcelona,sils,sentit,sud,c14,ponts,c16,cercs	1
59	incidencia,resolta,	1
60	,,retencions,,,c17,garriga,,ap7,santa,margarida,monjos,jonquera,,a2,tarrega,,jorba,igualada,,collbato,palleja,,c14,ponts,,c16,guardiola,bergueda,berga,,c55,castellgali,manresa	1
61	,,retencions,accessos,barcelona,,,c58,sant,quirze,montcada,reixac,,c32,sant,boi,gava,,c33,montcada,reixac,,pota,nord,santa,coloma,nus,trinitat,,b23,esplugues,llobregat,	1
62	,,atencio,,1,carril,tallat,c32,gava,sentit,nord,accident,1,carril,tallat,c58,montcada,reixac,avaria,	1
63	,,retencions,,,c17,3,km,garriga,sentit,sud	1
64	,,alternatiu,n260,ribes,freser,accident	1
65	,,retencions,,,c17,ripoll,sentit,sud,,c55,castellgali,manresa,sentit,sud,,b20,sant,boi,llobregat,sentit,nord,,intensifica,transit,n340,vendrell,vallirana,sentit,nord,	1
66	,,retencions,,,ap7,5,km,santa,margarida,monjos,jonquera,sentit,nord,,a2,2,km,cervera,4,collbato,sentit,nord,,c14,organya,,c16,baga,cercs,	1
67	,,atencio,,restriccions,transit,vehicles,pesants,22h,,,ap7,macanet,selva,vandellos,,c32,montgat,palafolls,barcelona,vendrell	1
68	,,retencions,,,ap7,jonquera,sentit,nord,,a2,2,km,cervera,sentit,barcelona,	1
69	,,accident,gi552,sant,feliu,buixalleu,dona,alternatiu,tram	1
70	,,important,,carril,busvao,c58,obert,vehicles,camions	1
71	,,retencions,,,c14,organya,sentit,sud,,c16,riu,cerdanya,baga,cercs,sentit,sud,,c17,ripoll,sentit,sud,	1
72	,congestions,c17,centelles,direccio,barcelona	1
73	retencions,c16,altura,cercs,sentit,sud,barcelona	1
74	circulacio,congestionada,c16,altura,urus,sentit,sud,tunel,cadi	1
75	,circulacio,retencions,c35,santa,maria,palautordera,causa,accident,sentits,marxa,obert,alternatiu	1
76	,acte,esportiu,provoquen,congestions,c16,artesa,segre,sentits,marxa	1
77	,retencions,c55,carretera,duu,montserrat,sentits,marxa	1
78	,tmbinfo,recorda,diumenge,39a,cursa,popular,sant,marti,linies,busbcn,veuran,afectades	1
79	,tmbinfo,recorda,diumenge,fa,marato,prat,llobregat,afectant,linies,21,65,busbcn	1
80	tmbinfo,recorda,5,novembre,6,mesos,aproximadament,funicularmontjuic,tancat,revisio,tecnica	1
81	mes,retencions,,b24,altura,vallirana,sentits,marxa,	1
82	retencions,,n260,sant,joan,abadesses,sentits,marxa,ap7,roca,valles,direccio,girona,c17,parets,valles,direccio,vic,n150,carretera,interurbana,sabadell,c58,barbera,valles,direccio,barcelona,	1
83	atencio,,retard,euromed,fa,trajecte,alacant,barcelona	1
84	mes,retencions,,c55,castellgali,direccio,manresa,c58,terrassa,direccio,manresa,	1
85	retencions,interior,barcelona,,ronda,litoral,nus,trinitat,	1
86	retencions,,ap7,barbera,valles,sentit,sud,c58,sant,quirze,valles,sentit,barcelona,a2,sant,joan,despi,cornella,llobregat,sentit,barcelona,	1
87	retencions,,ap7,barbera,valles,sentit,sud,c33,llagosta,sentits,c58,sant,quirze,barbera,sentit,barcelona,ronda,litoral,sentits,altura,besos,ronda,meridiana,sentit,llobregat,	1
88	,carrils,oberts,c33,montcada,reixac,incidencia,solucionada	1
89	retencions,,c33,llagosta,sentit,nord,b24,cervello,,enllac,n340,,	1
90	atencio,,afectacions,col*laterals,trens,linia,r11,rodalies,incidencia,tecnica	1
91	,1,carril,tallat,c33,montcada,reixac,sentit,granollers	1
92	atencio,,incidencies,linia,r11,rodalies	1
93	cues,,n145,seuduana,,andorra,n152,puigcerda,lt,,,b24,cervello,,sud,c58,sant,quirze,,bcn,b20,tunel,santa,coloma,-,nus,trinitat,,bcn,c17,parets,valles,,bcn,ap7,montmelo,-,parets,,sud	1
94	cues,n152,accedir,puigcerda,2,sentits	1
95	en,directe,roda,premsa,consell,ministres	1
96	cues,accessos,parc,port,aventura,vilaseca,,autovia,a7,vilaseca,,nord,t319,accedir,parc,,nord	1
97	accident,c66,cornelladelterri,pk,42,circula,vial,paral*lel,retencions,puntuals,precaucio,	1
98	c58,,retencions,santquirzedelvalles,,bcn,causa,obres	1
99	aturats,c17,molletdelvalles,pk,11,,bcn,causa,accident,precaucio,	1
100	accident,n141e,bescano,,girones,,,fa,alternatiu,precaucio,	1
101	a,causa,neu,tallada,bv4024,acces,coll,pal,bergueda	1
102	es,mante,transit,intens,,c16,,llobregat,,berga,cercs,,tunel,cadi,c14,organya	1
103	ara,cues,,c16,llobregat,,rosal,-,cercs,,bergueda,,tunel,cadi,c14,bassella,oliana,,organya,,,urgell,c17,llosses,ripoll,,nord	1
104	restablerta,circulacio,r1,rodalies,blanes,macanet,interrompuda,caiguda,arbre,catenaria	1
105	cues,,ap7,vilanova,valles,peatge,roca,,girona,c17,llosses,ripoll,,nord	1
106	taxisigualada,radioigualada,transit,gracies,bon,dia,,	1
107	comencen,retencions,destinacions,pont,,a2,martorellabrera,,lleida,c55,castellbell,vilars,vicenc,castellet,,nord,c16,rosal,bergueda,,tunel,cadi,c14,oliana,,n145,duana,,andorra	1
108	c14,reoberta,pinelldesolsones,accident,retencions	1
109	c14,tallada,pinelldesolsones,pk,129,2,sentits,causa,topada,3,vehicles,precaucio,	1
110	5,carreteres,pirineu,prepirineu,afectades,nevades,tancat,acces,coll,pal,bergueda	1
111	interromput,trens,renfe,rodalies,blanes,macanet,arbre,caigut,catenaria,subministrament,electric,gestiona,servei,alternatiu,carretera,afecta,moment,r1,,maresme,	1
112	accident,acces,ronda,autopistes,c58,c33,,llobregat,vehicle,bolcat,treballen,retirarlo,tallada,incorporacio,alternatives,,avinguda,meridianario,janeiropg,valldaura,ronda,litoral,,sortida,1	1
113	i,18h,sortit,area,metropolitana,barcelona,94548,vehicles,18,,dels,510000,previstos,totssants,operaciosortida	1
114	atencio,circuleu,colladadetoses,neu,carretera,cotxes,equipats,vingueu,calcats,,toses,gi4016,equipviari,transit	1
115	,retencions,a2,sant,feliu,sant,joan,despi,,bcn,accident,1,carril,tallat,precaucio,transita2	1
116	,cursaamistat2018,afectara,gran,quantitat,linies,busbcn,planeja,ruta,consultant,detalls,,	1
117	circulacio,retencions,,retencio,,,b23,124,esplugues,llobregat,124,sentit,barcelona,124,punt,km,02,124,16,,17	1
118	15,,50h,tallada,ctra,b500,santfost,motiu,,accident,transit,policialocal,mossos,equipviari,protecciocivil,ajsantfost	1
119	transit,demana,extremar,precaucio,pont,ates,increment,mortalitat,,21,,,registra,dies,festius	1
120	circulacio,congestio,,retencio,,,b20,124,barcelona,124,sentit,nord,nus,trinitat,124,punt,km,154,124,15,,22	1
121	circulacio,retencions,,retencio,,,b23,124,papiol,124,sentit,oest,enllac,ap7,124,punt,km,1512,124,15,,29	1
122	pas,alternatiu,c1413a,santquirzedelvalles,pk,19,causa,esllavissades,retencions,2,sentits,precaucio,	1
123	2,carrils,tallats,a2,cornella,pk,609,,bcn,accident,retencions,,a2,sant,feliu,cornella,,bcn,b23,molins,sant,feliu,,enllac,a2	1
124	1,carril,obert,autopista,maresme,,c32,,canetdemar,pk,114,,bcn,causa,accident,precaucio,,,foto,infoautopista,	1
125	,ultimahora,desconvoquen,marxes,lentes,dels,transortistes,previstes,tarda,demarcacions,tarragona,lleida	1
126	c66,tallada,lapera,,emporda,,pk,195,2,sentits,causa,accident	1
127	es,restableix,trens,r1,rg1,renfe,rodalies,arenys,pineda,afectats,incidencia,subministrament,electric	1
128	interromput,trens,renfe,rodalies,arenys,pinedademar,incidencia,subministrament,electric,afecta,linia,r1,,maresme,,rg1,,portbou,hospitalet,pel,litoral,	1
129	vehicle,avariat,a2,santfeliudellobregat,pk,605,,bcn,retencions,intermitents,castellbisbal,accident,sant,vicenc,dels,horts,,bcn,precaucio,	1
130	accident,a2,santvicencdelshorts,pk,601,,bcn,1,carril,tallat,retencions,castellbisbal,precaucio,	1
131	encara,llargues,cues,principals,accessos,bcn,rondes,causa,pluja,volum,transit,incidencies,precaucio,	1
132	tots,carrils,oberts,c59,santaperpetuademogoda,,nord,topada,multiple,mati,retencions,c59,ap7,lt,,	1
133	1,carril,obert,a2,tarrega,,lleida,causa,accident,tallat,minuts	1
134	el,fum,incendi,port,visible,ronda,litoral,zona,portuaria,afecta,moment,transit,precaucio	1
135	pas,alternatiu,c31,,costes,garraf,,pk,174,,nucli,garraf,terme,municipal,sitges,,causa,accident,retencions,2,sentits,precaucio,	1
136	el,fum,incendi,visible,ronda,litoral,zona,portuaria,bufa,direccio,endins,precaucio,	1
137	1,carril,obert,c59,santaperpetuademogoda,cimvalles,,nord,topada,multiple,tallava,calcada,,caldes	1
138	c59,tallada,santaperpetuademogoda,costat,cimvalles,,nord,causa,topada,multiple,retencions,lallagosta,ap7,,girona	1
139	bon,dia,,precaucio,pluja,augmenta,retencions,area,barcelona,cua,c59,santaperpetuademogoda,cimvalles,,nord,possible,incidencia	1
140	encara,queda,cua,b24,cervello,n340,vallirana,vendrell,neteja,fa,alternatiu,,aturats,sentit,sud,	1
141	encara,retencions,c32,sant,boi,sentit,castelldefels,accident,fa,estona,	1
142	accident,ronda,general,mitre,carrer,torres,,cues	1
143	retirat,camio,avariat,ap7,sant,cugat,sentit,nord	1
144	millora,circulacio,costes,garraf,,c31,,sitges,sentit,sud,,tarragona,	1
145	,cua,compacta,,a2,bruc,,lleida,camio,avariat,cinturo,litoral,sant,joan,despi,banda,banda,	1
146	encara,cues,,b30,barbera,sentit,sud,cerdanyola,,nord,ap7,sant,cugat,barbera,,nord,a2,cornella,banda,banda,c58,terrassa,sant,quirze,lt,,,c59,palausolita,plegamans,caldes,montbui,sentit,nord	1
147	accident,roger,lluria,arago,,turisme,encastat,cafeteria,,cues,foto,,j,soler	1
148	cua,compacta,,a2,bruc,,lleida	1
149	ap7,santa,perpetua,barbera,rubi,papiol,,sud,papiol,sant,cugat,,avariat,,barbera,,nord	1
150	embus,costes,garraf,,c31,,sitges,sentit,sud,,tarragona,	1
151	cua,n240,montblanc,,valls,accident	1
152	encara,aturats,n340,vallirana,lt,,,vilafranca,,sud,vendrell,,repara	1
153	ap7,mollet,,accident,,santa,perpetua,barbera,rubi,papiol,,sud,sant,cugat,,nord,b23,sant,feliu,diagonal,molins,papiol,,girona,tunel,vallvidrera,,bcn,c32,sant,boi,sentits	1
154	aturats,,c58,sant,quirze,montcada,,bcn,sort,ripollet,,terrassa,c17,parets,valles,banda,banda,,afecta,sortida,,ap7,c14,conca,barbera,c1413antiga,,entrada,poblacio,sabadell,c65	1
155	retencions,,ap7,santa,perpetua,barbera,rubi,papiol,,sud,sant,cugat,,nord,b30,barbera,sentit,sud,cerdanyola,,nord,b23,sant,joan,despi,diagonal,molins,papiol,,girona	1
156	aturats,,ronda,cornella,valldaura,,besos,ronda,litoral,zona,franca,ciutat,vella,,besos	1
157	a,bcn,cues,llargues,,diagonal,,b23,placa,reina,maria,cristina,ronda,general,mitre,,placa,reina,maria,cristina,lesseps	1
158	cua,b23,sant,joan,despi,diagonal	1
159	cues,,ap7,santa,perpetua,barbera,,sud,b30,barbera,sentit,sud,cerdanyola,,nord,c58,sant,quirze,,bcn,c17,parets,valles	1
160	pas,alternatiu,n340,vendrell,poder,reparar,,retencions,vallirana,,bcn	1
161	,embus,ronda,,esplugues,nus,trinitat,han,obert,carrils,tallats,,afecta,b23,,esplugues,diagonal,	1
162	via,evitar,,embus,ronda,,esplugues,nus,trinitat,accident,talla,carrils,,afecta,b23,,esplugues,diagonal,	1
163	retencions,,c58,sant,quirze,,bcn,b30,barbera,sentit,sud,cerdanyola,,nord,b24,cervello,n340,vallirana,c12,tortosa,obres,c14,conca,barbera	1
164	encara,,cua,ronda,,hebron,sentit,llobregat,topada,talla,carril,,afecta,pota,nord,santa,coloma,gramenet,,aturat,,esplugues,accident,talla,carrils	1
165	camio,avariat,,a2,collbato,sentit,lleida	1
166	tallada,n141,bossost,camio,quedat,travessat,part,francesa,	1
167	accident,ronda,,hebron,sentit,llobregat,,aturats,canyelles,,hebron,tambe,aturat,,horta,accident,,esplugues,sarria,	1
168	accident,ronda,,hebron,sentit,llobregat,,cues	1
169	pas,alternatiu,c55,monistrol,montserrat,topada,vehicles,cues,sentit,nord	1
170	cues,,c17,montcada,sentit,bcn,obres,c25,campllong,lt,,,obres,c12,tortosa,lt,,,obres,c1413,antiga,entrada,poblacio,sabadell	1
171	encara,2,carrils,tallats,ap7,barberadelvalles,pk,146,,sud,retencions,,mollet,barbera,,sud,bellaterra,barbera,,nord	1
172	barryexcellence,gracies,bon,dia,,	1
173	ronda,,retencions,diagonal,vallcarca,,trinitat,causa,accident,precaucio,	1
174	ap7,,retencions,santaperpetuademogoda,barbera,,sud,causa,accident,foto,infoautopista	1
175	a,causa,nevades,calen,cadenes,travessar,coll,creueta,bv4031,castellardenhug,molina	1
176	nou,accident,ap7,santcugatdelvalles,pk,159,,girona,retencions,,ap7,papiol,sant,cugat,,nord,b23,sant,feliu,papiol,,enllac,ap7	1
177	l,avaria,comboi,sentit,contrari,afectat,r13,renfe,lleida,07,,15,estacio,franca,09,,54,circula,30,retard	1
178	r13,renfe,estacio,franca,06,,47,lleida,09,,58,circula,30,minuts,retard,causa,avaria,mantingut,aturat,roda,bera	1
179	accident,ap7,castellbisbal,pk,166,,girona,retencions,resolts,accidents,mati,ap7	1
180	tercer,accident,mati,ap7,papiol,,girona,retencions,,ap7,castellbisbal,papiol,,nord,b23,santfeliu,papiol,,girona	1
181	martixllava,gracies,alertarnos,bon,dia,,	1
182	ap7,,retencions,mollet,santaperpetuademogoda,,sud,causa,accident,precaucio,	1
183	2,accidents,,ap7,macanetdelaselva,,sud,1,carril,obert,retencions,ronda,,tram,c32,,esplugues,,llobregat,1,carril,tallat,	1
184	un,carril,tallat,ap2,bisbal,penedes,,saragossa,arbre,caigut,	1
185	un,carril,tallat,ap7,montroig,camp,,valencia,arbre,caigut,	1
186	encara,cues,,c58,cerdanyola,montcada,montcada,,terrassa,accident,ap7,bellaterra,sant,cugat,,sud,fa,estona,cremat,vehicle,	1
187	aturats,,c58,terrassa,sabadell,,sud,montcada,c60,argentona,,mataro,nii,masnou,,accident,,vilassar,c1413,antiga,,entrada,poblacio,sabadell	1
188	cues,,c17,llica,parets,valles,tunel,vallvidrera,,bcn,pota,sud,cornella,c32,sant,boi,sentit,castelldefels,topada,tambe,retencions,viladecans,sant,boi,,bcn,afecta,ronda,pedralbes,nus,llobregat,	1
189	cues,,ap7,santa,perpetua,barbera,4km,sant,cugat,,accident,,,sud,sant,cugat,,nord,b30,barbera,sentit,sud,cerdanyola,sentit,nord,b23,molins,papiol,,girona,,esplugues,diagonal	1
190	tambe,calen,cadenes,bv4031,castellar,hug,toses	1
191	accident,ronda,sentit,llobregat,cua,pota,nord,santa,coloma,gramenet	1
192	consequencia,neu,calen,cadenes,c28,passar,port,bonaigua	1
193	accident,nii,masnou,,cues	1
194	retencions,,c35,sant,celoni,c60,argentona,,mataro	1
195	c17,gurb,,sud,,obres,,llica,parets,valles,,sud,parets,,vic,c58,terrassa,sant,quirze,,sud	1
196	cues,,ap7,santa,perpetua,barbera,sant,cugat,papiol,,sud,b30,barbera,sentit,sud,cerdanyola,sentit,nord,b23,molins,papiol,,girona	1
197	aturats,pota,sud,cornella,c32,sant,boi,sentit,castelldefels,topada	1
198	retencions,,,cua,,a2,odena,,lleida,accident,camio,implicat,,retencions,c12,tortosa,obres,b30,barbera,sentit,sud,cerdanyola,sentit,nord,nii,girona	1
199	talgo,697,,estacio,francasevilla,,acumula,20,minuts,retard	1
200	euromed,,alacant,estacio,franca,,acumula,retard	1
201	cinturo,litoral,cornella,sant,joan,despi,,lleida,vehicle,aturat,	1
202	aturats,,b24,cervello,n340,vallirana,,c12,tortosa,obres,c17,masies,voltrega,gurb,sentit,sud,obres	1
203	cua,,a2,castelloli,odena,,lleida,accident,accident,c58,torre,baro,,terrassa,carril,tallat,afecta,,ronda,litoral,sant,adria,besos,pota,nord,santa,coloma,gramenet,	1
204	tren,r16,,tortosa,11,,07,estacio,franca,13,,54,,acumula,45,minuts,retard,	1
205	retencions,c12,tortosa,obres,aturades,c17,gurb,sentit,sud	1
206	,cua,,a2,castelloli,odena,,lleida,accident,,han,retirat,vehicles,accidentats,c58,torre,baro,sentit,terrassa,queden,retencions,ronda,litoral,sant,adria,,besos	1
207	una,manifestacio,bombers,pel,centre,bcn,talla,rambla,obliga,desviar,linies,busbcn,problemes,circular,zona	1
208	jsolerdb,gracies,,	1
209	,r16,tortosa,11,,07,estacio,franca,13,,54,aturat,aldea,amposta,causa,,incidencia,tecnica	1
210	retencions,c17,aiguafreda,centelles,,vic,causa,obres	1
211	comboi,r13,renfe,avariat,retrocedeix,circula,1,25,retard	1
212	una,incidencia,senyalitzacio,automatica,adifes,calella,pineda,provoca,retards,15,r1,rodalies,moment,afecta,rg1	1
213	comboi,r13,renfe,avariat,rodadebara	1
214	encara,llargues,cues,rondes,litoral,r,litoral,,bon,pastor,barceloneta,,llobregat,mercabarna,can,tunis,,enllac,gran,nus,trinitat,r,,julia,pedralbes,,llobregat,cornella,pedralbes,,trinitat	1
215	cues,ap7,,montornesparetssanta,perpetuabarberasant,cugatel,papiol,,sud,s,cugat,,girona	1
216	cues,accessos,nord,bcn,,c58,terrassa,estbadiamontcadanus,trinitat,,bcn,ntripollet,,terrassa,c16,rubiscugatvalldoreixpeatgeboca,nord,tunel,vallvidrera,b20,scolomanus,trinitat,c31,badalona	1
217	cues,habituals,principals,accessos,bcn,pel,sud,,a2,castellbisbalpallejasvicenc,hortscornella,,bcn,martorell,,lleida,b23,molins,reidiagonal,,bcn,molinspapiol,,girona,b24,palleja,,a2,c32,gavasant,boi,c31,prat	1
218	possibilitat,carrers,tallats,ciutat,vella,bcn,pel,macrooperatiu,dels,mossos,precaucio,	1
219	bon,dia,,comenca,intensificar,circulacio,carreteres,catalanes,moment,consten,incidencies	1
220	,retencions,c17,llica,parets,valles,direccio,barcelona	1
221	,calcada,tallada,c58,atura,bauma,castellbell,vilar,causa,accident	1
222	,accident,provoca,retencions,c58,sant,quirze,valles,sabadell,direccio,barcelona	1
223	,retencions,a2,altura,bruc,sentits,marxa	1
224	,accident,c17,altura,montcada,reixac,dificulta,circulacio	1
225	,circulacio,intensa,c55,monistrol,montserrat,sentit,nord,manresa	1
226	,retencions,c31,ventallo,sentits,marxa,obert,alternatiu	1
227	,calcada,tallada,c37,querol,sentits,carretera,pont,armenteraral*li,catalunya,costa,daurada	1
228	,accident,c58,altura,nus,trinitat,sentit,barcelona,bifurcacio,avinguda,meridiana	1
229	,circulacio,fluida,c60,altura,orrius,direccio,granollers	1
230	,aturades,a2,tunel,bruc,causa,accident,sentit,nord	1
231	,retencions,c58,torre,baro,cerdanyola,valles,direccio,sabadell,circulacio,intensa,torre,baro,direccio,barcelona	1
232	circulacio,fluida,xarxa,viaria,catalana,queden,retencions,b24,cervello,n340,vallirana,	1
233	r3,,querol,18,,52,hospitalet,llobregat,22,,14,,acumula,35,minuts,demora,	1
234	encara,cua,ap7,gelida,subirats,,sud,	1
235	continua,embus,ap7,subirats,granada,sentit,sud	1
236	encara,aturats,ap7,sant,sadurni,anoia,vilafranca,penedes,,sud,foto,,j,aguilera	1
237	encara,10,km,cua,ap7,sant,sadurni,anoia,vilafranca,penedes,,sud,carrils,oberts,topada,camio,materies,perilloses,turisme,,camio,retirat,	1
238	jordiaguilerac,transit,gracies,jordi,explicant,equip,viari	1
239	hi,topada,camio,materies,perilloses,turisme,ap7,vilafranca,penedes,,sud,obligat,tallar,via,pogut,retirar,camio,cisterna,,congestio,	1
240	embus,ap7,vilafranca,penedes,,sud,accident,foto,,vela	1
241	continua,congestio,5,km,7,vilafranca,penedes,,sud,accident,,tallada,autopista,recomana,sortida,27,	1
242	embus,c44,vandellos,hospitalet,infant,,entrada,poblacio,accident,afecta,tram,,a7	1
243	retencions,,ap7,sant,cugat,barbera,,nord,santa,perpetua,barbera,vilafranca,penedes,,sud	1
244	cua,ronda,litoral,sant,adria,bon,pastor,,besos,accident,bon,pastor,	1
245	ara,cues,,c58,sant,quirze,,sud,accident,ap7,cerdanyola,barbera,,nord,b24,cervello,n340,vallirana,c17,parets,valles,c55,sant,vicenc,castellet,,castellgali,c65,banda,banda	1
246	ara,cua,compacta,ronda,esplugues,vallcarca,sentit,besos,	1
247	retirat,avariat,hospitalet	1
248	r3,hospitalet,llobregat,14,,53,querol,18,,06,acumula,30,minuts,demora,	1
249	accident,ronda,litoral,montjuic,,cua,ciutat,vella,sentit,llobregat,zona,franca,sentit,besos,recordar,mante,tallada,tv7411,ribaroja,,ebre,motiu,ralli,catalunya,costa,daurada,	1
250	tambe,aturats,,c17,parets,valles,afecta,sortida,,ap7,c55,sant,vicenc,castellet,,castellgali,manresa,,castellgali,,hi,obres,castellgali,,c65,c31,castellplatja,,aro,,platja,,aro	1
251	ara,cues,,cues,,ap7,santa,perpetua,barbera,sant,cugat,,sud,b23,molins,papiol,sentit,girona,c58,sant,quirzelt,,,montcada,lt,,,pota,nord,santa,coloma,gramenet,,b24,cervello,n340,vallirana	1
252	retards,poden,superar,15,minuts,sentit,nord,linies,r1,r3,r4,r12,,avaria,,,hospitalet	1
253	cues,rondes,,cua,ronda,litoral,forum,port,olimpic,,accident,zona,franca,ciutat,vella,,besos,ronda,,esplugues,vallcarca,horta,,besos	1
254	aturats,,c17,parets,valles,afecta,sortida,,ap7,cues,n420,gandesa,c55,sant,vicenc,castellet,,castellgali,nii,calella,pineda	1
255	cues,,cues,,ap7,santa,perpetua,barbera,rubi,papiol,,sud,b23,molins,papiol,sentit,girona,c58,sant,quirzelt,,,montcada,lt,,,b24,cervello,n340,vallirana	1
256	continua,cua,,a2,caldes,malavella,,bcn,,accident,multiple,	1
257	embus,n420,gandesa	1
258	tambe,retencions,,b24,cervello,n340,vallirana,c58,sant,quirze,badia,c17,parets,valles,ronda,litoral,can,tunis,,besos	1
259	continua,,tallada,,a2,caldes,malavella,,bcn,accident,multiple,,cua,	1
260	aturats,c58,montcada,,terrassa,vehicle,avariat,,afecta,,ronda,litoral,sant,adria,pota,nord,santa,coloma,gramenet,	1
261	vehicle,avariat,c58,torre,baro,,terrassa,talla,1,carril,retencions,,c58,,nus,trinitattorre,baro,ronda,litoral,,bon,pastornus,trinitat	1
262	autovia,a2,tallada,caldesdemalavella,pk,698,2,sentits,causa,topada,multiple,desviaments,gi555,c63,precaucio,	1
263	ronda,litoral,,retencions,santadriadebesos,nus,trinitat,accident,ronda,santacoloma,col*lisio,c58,sortida,pel,nus,trinitat,,terrassa	1
264	afectacions,pel,ralli,catalunyacosta,daurada,,n420,gandesa,c44,benissanet,,enllac,n420,	1
265	tots,carrils,oberts,c58,sabadell,nord,,terrassa,accident,retencions,c58,ap7,barbera,,sud	1
266	c58,,accident,sortida,sabadell,nord,,terrassa,1,carril,tallat,retencions,,c58,cerdanyola,sabadell,nord,,terrassa,ap7,barbera,valles,,sud,,enllac,c58	1
267	c66,,alternatiu,santjuliaderamis,pk,36,causa,obres,retencions,2,sentits,ap7,girona,nord,,franca	1
268	tots,carrils,oberts,a2,palleja,accident	1
269	autovia,a2,tallada,granyanella,pk,513,,bcn,causa,accident,desvia,circulacio,calcada,lateral,precaucio,	1
270	1,carril,tallat,c32,nord,autopista,maresme,mataro,,bcn,causa,accident,3,km,cua	1
271	retards,15,r2,r14,r15,r16,renfe,rodalies,,sud,incidencia,estacio,elprat,afecta,instal*lacions,adifes	1
272	accident,autovia,a2,palleja,,bcn,1,carril,tallat,retencions,martorell,precaucio,	1
273	bon,dia,,aturats,ronda,litoral,nus,llobregat,mercabarna,,trinitat,causa,accident,talla,1,carril,precaucio,	1
274	ara,,circulacio,fluida,xarxa,viaria,catalana,queda,retencio,b24,cervello,n340,vallirana,	1
275	retirat,vehicle,avariat,ap7,papiol,sentit,sud,millora,circulacio	1
276	restablert,servei,linies,tram,frequencies,alterades,linia,t4	1
277	r3,,carol,17,,13,hospitalet,20,,32,,acumula,40,minuts,demora,	1
278	continua,congestio,ap7,mollet,barbera,8,km,sant,cugat,papiol,,sud,,papiol,vehicle,avariat,	1
279	consequencia,accident,servei,parades,maresme,port,forum,tramvia,	1
280	trams,retencions,ronda,sentit,besos,ronda,litoral,sentits,	1
281	r3,,hospitalet,14,,53,querol,18,,06,,acumula,25,minuts,retard	1
282	aturats,,c1413,antiga,,entrada,poblacio,sabadell,ronda,sud,granollers,accident,n340,vallirana,,sud,cinturo,litoral,cornella,,lleida,c32,sant,boi,,castelldefels,c60,argentona,,mataro	1
283	tambe,retencions,,cua,c17,tona,,bcn,accident,tram,,obres,c17de,granollers,parets,valles,lt,,,c58,terrassa,sant,quirze,,sud,tunel,vallvidrera,peatge,boca,nord	1
284	ara,cues,,ap7,mollet,barbera,sant,cugat,papiol,,sud,b30,barbera,sentit,sud,cerdanyola,sentit,nord,b23,molins,papiol,,girona,,esplugues,diagonal	1
285	retirats,vehicles,accidentats,b30,cerdanyola,sentit,nord	1
286	cua,c17,tona,,bcn,accident,tram,,obres	1
287	aturats,,ap7,santa,perpetua,barbera,,sud,granollers,,nord,n340,vallirana,lt,,	1
288	tambe,cues,,ap7,b30,barbera,sentit,sud,c58,sant,quirze,,sud,c35,sant,celoni,,sud,ronda,sud,granollers,ronda,litoral,zona,franca,montjuic,sentit,besos,extrem,sud,gran,,hospitalet,placa,espanya	1
289	cua,b30,cerdanyola,sentit,nord,causa,,accident	1
290	pas,alternatiu,c243,antiga,granada,penedes,topada,vehicles,	1
291	cues,,ronda,litoral,can,tunis,,besos,embus,,extrem,sud,gran,,hospitalet,placa,espanya	1
292	retencions,,ap7,mollet,sentit,sud,c17,parets,sentit,sud,,ap7,c58,sant,quirze,badia,,sud,c35,sant,celoni,,montseny,b24,cervello,n340,vallirana	1
293	retencions,ronda,,esplugues,diagonal,sentit,besos,accident,	1
294	accident,ap7,barberadelvalles,,girona,retencions,bellaterra,precaucio,	1
295	es,mante,carril,obert,tunels,garraf,,c32,,santperederibes,pk,295,,sud,mati,topat,camio,turisme,passatger,davanter,cotxe,resultat,ferit,critic	1
296	1,carril,obert,tunels,garraf,,c32,,santperederibes,pk,295,,sud,topada,camioturisme,1,ferit,greu,informacions	1
297	tallada,c32,,tunels,garraf,,santperederibes,pk,295,,sud,topada,camioturisme,1,persona,ferida,precaucio,	1
298	ap7,,retencions,bellaterra,barbera,,girona,causa,vehicle,avariat,talla,1,carril	1
299	encara,llargues,cues,accident,mati,b20,sud,cornella,,bcn,,c32,b20,gava,prat,c31,gava,prat	1
300	tots,carrils,oberts,ap7,montornesdelvalles,,sud,accident,cues,,ap7,rocamontmelo,,intermitent,,c60,argentonala,roca,,ap7	1
301	interromput,trens,renfe,rodalies,estacio,mollet,santfost,causa,atropellament,persona,entrada,estacio,afecta,r2,r11	1
302	r3,rodalies,hospitalet,llobregat,06,,14,querol,09,,40,circula,40,retard	1
303	per,accident,b20,sud,cornella,cues,,c32,b20,sud,castelldefels,cornella,,bcn,c31,castelldefels,prat,,bcn,b22,prat,anar,c31,b20,,bcn	1
304	accident,b20,sud,cornella,,bcn,cua,autopista,garraf,,castelldefels,cornella,,bcn,precaucio,	1
305	merilin1979,gracies,bon,dia,,	1
306	cues,habituals,principals,accessos,bcn,2,incidencies,,accident,ap7,montornesdelvalles,pk,135,,sud,cua,c32,b20,sud,gavael,prat,possible,incidencia,b20,,bcn	1
307	a,circulacio,fluida,xarxa,viaria,pais,mante,alternatiu,c162,urus,tarda,bolcat,trailer,	1
308	retencions,ronda,,horta,pedralbes,,accident,	1
309	cua,c17,canovelles,coll,manya,sentit,barcelona,accident,	1
310	a,c162,urus,bolcat,trailer,carregat,palets,coto,foto,,bombers,,	1
311	retencions,c1413,antiga,,entrada,poblacio,sabadell,c60,argentona,,mataro,nii,caldes,malavella,sentit,sud,	1
312	pas,alternatiu,n340,sant,carles,rapita,topada,vehicles,,cua	1
313	complicada,circulacio,area,metropolitana,bcn,cues,llargues,b23,c58,pota,nord,accedir,ciutat,,congestio,ronda,litoral,	1
314	trams,retencions,rondes,barcelona,,ronda,sentit,besos,ronda,litoral,sentits,,retencions,llargues,diagonal,,entrada,barcelona,b23,,altura,,illa,diagonal,	1
315	retencions,c32,sant,boi,,bcn,col*lisio,aturades,sentit,contrari,	1
316	trams,retencions,nii,calella,pineda,,nord,accident,	1
317	retirats,vehicles,accidentat,diagonal,club,polo,	1
318	retencions,,ap7,santa,perpetua,barbera,rubi,papiol,,sud,b30,barbera,,sud,cerdanyola,,nord,b23,molins,papiol,,girona,,esplugues,diagonal,cinturo,litoral,cornella,c17,llica,parets	1
319	cues,,,c16,viladecavalls,,sud,c58,terrassa,sant,quirze,,sud,obres,a2,martorell,castellbisbal,,sud,obres	1
320	cua,a2,castellbisbal,,sud,obres	1
321	a,bcn,,retencions,diagonal,b23,placa,reina,maria,cristina,accident,club,polo,	1
322	retirats,vehicles,accidentats,ronda,litoral,montjuic,sentit	1
323	aturats,2,km,ap7,sortida,girona,oest,,km,585,,sentit,franca,moto,terra,	1
324	retards,,,linies,r2,r2nord,avaria,sistema,senyalitzacio,estacio,sant,andreu,comtal,	1
325	aturada,circulacio,ronda,litoral,poblenou,montjuic,,llobregat,accident,retencions,zona,franca,montjuic,,besos	1
326	cua,compacta,,ap7,sant,julia,ramis,,franca,topada,,turisme,moto,	1
327	tambe,aturats,,c17,llagosta,montcada,,bcn,obres,c58,sant,quirze,,sud,b24,cervello,n340,vallirana	1
328	cua,,a2,cornella,joan,despi,,martorell,nova,col*lisio,afecta,,tram,ronda,litoral,agafar,,a2,aturada,circulacio,ronda,litoral,zona,franca,montjuic,sentit,besos	1
329	cua,,a2,sant,joan,despi,sant,feliu,,martorell,col*lisio,retencions,c58,sant,quirze,sentit,sud	1
330	accident,autopista,garraf,,c32,,santboidellobregat,,sud,1,carril,tallat,retencions	1
331	retirat,camio,avariat,complicava,circulacio,ap7,santcugatdelvalles,,sud	1
332	ap7,,retencions,bellaterra,sant,cugat,valles,,sud,causa,vehicle,avariat,talla,1,carril	1
333	reoberta,c17,granollers,,vic,accident,retencions,mollet,precaucio,	1
334	c17,tallada,granollers,pk,18,,vic,causa,accident	1
335	tots,carrils,oberts,ronda,litoral,poble,,llobregat,accident,retencions,zona,forum,barceloneta	1
336	c60,reoberta,argentona,pk,5,,granollers,accident,retencions,mataro,enllac,c32	1
337	accident,c55,manresa,,solsona,3,km,cua,precaucio,	1
338	tallada,c60,argentona,pk,5,,granollers,causa,accident,fan,desviaments,precaucio,	1
339	ronda,litoral,,retencions,nus,trinitat,poble,,llobregat,causa,accident,tancada,entrada,24	1
340	tots,carrils,oberts,c32,sud,santboi,,bcn,accident,retencions,gava,precaucio,	1
341	llargues,cues,principals,accessos,bcn,pel,nord,,c58,terrassa,estbadiamontcada,,bcn,montcadaripollets,quirze,,terrassa,c16,rubivalldoreixla,florestapeatgeboca,nord,tunel,vallvidrera,b20,s,coloma,gramenetnus,trinitat	1
342	accident,autopista,garraf,,c32,,santboi,,bcn,1,carril,obert,retencions,gava,accessos,bcn,retencions,habituals,,entrada	1
343	retards,linies,r2,sud,regionals,avaria,llarga,distancia,mentre,fa,circulacio,cubelles,vilanova,	1
344	retencions,a2,sant,joan,despi,sant,feliu,llobregat,,martorell,vehicle,aturat,	1
345	ara,queden,retencions,,b23,molins,sentit,girona,diagonal,b24,cervello,n340,vallirana,ronda,,esplugues,horta,sentit,besos	1
346	frequencies,alterades,t1,t2,t3,tramvia	1
347	oberts,carrils,ronda,queden,retencions,esplugues,valldaura,,besos,meridiana,hebron,,pota,nord,santa,coloma,gramenet,	1
348	retirats,vehicles,accidentats,trams,retencions,diagonal,	1
349	cues,tunel,vallvidrera,peatge,boca,nord	1
350	cues,,ronda,litoral,zona,franca,bon,pastor,sentit,besos,diagonal,ciutat,vella,	1
351	per,accident,ronda,,,embus,ronda,,esplugues,horta,,besos,,hebron,,afecta,cues,,pota,nord,badalona,,ronda,c58,ripollet	1
352	topada,motoristes,diagonal,altura,placa,reina,maria,cristina,afecta,diagonal,cues,placa,pius,xii,placa,francesc,macia	1
353	via,evitar,,embus,ronda,,esplugues,,hebron,,besos,accident,,hebron,	1
354	retencions,,c65,santa,cristina,,aro,,entrada,poblacio	1
355	tambe,aturats,,nus,papiol,,afecta,ap7,rubi,,sud,b23,molins,,girona,pota,nord,santa,gramenet,,ronda	1
356	cues,,c58,terrassa,sant,quirze,,obres,,montcada,,sud,c1413,antiga,,entrada,poblacio,sabadelll,ap7,santa,perpetua,barbera,,sud,b30,barbera,,sud,cerdanyola,,nord	1
357	embus,ronda,,esplugues,,hebron,,besos,accident,,hebron,	1
358	queda,cua,carretera,rubi,,bp1503,,,accident,fauna,estona,	1
359	ave,3941,sevillabarcelona,acumula,20,minuts,retard	1
360	talgo,463,barcelonallorca,acumula,retard	1
361	ara,retencions,,a2,castellbisbal,,sud,pota,nord,santa,gramenet,nus,trinitat,,ronda,c58,sant,quirze,,sud,obres,b24,cervello,n340,vallirana,ap7,cerdanyola,,nord,b30,barbera,,sud,cerdanyola,,nord	1
362	retirats,vehicles,accidentats,millora,circulacio,	1
363	talgo,694,sevillabarcelona,acumula,retard	1
364	ronda,litoral,vila,olimpica,montjuic,,llobregat,accidents,zona,franca,port,,besos	1
365	ara,cues,,aturats,,enllac,,a2,abrera,,ap7,martorell,,bcn,c58,sant,quirze,,sud,obres,b24,cervello,n340,vallirana,c65,santa,cristina,,aro,,entrada,poblacio	1
366	continuen,retencions,,c58,sant,quirze,,sud,obres,b30,barbera,,sud,cerdanyola,,nord,b24,cervello,n340,vallirana,ronda,,esplugues,pedralbes,,besos,accident,ronda,litoral,zona,franca,can,tunis,,besos	1
367	a2,palleja,sant,vicenc,dels,horts,sentit,bcn,obres,ronda,,esplugues,pedralbes,,trinitat,accident	1
368	aturats,,ap7,barbera,sentit,nord,consequencia,cua,afecta,sortida,can,salvatella	1
369	vehicle,avariat,ap7,papiol,,sud,retencions	1
370	tots,carrils,oberts,ronda,cornella,,llobregat,accident,retencions,roquetes,precaucio,	1
371	accident,mortal,nii,pont,molins,xoc,frontal,cotxe,camio,provocat,mort,conductor,vehicle,passat,mica,causes,investigant,	1
372	retencions,accessos,nord,bcn,,c58,terrassa,estbadiamontcada,,bcn,montcadaripollet,,terrassa,c16,florestapeatgeboca,nord,tunel,vallvidrera	1
373	cues,ap7,,parets,vallesmolletsanta,perpetuael,papiol,,sud,sant,cugatbarbera,,nord	1
374	2,carrils,tallats,ronda,,tram,c32,,esplugues,,llobregat,accident,retencions,llargues,roquetes,precaucio,	1
375	bv2411,tallada,avinyonetdelpenedes,causa,vehicle,avariat	1
376	monicagranados,gracies,bon,dia,,	1
377	bon,dia,,precaucio,c17,granollers,pk,18,,bcn,turisme,avariat,ocupa,1,carril	1
378	aquesta,domina,circulacio,comoda,incidencies,,retencions,b24,cervello,n340,vallirana,	1
379	aturats,carretera,vallvidrera,,bv1462,,,bcn	1
380	retencions,c32,sant,boi,,castelldefels	1
381	pas,alternatiu,c14,montblanc,treballa,retirar,vehicle,accidentat,,retencions	1
382	euromed,1152,,valencia,barcelona,,acumula,retard,26,minuts	1
383	atencio,viatge,carretera,pont,sants,,,	1
384	aturats,,b24,cervello,n340,vallirana,c17,parets,valles,,sud,canovelles,,vic,cinturo,litoral,cornella	1
385	retencions,,c58,sant,quirze,montcada,,sud,ap7,santa,perpetua,barbera,,sud,b30,barbera,,sud,cerdanyola,sentit,nord,b23,molins,papiol,,girona	1
386	encara,cues,,ap7,jonquera,,nord,obres,fan,territori,frances,c65,llagostera,,santa,cristina,,aro,obres	1
387	aturats,c65,llagostera,,santa,cristina,,aro,obres	1
388	cua,ap7,jonquera,,nord,obres,fan,territori,frances,	1
389	continuen,cues,c65,arribar,fornells,selva,banda,banda,obres,	1
390	servei,restablert,l1,universitat,glories,	1
391	cua,,ap7,sant,celoni,sentit,sud,,incendi,,vehicle,equiviari	1
392	r11,figueres,14,,08,sants,16,,09,acumula,45,minuts,retard,incidencia,tecnica,origen,	1
393	sense,servei,l1,,linia,vermella,,metro,universitat,glories	1
394	retencions,,c58,sant,quirze,,sud,b30,cerdanyola,sentit,nord,ap7,jonquera,,nord,c65,arribar,fornells,selva,banda,banda	1
395	cua,5,km,,ap7,cerdanyola,barbera,sentit,nord,,girona,,topada,4,vehicles,implicats,	1
396	1,carril,tallat,gi542,angles,,selva,,,osor,pedra,grans,dimensions,caigut,calcada,precaucio,	1
397	retards,15,r2,nord,r11,renfe,causa,incidencia,tecnica,senyalitzacio,adifes,estacio,sant,andreu,comtal	1
398	vehicle,avariat,ronda,julia,,trinitat,1,carril,tallat,retencions	1
399	millora,circulacio,accessos,bcn,cues,,c58,b20,nord,c16,a2,b23,c31,c32,sud,rondes,,llobregat	1
400	accident,c60,argentona,,nord,1,carril,tallat,retencions,c60,c32,mataro,,sud	1
401	aturades,accessos,sud,bcn,,a2,sant,andreu,barcapallejasvicenc,hortscornella,b23,molins,reiesplugues,,bcn,molinsel,papiol,,girona,c32,gavaviladecans,c31,prat	1
402	cues,accessos,nord,bcn,,c58,terrassa,centrebadiamontcada,,bcn,montcadaripolletsant,quirze,,terrassa,c16,rubivalldoreixpeatgeboca,nord,tunel,vallvidrera,b20,santa,colomanus,trinitat,c31,badalona	1
403	ap7,retencions,,sud,,montornesparetsmollet,valless,perpetuabarberabellaterrasant,cugatel,papiol,,sud,nord,,bellaterrabarbera	1
404	accident,ronda,pedralbes,,llobregat,1,carril,tallat,retencions,nus,trinitat,precaucio,	1
405	retencions,c31,acces,aeroport,pratllobregat	1
406	retencions,c58,altura,badia,valles,accedir,centre,comercial,sentit,sud	1
407	circulacio,intensa,ronda,b20,altura,prat,llobregat,direccio,castelldefels	1
408	circulacio,retencions,c12,altura,tortosa,perill,esfondraments,obert,alternatiu,regulat,semafors	1
409	tallada,tp3311,galera,senia,causa,pluges,	1
410	,circulacio,intensa,c25,santa,coloma,farners,direccio,vic	1
411	retencions,accident,c17,altura,montcada,reixac,direccio,barcelona	1
412	tallada,t331,ulldecona,freginals,causa,pluges,	1
413	tallada,tv3421,roquetes,barberans,causa,pluges,	1
414	tallada,c12,amposta,altura,tortosa,causa,pluges,	1
415	emergenciescat,informa,canal,breta,tortosa,desbordant,inundant,c12,punts,quilometrics,11,12,bomberscat,mossos,lloc,evitar,mobilitat,ebre,montsia,protecciocivil,alerta,inuncat	1
416	consequencia,fortes,pluges,,tallada,t331,ulldecona,,santa,barbara,cua,c12,tortosa,,bassals,,aigua	1
417	proteccio,civil,demana,possible,,eviti,agafar,cotxe,circular,comarques,montsia,ebre,vehicles,atrapats,acumulacio,aigua,carreteres,	1
418	cua,c58,sabadell,,terrassa,accident,	1
419	cua,c32,sant,boi,,castelldefels,accident	1
420	aturada,circulacio,trens,benicarlo,vinaros,fortes,tempestes,,fa,servei,carretera,castello,,aldea,,trens,sortit,barcelona,valencia,,espera,evolucioni,episodi,pluges	1
421	r13,,stvicenc,calders,18,,30,planapicamoixons,19,,06,,surt,40,minuts,retard	1
422	regional,express,15015,estacio,francasaragossa,acumula,retard,incidencia,tecnica,	1
423	r15,estacio,franca,15,,43,ribaroja,ebre,18,,58,,saragossa,acumula,60,minuts,demora,	1
424	tren,r13,,stvicenc,calders,18,,30,planapicamoixons,19,,06,,te,prevista,sortida,19,,00,30,minuts,retard,	1
425	proteccio,civil,demana,possible,,eviti,agafar,cotxe,circular,travessen,comarca,montsia	1
426	tallada,n340,alcanar,consequencia,fortes,tempestes	1
427	aturats,,c60,argentona,,mataro,cinturo,litoral,sant,joan,despi,cornella,carretera,vallvidrera,,bv1462,,,bcn,c55,manresa,,sud,sant,vicenc,castellet,,nord	1
428	cues,n340,alcanar,vinaros,lt,,,,precaucio,,,,	1
429	aturada,circulacio,trens,corredor,mediterrani,castello,tarragona,,estacio,vinaros,,castello,,consequencia,tempestes,informa,adif	1
430	aturada,linia,castello,tarragona,,estacio,vinaros,,castello,,consequencia,tempestes,informa,adif	1
431	oberta,tv3146,vilaseca,tarragones	1
432	des,fa,estona,plou,terres,ebre,podeu,trobar,bassals,aigua,n340,circuleu,precaucio,,,,	1
433	retencions,,ronda,cornella,pedralbes,,besos,accident,julia,,avariat,ronda,litoral,zona,franca,nus,trinitat,forum,barceloneta,	1
434	cues,,pota,nord,santa,coloma,gramenet,cinturo,litoral,cornella,,martorell,tunel,vallvidrera,,bcn,b24,cervello,n340,valirana	1
435	aturats,,ap7,rubi,papiol,,sud,b30,barbera,sentit,sud,cerdanyola,,nord,b23,sant,feliu,papiol,,girona,,esplugues,diagonal,c58,sant,quirze,,sud,cerdanyola,montcada	1
436	cues,,tallada,tv3146,vilaseca,tarragones,bassals,,aigua,ap7,jonquera,,franca,obres,territori,frances	1
437	embus,,ronda,cornella,guineueta,,besos,accident,guineueta,,ronda,litoral,zona,franca,poblenou,sentit,besos,causa,,accident	1
438	aturats,,c59,palau,-,solita,plegamans,,caldes,cinturo,litoral,sant,joan,despi,cornella,nii,pineda	1
439	aturats,clot,desde,fa,bona,estona,avanca,	1
440	cues,,ap7,santa,perpetua,barbera,rubi,papiol,,sud,b30,barbera,sentit,sud,cerdanyola,,nord,b23,molins,papiol,,girona,c58,sant,quirze,,sud,montcada,sentits	1
441	servei,restablert,l3	1
442	sense,servei,l3,,linia,verda,,paral*lel,passeig,causes,tecniques,drassanes,	1
443	carretera,tv3146,tallada,vilaseca,2,sentits,inundacio,calcada	1
444	rod4cat,normalitat,deficiencia,servei,prouaccidentsr4,rod4,juanariasbcn	1
445	vlcc1,cercanias,destino,vlc,nord,tiene,paso,por,sueca,las,7,,51h,circula,demora,18,por,incidencia,precedente,rodalia,destinacio,vlc,nord,te,sueca,7,,51h,circula,demora,18,incidencia,precedent,	1
446	cristinaagell,rodalies,mateix,7,,56h,arribat,estona,normal,aturats,explicacio,	1
447	cues,quilometriques,c31,c32,marxa,lenta,gratuitat,dels,peatges,penedes,garraf	1
448	retards,15,linia,r1,rodalies,,maresme,,causa,incidencia,instal*lacions,adifes,mataro,arenys	1
449	22,pel,fa,precipitacions,centre,sembla,voldra,col*locar,voltant,illes,corsega,sardenya,aportant,vents,gregal,secs,descartable,sorpresa,,tipica,,situacions,caldra,seguirho,	0
450	abdelaziz,barrada,signa,pel,nastic	0
451	abdelaziz,barrada,signa,pel,nastic	0
452	amnistia,internacional,demana,suprem,observadors,tinguin,espai,sala,judici,1o	0
453	javi,lopez,david,lopez,pedrosa,marc,roca,alex,lopez,darder,javi,puado,,espanyol,presenta,alineacio,7,jugadors,formats,sant,adria,banqueta,4,,didac,lluis,lopez,melendo,victor,campuzano,rcde	0
454	carolroser,conec,,	0
455	tonialba,proporcionalitat	0
456	dissabte,inclassificable,aramalikian,presenta,royalgarageworldtour,teatremundial,figueres,imprescindible,,visitfigueres,figueresaescena,ajfigueres	0
457	segrecom,segrecomcom	0
458	sugurufillmeu,marvel,remuntar,series,spiderman,xmen,veia,antena,3,gracies,series,comencar,aficionar,comprar,comics,dels,mutants,	0
459	nanencarmen,jabufor,gent,bona,pel,mon,,veritat,criden,atencio,,,,,merci,carme	0
460	rperoy,krlesnu,rapsodia,ocasio,peroy,lt,,3	0
461	coneixeu,varietats,mandarines,podem,trobar,mercatsbcn,,,cuinacat,expliquen,feuhi,cop,,	0
462	nous,cepeda,roi,bromes,mariquites,,queien,punt,cancel*lats	0
463	festes,baixen,donacions,anem,donarsang,,dimecres,23,donacio,planta,1,edifici,montseny,perevirgilicat,anirem,,donarsangpsperevirgili	0
464	elisendapineda,casa,meva,superser,estufa,	0
465	cien,anos,empuje,pedagogico,mas,anos,vendran,...,diarioeduca,tinguem,present,feina,pensament,pedagogs,mestres,recorregut,pels,acabada,1a,guerra,mundial,confiar,educacio,impuls,vida,	0
466	savethedate,parlem,dol,infants,,gestionem,,perdeu,xerrada,tindrem,psicoleg,especialista,romanartur,proper,dijous,7,febrer,alasalaparlemdetot,,col*laboracio,creurojasbd,sabadell,bibliotequessbd	0
467	maqueill4,albanodante76,ierrejon,,acord,tu,moviment,,esperit,15m,,endur,podemos,,carregant,	0
468	consens,alcaldes,alcaldesses,osona,aprovacio,informe,previ,creacio,servei,public,abastament,aigua,baixa	0
469	senseficciotv3,passar,documental,petitetfilm,carles,bosch,estrena,mundial,docsbarcelona,projectar,filmcerdanya,recomanable,,,alacarta,	0
470	falten,minuts,vespre	0
471	[?]39,km,,intensitat,510,superficie,0510,,,170119,19,,40,,barcelona,bcn	0
472	presentacio,projecte,parc,republica,sant,pere,nord	0
473	tractem,habitualment,funcionaris,cnp,sabem,catala,inexistent,diuen,entenen,vols,utilitzar,elmonarac1,jordibaste,salellasadv,llenguacat,prourepressio	0
474	tarda,febricular,,dolor,articular,gola,inflamada,calent,llimona,arrossegant,inspiracio,ulls,pel,formigues,paper,text,entra,,sort,schubert,fantasia,,blue,monday,,dijous,	0
475	bacon,formatge,	0
476	empadronem,votar,perdre,vista,	0
477	felicitats,bona,feina,	0
478	cnpn,43,vs,buc,17,,nois,sub,14,cnpoblenou,sortir,camp,,energia,minut,1,buc1929,partit,marcador,donar,vencut,bon,joc,grans,equips,,fotos,,alexmerinobcn,rugby	0
479	venc,populisme,insultantlo,araopinio	0
480	dia,llibre,frase,atzar,,,platges,esperen,petjades,dels,homes,,aigua,dorm,,gabriel,janer,manila,adapt,	0
481	lamanyanacat	0
482	jportella93,bicing,enviat,mail,cas,	0
483	josepalay,isabelmassala,quimtorraipla,gracies,	0
484	poliramon,venen,desde,n,	0
485	!!carrer,comerc,cosa,vilafranquins,,,esperem,,!!,	0
486	jondesenk,cas,rellevant,tuit,possibilitat,real,atorguen,governar,mesos,be,agrair,,corrent,	0
487	fgotarra,jugadors,equip,aixo,,stuani,carvajal,exemple,,,jugadors,filial,esperar,cumplir,sancio,poden,jugar,equip,lliga,copa,cas,porta,fluixa,copa	0
488	teniu,personatge,idol,setmana,oblideu,compartir,sentiu,superwomanfiona	0
489	sedlr,sembles,psicolegs,llences,preguntes,observes,agrada,pregunta,entenc,agrada,pel*licules,	0
490	advocats,catalans,que,,votat,	0
491	vist,activitats,queden,	0
492	bertbrun,portaves,aigua,passarli,emprenyat,descuit,te	0
493	miqueliceta,155,vols,mediocre,	0
494	icetaextremadura,monta,monta,tanto,trendingtopic,republicacatalana	0
495	pobla,claramunt,aprova,pressupost,practicament,35,milions,,euros,2019	0
496	novarevista,ace,,architecture,city,environment,num382018	0
497	nani,roma,,odenenc,alex,haro,subcampions,dakar	0
498	xocolate,anem,saturats,,,	0
499	totcosta,por,interpretar,norma,entenc,canviat,terminis	0
500	studela,jordiborras,,seguir,novetats,petrolisindep	0
501	rao,punt,vista,superbia,infal*libilitat,divina,creuen,dipositaris,resolen,donar,imatges,hemicicle,fa,baixada,	0
502	fakenews,,,trovem,museu,torre,balldovina,convocats,,ancgramenet,parlarne,periodistes,oetxearte,andreubarnils,albertmartnez	0
503	sortir,feina,veniu,afterwork,,atemporal,,reserva,exclusiva,centre,bellesa,gaudeix,beauty,experience,amics,reus,atemporal,atemporalestheticlab	0
504	jordiroviraguma,gent,diuen,esquerres,viuen,opinen,lliberals,dretes,llauto	0
505	jtornesanroma,,,,pensat,,dubte,,	0
506	lalibetfly,,acabo,psico,comenco,catala,puc,puc,nooooooo,	0
507	davidma95149645,99nandes,jordicanyas,apareixen,moncloa,magia,pluja,rajoy	0
508	assemblea,informativa,recuperemmagoria,cotxeres,sants,entitats,esportives,tauladesports,secretariat,exposen,proposta,recuperar,magoria,esport,instal*lacions,segle,xxi	0
509	"tetapth,fnaccat,jaumecabre47,jbadia16,virgili7,quimmonzo,si,,sobtat,,jaume,cabre,tinguessin,""versio,original,"",catala,"	0
510	,,,comencem,temporada,demitjons,llargs,,	0
511	dilluns,seleccio,catalana,femenina,fcfcat,enfrontara,xile,seleccio,preparant,mundial,estiu	0
512	atencio,,,,pensaveu,recordavem,,,,,voleu,fervos,socis,grama,podeu,descompte,40,,,veniu,oficines,buscar,carnet,,,,segonavolta	0
513	12,sembla,probable,clatellada,termica,setmana,vinent,entrada,freda,origen,polar,fara,baixar,temperatura,notablement,especialment,dimecres,dijous,ambient,cru,hivern,podria,mantenir,mes	0
514	unio,europea,institucions,federalisme,europa,canjonch,granollers,esquerrafederal	0
515	miqueliceta,dretes,ets,fals,	0
516	colomasta,benvinguts,twitter,esportcolomenc	0
517	btvnoticies,openarmsfund,raval,ple,narcotraficants,pisos,narcos,cofeeshops,drogadictes,carrer,,demanea,seguretat,llum,carrer,diuen,diners,,presa,pel,adacolau,galapita,carrer,lancaster,vertedero,bcn,,,,iros	0
518	reunio,president,col*legi,graduats,socials,barcelona,cgsbarcelona,carlos,berruezo,rio,vicepresident,julio,amador,treballant,conjuntament,,enfortiment,dels,col*legis,professionals,servei,societat	0
519	trobes,situacio,atur,buscant,feina,,ajpalamos,periode,preiscripcions,cursos,poden,donar,possibilitat,trobar,feina,,info,	0
520	enhorabona,taula,rodona,fake,news,premsa,veritat,desconfianca,mitjans,comunicacio,periodisme,vespre,organitzat,ancgramenet,museu,torre,balldovina,santacoloma,gramenet,conve,debatre,tema,	0
521	plovisquejant,sants,bcn,comencen,mullarse,,asfalt,voreres,1r,dia,pluja,2019,dona,finalitzada,ratxa,33,dies,portavem,ploure,gota,,00,mm,,,foto,carretera,sants,	0
522	vegada,xeringues,mina,telenoticies,comarques,santadria	0
523	valencasiusi,necessariament,xd,igualment,faig,tard,	0
524	didaccarreras,gent,jove,rebel,enredat,miserablement,estripen,carnet,tornen,casa,esperar,oportunitat,podem,esperar,tenim,remei,seguir,lluita,sapiguem,venut,	0
525	praywme,imperi,reviura,cendres	0
526	voldria,escoltar	0
527	conceptes,tenen,definicio,absoluta,canvia,context,geografictemporal,	0
528	gracies,pel,suport,pels,anims,,voler,aprendre,catala,enamorar,poble,catala,	0
529	marcbodi,tampoc,treure,,fer	0
530	sugurufillmeu,petit,tenia,referents,dc,,pelis,superman,serie,animacio,dels,superamics,batman,adam,west,,boom,batman,burton,serie,animacio,venir,	0
531	,moda,124,boyfried,look,millor,preu,rebaixes,leftiesofficial,,,sommultiespai	0
532	imatge,dels,donants,sang,donarsang,sangfluencer,	0
533	combat,mort,anys,gata,propietat,,capsa,	0
534	josepmacalafont,chloehphillips,gracies,suport,josep,	0
535	barcelonesjove,esdeveniment,agenda,diu,,llaureu,,dir,,arad,,toponim,romanes,	0
536	mica,humor,	0
537	chukwueze8,forme,part,,equip,,confirma,99,,toko,ekambi,titular,athleticclub	0
538	traduaction,traductors,jurats,google	0
539	esquerra,cainista,fa,imbecil,ultradreta,neofeixista,espera,porta,chachi,creo,vinierais,para,ahorapodemos	0
540	fa,dir,ignorancia	0
541	krlesnu,espero,passada,nota,	0
542	acabo,veure,cani,passejant,gos,,valgui,redundancia,,,caminava,suelto,cames,bracos,visques,videoclip,trapero,	0
543	jordiborras,davidra53695927,cromanyons,	0
544	boscderoures,sento,fa,riure,	0
545	acte,reconeixement,empreses,col*laboradores,foment,terrassa,comenca,visita,parc,audiovisual,catalunya,localitzemocupacio,serveiocupacio360,intercanvi,experiencies,implicacio,ciutat	0
546	ninaqueral,paquifer1969,se,te,veure,te,dit,vale,	0
547	9quietman,,,bufff,tinc,cosa,estudiar,,fotut,tallat,desperta,begut,alcohol,	0
548	directors,escoles,concertades,demanat,partits,politics,gironins,opinen,politiques,futur,proposen,referencia,accio,educativa,gracies,voler,rebre,,ns,reunit,palbertiserra,guanyemgirona	0
549	seguint,tema,dels,autobusos,terrassa,final,dona,rao	0
550	tonidedeu,uocuniversitat,aquascat,mooooltes,gracies,toni,,descomptat,comptare,,bona,feina,,aquas,,	0
551	font,anava,dies,omplir,garrafes,anava,joanic,recordo,,remodelacio,totxanes,sortia,roca,vida,beviem,aigua,casa,meva	0
552	atesos,pobresa,fa,creurojatgn,necessiten,ajuda,entitat,observatori,alerta,cronificacio,situacio,especialment,joves,grans,60,anys	0
553	celebrant,aniversari,,ancgramenet,taula,rodona,fakenews,oetxearte,vilaweb,albertmartnez,ladirectatv,andreubarnils,republicagramenet	0
554	cineasta,miguelpuertas3,dirigeix,documental,historic,repressio,franquista,granollers	0
555	emerjadesign,elplasticomata,greenpeace,wwf,vivirsinplastic,retorna,nomasplastico,ecoembes,ecointeligencia,,encanta,,bons,	0
556	entrades,exhaurides,,,,veiem,dissabte,,swing,,,recordem,entrades,taquilla,aforament,complert,,femateneusalt,salt,swingunderground	0
557	claraamm,dic,,generosa,ferho,ampli,generic,focalitzo,moltissim,cas,dels,desemparaments,,administratius,,vulneracio,drets,maltractament,institudional,sabent,dgaia,prisma,entenc,,entenem,crec,	0
558	sonia,fernandezvidal,mataronina,escriptora,doctora,fisica,quantica,presenta,exposicio,,dones,tecnologia,,projecte,tecnogirl,ponencia,,obrim,portes,biblioteca,alexandria,,bibliolabxbm,mes,info,	0
559	raholaoficial,psoe,fastic,penya,,	0
560	iniciant,cicle,gestionat,joves,casaorlandai,parlant,cinema,feminisme,gestiocomunitaria,artitransformaciosocial	0
561	amoedocom,ppandaluz,ciudadanoscs,digas,,,memoria,,,pasara,factura	0
562	laboratori,practica,determinacio,acidesa,vinagre	0
563	"""el,naixement,feixisme,,esperit,capitalisme,"",article,company,joan,sebastia,colomer,laccent"	0
564	sessio,informativa,usuaris,participants,,experiencia,mobilitat,compartida,vehicle,electric,sommobilitat,santaperpetua,vecompartitspm	0
565	jaumealonsocuev,gracies,xerrada,abracada,forta,	0
566	rosegarocs,mferreal1,pronomboig,meadow895,barcelona2714,davidgr1714,santnoetcansis,enricduranp,tinguin,contacte,castella,segur,tenen,catanyol,dir,catalans,parlen,catala,acastellanat,problema,	0
567	vespre	0
568	,ajuntament,financara,rescats,mediterrani,aportacio,milio,,euros,openarmsfund	0
569	rosegarocs,virgili7,mferreal1,pronomboig,meadow895,barcelona2714,davidgr1714,santnoetcansis,enricduranp,internet,suposo,arribat,poble,	0
570	menorca,bona,diada,menorquines,menorquins,cc,consellmenorca	0
571	karmemartinegea,espero,embolicat,ensaimat,	0
572	angelscordon,elplural,joselui57675062,es,saben,escriure,castella,gentussa,,	0
573	conscient,situacio,viuen,cfilua,arribar,accions,magnitud,mantenen,alt,escolteu,lorenaavila21,entendreu,santaperpetua,habitatge	0
574	somhi,,,faci,falta,poder,cumplir,anhels,haber,fet,maxim,,,movem,demes,marato,nosaltres,lliures,,,,makeamove	0
575	marc20f,lliure1714,substituts,atabalant,interessa,pel*licula,anire	0
576	"govern,espanyol,diu,roba,groga,bocariver,""risc,seguretat,,elnacionalcat,vegada,demostren,nivell,tenen,caient,parany,nacionalfeixistes,pp,"	0
577	rourecentenari,dies,,,falti,decideixes,avi,mestre,,deia,decisio,prens,llevarte,bona,,pensades,,	0
578	toni,seligrat,acomiada,roda,premsa,	0
579	proftgschulze,manfredweber,cemoezdemir,andrejhunko,thomas,fent,ridicul,espantos,entens,demana,ajut,,inflat,bestieses,	0
580	marcsd90,eduardvoltas,pdemocratacat,votaria,puig,aglutinara,independentisme,dretes,	0
581	mksjosoccdr,dadme,dadme,otra,dadme,,patetics,podem,arribar,mereixem,passa,	0
582	chloehphillips,ratllis,parles,,parles,millor,catala,nascuts,	0
583	laribocrusat,comenca,intervencio,recordant,ernestlluch,,pluriempleat,vida,pencaire,,premigaziel2018	0
584	nena,menja,menjant,aixi,agrada,mengis,,nena,mira,deixa,menjar	0
585	confirmat,dubtes,generats,actual,govern,miquelforns,donarem,suport,presentat,continua,debat,,plesitges,sitges	0
586	dubte,crida,instrument,servei,dels,interessos,politics,personals,puigdemont,te,interes,particular,tros,ase,dia,entenen,millor,campanyes,organitzades,maniquees,simplistes,atacs,sistematics,	0
587	cronica,,basquet,sama,vilanova,65,-,senior,masculi,plasfoc,52	0
588	2001,toni,batllori,quadre,lavola1981,,20,anys,empenyent,,oli,tela,130x190cms,observantlo,constato,proposit,continua,vigent,sostenibilitat,cosostenibilitat	0
589	raq73,cas,pugui,dir,pamflet,,razon,,,idiotes,necessari,	0
590	clar,impossible,bigdatapdecat	0
591	emerjadesign,,,crec,escollit,tema,,,bona,,	0
592	raholaoficial,psoe,sanchezcastejon,escapen,cabres,	0
593	krlesnu,anava,escriure,melanconia,melangia,tristes,sonen,	0
594	sugurufillmeu,creguis,parell,amics,fans,coneixiem,gracies,videojocs,petit,veia,serie,animacio,hulk,tv3,	0
595	cupsitges,exigeix,valentia,grups,politics,ple,sitges,prendre,mesures,habitatge,public,asseguren,,problema,important,,municipi,	0
596	valoracio,fa,ciutadania,dels,partits,fidelitat,vot,seguiment,partits,antistablishment,,,bigdatapdecat	0
597	9balas9,llunacatalana3,crec,detinguin,gent,ser,carrer,ple,pressionant,moure,carrer,buit,detinguda,voldria,saber,tinc,suport,gent,seguire,anant,trobaran,sopar,groc,	0
598	mainatjm,fes,neteja,autonomistes,purs,junqueristes,tadaristes,,partit,presidents,desde,herbert,barrera,rahola,junqueras,canviat,	0
599	,audio,hotelsuis,124,elmilloranyarlequinat,cesabadell,torna,30,volta,elchecfoficial,supera,classificacio,,,23,,11,	0
600	glp,vehicles,autogas,vehicles,eficients,solucions,energetiques,normatives,installacions,repsol,sessio,gremi,traves,fegicat,tonifdez	0
601	diariara,financa,,objectius,	0
602	sap,existeix,filtre,babes,protegir,mobil,dels,twitts,miqueliceta,,patina,,	0
603	msandrafer	0
604	anat,,ajuntament,cornella,demanar,certificat,canvi,,carrer,diuen,triguen,aprox,podre,arreglar,local,perdre,diners,,puc,tenir,certificat,,,	0
605	,noticia,124,parlament,europeu,aprova,retirar,fons,paisos,membres,posin,perill,dret,noticia,tindria,relacio,pedro,sanchez,tingues,parlament,europeu,20,,aforament,	0
606	islandiarac1,jllgarcia,vilaeloi,adono,se,,arrassat,,	0
607	catsalut,porto,3,dies,trucant,934585980,programar,visita,ginecologica,agafa,telefon,alternatives,	0
608	companyia,badalonina,industrial,teatrera,iniciar,periple,meravellos,espectacle,carrer,funcions,europa,tornen,badalona,presentar,naufrags,sala,teatre,zorrilla,	0
609	lapous,mirar,turquia,acabarem	0
610	araceboardpicoftheday,1701,vii,ultratrail,mestral,hospitalet,,infant,20211018,,club,nautic,hospitaletvandellos,escola,vela	0
611	assabenta,paguen,deficit,fiscal,,milian,mestre,,,dic,cop,,madrid,tracta,colonia,,elnacionalcat	0
612	davidgr1714,busquen,es,confrontacio	0
613	jzaragoza,veritat,,,,saben,madrid,sevilla,zaragoza	0
614	albanodante76,tcunillera,cunillera,dimissio,dignitat,cosa,majordoma	0
615	voxes,tarado,enfarlopado,suda,como,cerdo,siempre,,asco,fastic,absolut,eixida,cancell,pujaben,voravia,asa,agonollada,prepotent,,parla,garri,fa,fastic,merda,seca,pudor,podrit,,bona,definicio,,	0
616	"mmaarrttaahl,martona,,""divertit,"",dius,,perfecte,tinc,ganes,,estudiar,parla,,permanencia,tal,felic,mes,benestar,curt,oscil*lant,mati,tenir,benestar,no,,explico,,"	0
617	adria,carrasco,trasllat,cas,,<<es,prova,muntatge,>>	0
618	fem,moviment,pau,llibertat,makeamove,assemblea,makeamove	0
619	cant,dels,maulets,estrofa,diu,,curt,lliguin,perill,tindran,,,diria,no,tranquils,semblem,covards,voltes,te,limit,nosaltres,mesurant,accions,	0
620	anims,joan,enten,gent,volem,coses,fa,rebem,pals,pero,clar,foten,pals,arribarem	0
621	moments,assemblea,escola,catalunya,30,anys,fent,xarxa,escolapiacat,assembleaepc	0
622	proper,divendres,25,19h,biblabobila,presentacio,llibre,poemas,transito,pilarosoriomoran,marlunaria	0
623	amadeubrugues,josepruana,elisendapineda,acabeu,recordar,posguerra,dire,avis,tenien,petit,coses,fascinaven,flamarada,feia,estona,encesa,	0
624	futfem,124,visitat,natarroyo,seleccionadora,absoluta,catalunya,promocionar,partit,catalunyaxile,proper,dilluns,21,gener,estadi,municipal,hospitalet,,19h,,,ambelverdalcor,	0
625	sembla,partit,dissabte,torna,	0
626	florencifc,toro,embogin,cura,abelles,anar,pasigan,ajudemlo,caure,single	0
627	club,lectura,especial,tiananegra,bibtiana,director,festival,sbennassar,llibre,,joc,brut,manuel,pedrolo,dels,protagonistes,anterior,edicio,tiana,negra	0
628	setmana,festa,podeu,coneixer,tornar,veure,,carpes,correjocs,torneig,carcassonne	0
629	pinta,moooolt,,queda,vi,estels	0
630	human,rights,watch,dir,probable,espanya,democracia,piolins,trobin,urna,aprovin,batxillerat,,entrar,cos,inesperat,fem,sopar,groc,,ultimahora,catalonia,catalunya,cataluna,1oct,republicacatalana	0
631	gran,entrevista,claudiariusl,xavierroige,quedo,reflexio,sb,serveix,museu,,,,,estimular,passio,pel,coneixement,pensar,reptes,societat,pel,plaer,estetic,,perdeu,museusadebat,educacioalsmuseus	0
632	,reunit,responsables,gremi,posar,comu,nous,reptes,projectes,2019,,fegicat,reunio,gremis,aigua,llum,electricitat,formacio,telecomunicacions,enginyeria	0
633	torrasroca,dies,cosa,,	0
634	director,corporatiu,planificacio,estrategica,estudis,caixabankcat,enric,fernandez,destaca,tribunadegirona,necessitat,creixement,inclusiu,sergirona,diaridegirona	0
635	voltants,,arc,triomf,,escenari,activitats,ludiques,culturals,veins,veines,context,cultural,xines,donaran,benvinguda,,anynouxinesbcn,ciutat,convidada,,info,,celebrembcn	0
636	fons,,espai,,entrevista,profunditat,30,minuts,grups,municipals,espai,compartit,marinascribano,xavierbuzon,cadascu,disposara,15,minuts,,20h,,	0
637	andreu,mayayo,,,catalunya,19802015,historia,fotografies,,ofereix,mirada,reflexiva,servira,viscut,periode,,	0
638	olblidare,dia,sentiment,lliris,collons,,,	0
639	comencem,obres,crear,nova,area,jocs,infantils,,ambit,antigues,casernes,sant,andreu,santandreu,,info,,obresbcn,fembarcelona	0
640	p1,,fet,massatges,manera,estimular,sentits,creant,espai,calid,acollidor,passat,relaxat,moltissim,,	0
641	catinformacio,catalunyaradio,albertrequenal,facin,centre,comercial,arenes,barcelona,	0
642	passen,minuts,vespre	0
643	oferim,suport,institucional,juridic,economic,openarmsfund,pugui,tornar,sortir,obert,salvar,vida,fugen,horror	0
644	lluisgibert,quimtorraipla,europarlcat,sigut,,foto,,azores,,semblar,cosa,piloteig,personal,aznar,bush,blair,	0
645	mustread,llegir,reportatge,beanavarro,lavanguardia,	0
646	festes,dels,tonis,manlleu,declarades,interes,nacional	0
647	canyamelar,adeuda,mensualidades,plantilla	0
648	calen,observadors,internacionals,amnistia,demana,explicitament,,home	0
649	xvis16,organitzare,venir,pugui,obviament,movistar,casi,finde,recus,lol	0
650	oblidis,critiques,dela,catalans	0
651	ramoncotarelo,queda,pel,perdre,pareu	0
652	festival,tradicionarius,bibliolagrua,ajmontmelo	0
653	chgjoies,semblat,,creia,febrer,vivim,epoca,immediatesa,cremar	0
654	mfortunyc,mecatxis,gracies,faig,puc,xdd,lt,,3	0
655	dilluns,capgiremnoubarris,,,,inaugurem,comite,campanya,noubarris,cp3voltesrebel,tancar,programa,definir,campanya,electoral,rumb2019,capgirembarcelona	0
656	elisaro16596515,lluvialeo,lopalangana,esquitx17,castellles,abalagu,genovevasousa,roserroses,crocultura1,josegea1965,asediciosa2,6mariolsanchez,tonirisucor1959,jcgonzalo69,jvf1958,kamellosr,cleoopatra,alberich09,badiaserra7,montsec1,merce90945854,lamanius,loscarnaless,catalunyafreetv,indycatalana,su55682423,rosarioi22,aribaujoan,william41929749,pabl0iglesias,miakabcn,issabellaisab,jjppbcn,malparit1,anasfll,dom70bcn,catalanrep,srspoc,ebedloe,calafontnatural,krls,tdailypost,digitalsevilla,nytimes,wsj,catalunyadiari,berlinerzeitung,alextremp,elnacionalcat,diariara,,ajudarnos,,pensa,cobrarem,llest,,,sap,cuinar,,massatges,,sap,abracades,,sap,arreglar,jardins,,sap,acudits,,sap,donar,tabarra,,,apuntada,voluntaria,precarietat,causa,	0
657	usa,xina,acabaran,arribant,acord,acabar,guerra,comercial,creu,enric,fernandez,poden,creixer,moviment,intern,economies,tribunadegirona	0
658	quimmonzo,	0
659	president,agbar,alerta,falta,inversio,depuracio,aigua,metropolitana	0
660	,coneixeu,persona,entitat,empresa,mereixi,premi,sant,cugat,2018,,presentar,candidatura,facil,,teniu,30,gener,	0
661	dic,poseu,foto,,avatar,traje,,poseu,,armani,poseu,mango,,canta,pocaclasse	0
662	reptes,estrategies,atraccio,retencio,talentdigital,segur,escriure,moment,comparteixo,gracies,ponents,genial,descobert,ctecno,barcelonadigitaltalent,,hr,ilovemyjob,estimulacioneuronal,womenit,digitaltalent,,	0
663	handbolbcnsants,curios,assemblea,centrada,jovent,mitjana,edat,dels,assistents,minim,60,anys,	0
664	marcarza,lluisju,tertulies,lluisvives,aprenent,politica,local	0
665	girona,capital,republica,	0
666	quimtorraipla,monicamfslj,josepalay,mhp,quimtorraipla,passant,injust,agafen,ganes,aixecar,suspensio,republicacatalana,,fa,,por,	0
667	colomo,poblenou,balmes,barceloneta,hahah	0
668	etern,miserable,parasit,criminal,oferiment,esquerra,,classic,,qie,claveguera,inmunda,feixisme,cafre,,pitjor,,criminals,cinics,pocavergonyes,,,	0
669	aturemlos,,,feixistes,dels,cartes,dels,barris,dels,pobles,ciutats,,feixistes,pais,,republicacatalana	0
670	laliga,proposat,expulsio,5,anys,cfreusdeportiu,afefutbol,tornaria,carrega,jugui,partit	0
671	podem,consentirho,,,,dir,salvatjada	0
672	'gramatica,llengua,catalana,,internet,versio,simplificada	0
673	ernest,plana,reelegit,president,patronal,gironina,lafoeg	0
674	rourecentenari,,utilitza,desconnecta,,tinguis,tocar,decideixes,	0
675	republica,franca,statu,quo,psoe,andalusia,	0
676	catmigdia,raicasmar,emparmoliner,xabibarrena,ferclopez,creusjordi,oscarcatradio,acarono,fotu,hostia,	0
677	creure,,incompetencia,,,,document,enllac,informe,252018,exercici,dgaia,2016,infart,,,,paco,,manana,,desaparece,web,,entiendes,porque,veces,documento,publico,dia,otro,	0
678	plaer,poder,participar,jamtr,alumnat,batxillerat,iesteveterradas,joves,tenen,dir,professorat,tenim,escoltar,poder,guiar,acompanyar,viatge,ple,emocions,realitzacio,treballderecerca,emmarcats,ods	0
679	jaumeisal,cadascu,empesca,definicions,part,ofici,madurar,crec,felicitat,perdurable,depen,selectiu,considerar,indicadors,autisme,voluntari,referia,fet,content,pretensions,	0
680	adacolau,reclama,ministre,espanyol,foment,deixi,sortir,vaixell,openarmsfund,port,barcelona	0
681	albanodante76,enten,serveix,assenyalar,denunciar,protestar,normalitzar,injusticia,se,fa,dedicantse,politica,	0
682	passat,santantoni,recta,final,carnavalvng,2019,moltaviatinscripcions,	0
683	rcdeoxford,roca,bluf,posicio	0
684	,nova,etapa,ganes,aprendre,formant,part,grup,,noves,metodologies,educatives,,bcnpedagogica,promociodelasalut,salutpublicabcn	0
685	"nino,becerra,,""els,pressupostos,pedro,sanchez,cienciaficcio,"",elnacionalcat"	0
686	escola,montessorirubi,fet,sessio,aliancesmagnet,avaluacio,treball,projectes,fent,servir,rubrica,avaluacio,berenar,,diferencia,amanida,cas,equip,tenia,10,euros,,20,minuts,[?],anar,supermercat,	0
687	"""m,,agradaria,posar,valor,29,dones,valentes,formen,part,llibre,persona,anonima,sobreviure,present,llibre,missatge,poderos,llibre,dona,fernos,preguntes,"",edgar,munoz,noalestigma,fragilemovement"	0
688	arielkanievsky,davidyabo,bourbons,austries,trastamares,furtar,titol,,territorial,,sobirans,casal,barcelona,totalment,anacronic	0
689	50,aniversari,mort,marti,rouret,programa,taula,rodona,parlar,,exili,mestre,politic,,carrec,jose,m,muria,rafel,bruguera,salomo,marques,alfolidelasal,escala,visitlescala,escalamunicipal	0
690	renda,mitjana,barris,illustratiu,enganxa,	0
691	societat,,internet,futur,tenen,biblioteques,especialitzades,centres,documentacio,,biblioteca,library	0
692	intervencio,horitzo,plesitges,extraordinari,habitatge,sitges	0
693	cridanacional,registra,partit,politic,	0
694	miqueliceta,rao,miqueliceta	0
695	culebra1978,crec,persona,actriu,public,general,te,tenia,decencia,guardar,formas,educacio	0
696	btveltemps,meteocat,amic,rebuf,classic,entrades,nord	0
697	anndesola,adalfe2751,joves,barcelunya,plorem,anar,dormir	0
698	maribelvilasol,animanaturalis,vist,,,aprendre,	0
699	congres,defensar,esmena,pdemocratacat,eixamples,mirada,permetent,confluencies,espais,politics,cridanacional,horitzo,posar,fre,atomitzacio,vivim,,facin,triar	0
700	"rvinualescs,""sant,salvador,fa,50,anys,venia,zona,residencial,deixadesa,falta,,inversio,dels,governants,portat,,actual,barri,"""	0
701	venta,exclusive,beatport,influences,tremonjai,tremonjai,traves,sello,discografico,elantris,records,elantris,records,releases,amp,,	0
702	silviamartorell,blau,	0
703	lapous,curs,mitjana,marielpaldel,tenir,brillant,idea,ajuntar,cumples,trimestre,festa,regal,ideal,	0
704	pierregiltay,gracies,gran,pierre,,,,,	0
705	audio,noticiesvespre,124,parctauli,fa,45,operacions,cirurgia,bariatrica,llistes,espera,4,5,anys,	0
706	hartmannmora,josepbatllia,manolo,milian,llest,,tenia,clar	0
707	impresionante,espectacular,,laiasanz,,felicitats,	0
708	afromarc86,peusla,restitut61,,hostiaputa,,	0
709	neusmatamala,neus,pare,necessites,aqui,estem,amistat,derrotar,acabara,pateixis	0
710	reportatge,telepolis,,,repressio,espanyola,torna,colpejar,catalunya,,elnacionalcat	0
711	tecnogirl,ofereix,joves,12,18,anys,programacio,exposicions,tallers,ciencia,tecnologia,,tallers,xnergic,bibliolabs,,hackatho,inscripcio,bibliomataro,mes,info,,biblilabxbm,lapompeu,antonicomas	0
712	elisendapineda,casa,avis,picaven,ulls,saber,cremava	0
713	aprova,mocio,cuptorre,implantacio,tallers,gratuits,autodefensa,feminista,pletorre,torredembarra	0
714	miccatalunya,discrimini,catala,ambits,catalanofobia,	0
715	elisabeth,vives,6691beth,directora,infermera,semgencat,explicat,experiencia,model,exit,unitats,suport,vital,avancat,infermer,svae,1er,encuentro,gestion,enfermera,urgencias,emergencias,gestionenfsemes,semes,enfermeriasemes	0
716	jaumealonsocuev,krls,saben,donarli,feina,veuan,descansat,pregunta,vivim,gran,democratas,ah,,	0
717	gemmajhb,esperis,mafia,pujolista,formen,part,r78,dona,monyos,ferro,deixara,cantar,jordi,cantes,penses,passaria,,res,cosa,n,quedarien,	0
718	monicabarcelona,parlar,catalunya,moda,,puja,carro,parli,	0
719	lluis,marce,,,felicitar,rosatubau,,regidora,habitatge,,assumit,responsabilitat,pes,herencia,deixada,pel,senyor,jordimas25,deixat,mort,fa,pudor,,plesitges	0
720	seguim,alcats,seguim,lluita,exigim,retirada,denuncia,adif,pels,talls,,,,vine,udg,signa,,caputxinadaudg	0
721	printlove,marxa,taller,fotografic,ludic,ensenyar,joves,expressar,fotograficament,estimen,posar,valor,fotografia,impresa,gracies,fujifilmxworldes,instaxcamara,marc,mostra,fujifilmprintlife,acull,dissenyhub	0
722	,ultim,faria,,,agraden,baldufes,	0
723	revolucionari,catolic,iran,italia,	0
724	desfent,topics,asserenant,discurs,clar,catala,magistrada,	0
725	guaita,,final,partit,saber,podrem,dir,,nova,convergencia,,caldra,veure,pdecat,disol,integra,competeixen,urnes,crispetes,	0
726	dvocat,porten,cadenes,miseria,orgull,drets,	0
727	savallsblog,fans,sir,humphrey,appleby,ministre,sabem,britanics,portat,escepticisme,	0
728	joanlluislluis,veig,silviasenz,parlat	0
729	axlthecatalan,collo,lluny,formes,copa,nowadays,,,copa,80,90,cirereta,triplet,meh,	0
730	franco,,mismo,,canviat,dictadura,actualitat,corrupcio,madrit,diuen,castella,,mismos,perros,diferente,collar,,,,,,,,	0
731	port,barcelona,estableix,relacions,sector,portuari,japones	0
732	guia,mares,treballadores,fills,llar,infants,podran,desgravarse,1000,euros	0
733	ffleichman,expedient,,certificat,academic,demanar,pagar,arribat,suplement,europeu,titol,,,,,,,,agafant,guies,docents,una,problema,recordo,profes,lol	0
734	sinconcesiones,iurisport,plaer,persones,talent,costat,,fcbarcelonacat,	0
735	podemos,experts,jugades,mestres,,veritat,donarme,baixa,	0
736	audiencia,nacional,reobre,causa,acompanyants,puigdemont,elnacionalcat,vegada,gentussa,demostra,te,feina,donant,voltes,coses,arxivades,inutils,	0
737	govern,adacolau,dedicara,solars,municipals,500,pisos,joves,gent,gran,col*lectius,especifics	0
738	avis,cinefiles,cinefils,,teniu,espai,recomanacions,audiovisuals,nominacions,premiosgoya,enguany,dies,anirem,posant,totes,trobareu,titols,anteriors,dels,nominats,nominades,disponibles,biblioteca,	0
739	mmotherofcats,passar,algo,semblant,arriba,denuncia,publiquen,dogc,donen,informada,sembla,enriuran,fort,reclamacio,pagat,provar,	0
740	dubte,raonable,ricardustrell	0
741	,adherit,,acord,ciutada,barcelona,lliure,violencia,dones,,eliminacio,violencia,masclista,mes!!!!,,barcelona,mon	0
742	mucho,miedo,final,kingdom,hearts,3,este,altura,final,kingdom,hearts,2	0
743	rod11cat,pasa,sant,celoni,direccion,figueres,	0
744	,,tanca,cosmos,dels,classics,rambla,124	0
745	jsolervicens,quadernscrema,acabis,,novel*la,,llegirne,,critica,,,	0
746	,esmuc,gibarcelona,signat,conveni,col*laborar,,organitzacio,,esdeveniments,culturals,promocio,cultura,alemanya,llegiu,noticia,web,	0
747	tenim,punt,edicio,cicle,,reflexions,escola,,,reflexionarem,,viure,,manuel,delgado,najat,hachmi,rosa,m,calaf,joancarles,melich,programa,complet,,,obrim,fil,,reflexionsescola19	0
748	melciorcomes,xicot,catala	0
749	'gramatica,llengua,catalana,,internet,versio,simplificada	0
750	pepmbu,bona,especial,flipa	0
751	se,estranya,diu,,	0
752	chloehphillips,parles,catala,nassos,,,,,,,,,primor,chloeh,gent,trobaras,cas,gent,analfabets,formes,segur,proporcio,,tu,portes,1,,fem,faltes,tu,salut,seguim,,,	0
753	conferencia,organitzada,esquerrafederal,granollers,ciutadania,europea,,unio,europea,institucions,lidia,santos,professora,uab,podeu,inscriure	0
754	agafar,rod4cat,tard,assegurarse,15,minuts,tard,devolucio,express,	0
755	josepruana,menjadors,families,pobres,feien,oloreta,buta,meravellosa,	0
756		0
757	iglesias,avisa,errejon,podem,competira,comunitat,madrid	0
758	universitaria,running,,faltar,5a,edicio,cursa,universitats,,,uniruncat,,espera,3,marc,parc,forum,barcelonaja,inscriure,,,adidas,running,socbau,universitat	0
759	piscisblokytoni,anaoromi,vilaweb,krls,encarrec,bbva,villarejo,espiar,juanca	0
760	,comenca,latertulia,ssotillocosta,,,dserramitjana,nuriatorres51,quim,monturiol,juan,correa,,parlem,possible,retorn,activitats,taurines,olot	0
761	laconca51,estrena,estrenem,,felicitats,nova,imatge,equip,,laconca51,wine,thewineisnotjustwine,dangerwine	0
762	nhsitges,reivindica,formula,cooperatives,tirar,habitatge,public,sitges,ple,monografic,tema,	0
763	vadortitus,mitdebal,fnaccat,jaumecabre47,jbadia16,virgili7,quimmonzo,,,aneu,,central,laie	0
764	tupitupitupi2,rocamorapilar,jmoretgm,ricone1,xavierdomenechs,exagerem,venien,grisos,corriem,perque,detinguesin,	0
765	gracies,convidarme,explicar,cultura,te,papel,fonamental,batalla,igualtat,dones,homes,cymtw	0
766	"esther,bernado,directora,,esupt,,""l,,objectiu,projecte,joves,vegin,dones,tenen,dir,,ambit,tecnologic,cientific,mon,perd,talent,oportunitat,crear,projectes,mirada,"","	0
767	inagurem,,exposicio,mercat,,horta,portada,terme,pel,grup,treball,,hortaguinardo,coacatalunya,voluntat,posar,valor,patrimoni,arquitectonic,gran,feina,,2,febrer	0
768	germagarcia,abracada,forta,german,	0
769	salaicullell,hivern,mana,punyetes,	0
770	make,move,campanya,,denunciar,internacionalment,judici,,1o	0
771	20h,plusvalua,programa,economia,clau,valors,humans,radioestel,produit,ceescat	0
772	martaroqueta,increible,,,,	0
773	jzaragoza,te,rao,intentis,entendreho,culta,	0
774	diu,enric,fernandez,tribunadegirona,economia,espanyola,creixera,voltant,21,,catalana,anar,millor,recuperacio,demanda,externa,	0
775	,policia,enxampa,persones,fent,treball,	0
776	,escandol,saber,	0
777	mati,solsonacat,ccsolsones,president,fira,tio,josep,caelles,fet,aportacio,665EUR,diners,recollits,fira,tio,2018,venda,tions,finalitat,ajudar,,rebost,solidari,frescos,	0
778	moment,favorit,gaudir,cervesa,,aperitiu,vespre,,	0
779	casernes,guardia,civil,policia,nacional,catalunya,penjant,retrats,tcunillera,just,costat,borbo,felip,estapassant	0
780	accidente,mortal,trabajador,molins,,barcelona,	0
781	[?],falten,2,inici,partit,,,consulta,saber,tornada,copabarca,,forcabarca	0
782	monestir,santcugat,acull,exposicio,fotografies,antigues,festivitat,sant,antoni,municipi	0
783	senior,masculi,cblagarriga,retroba,victoria,badalones,abandona,posicions,descens,directe,lagarriga	0
784	rbewc,salo,firabarcelona,mon,retail,fa,debut,square,nyc	0
785	albanodante76,tamborras,treballeu,ciutadania,podeu,mirar,costat,,,	0
786	rogssj9,jugo,dissabte,9,molins,pero,veig,animat	0
787	,pregunta,setmana,,vertader,fals,,,alcohol,fa,tinguis,fred,,	0
788	gaudeix,golfes,chill,out,,opcions,facils,economiques,gaudir,golfes,convertintla,espai,chill,out,,,mueblessayez,leroymerlines,buhardilla,golfes,chillout,espaichillout,desconnexio,elteuraconet,idees	0
789	laxarxaxanante1,mariajosbarrer6,armillesg,fofitron,3,3,,,,seguiume,companys,,,	0
790	canvia,finestres,ajuts,consorci,metropolita,habitatge,40,	0
791	noms,santboi,cultura,museu,exposicio	0
792	psoe,extremeny,desafia,pedro,sanchez,aprova,aplicar,155,catalunya,psoe,d'extremadura,dir,s'ha,catalunya,espanya,nascut,pensa,decidir,catalunya,decidir,catalans,	0
793	lizards,torredembarra,reprenen,,activitat,torneig,benvinguda,2019,flagfootball	0
794	adrian,balboa,abandona,terrassa,balanc,524,minuts,disputats,gol,marcat,,santfeliuenc,,,qualitats,jugador,determinant,	0
795	jmartigalbis,bruixa,barjaula,galtes,ignorant,,evidentment,vividora,sistema,	0
796	bisbal,penedes,espera,local,social,miralba,punt,gener,tgndigital	0
797	crossover,sagues,iconiques,cienciaficcio,alienvspredator,segueix,equip,paleontolegs,arqueolegs,atrapats,batalla,especies,alienigenes,,projectarem,dilluns,21,gener,forums,fnacilla,fnactriangle,18,,00h,	0
798	estoneta,balcosercat,parlant,turroc,habitatge,ocupacions,habitarlatrinxera	0
799	punt,8,,gent,tourette,fantasmes	0
800	jondesenk,tracta,vulgui,,tracta,vulgui,ciutadania,respectare,carrec,electe,cup,vulgui,assistir,oficio,religios,	0
801	"""canviaria,,expressio,empatia,social,empatia,radical,,anar,,arrel,problema,,arrel,problema,,estigma,,"",edgar,munoz,president,obertament,noalestigma,fragilemovement,libreriaalibri"	0
802	suport,gilette,cavernicoles,deixin,comprar,productes,seguire,fentho,rao	0
803	"""els,gossos,antidroga,entren,classe,,institut,girona,[?]diariara[?],"",fracassat,educativament"	0
804	aramateix,cccalisay,reunio,veinat,doedes,presentant,projecte,,obres,arenysdemar	0
805	,cultura,,angel,morillas,coordinador,patrimoni,mundial,unesco	0
806	clar,,sembla,referendums,2,2,serviria,veure,consequencies,aplicar,resultat,dades,objectives,definitiu,,,brexit,scotland,1oct	0
807	"alocix,resultats,,jornada,12a,copacatbq,txelldomec,destacats,anotacio,medina,plomssallereus,35,jorda,cbartes,25,quiros,basquetripollet,25,vilanova,basquetripollet,25,franch,maristesadema,25,martinez,cbmollet,""b,"",25"	0
808	nevadorubio,gorda,	0
809	dc23gen,124,20,,00h,124,flauta,magica,barcelona	0
810	vespre	0
811	,actualitzacio,,,261303,govern,,198044,catalangov,diferencia,,63259	0
812	inventar,sant,esteve,roures,orni,mentit,moltissimes,vegades,sorpresa,,algo,vingui,rates	0
813	comissaria,policia,nacional,cerdanyola,pintades,rebuig,laforjacdv,bellaterra,cerdanyola,uab,santcugat,santquirze,sabadell,valles,vallesoccidental	0
814	demanda,sol,impulsa,centres,logistics,demarcacio,tarragona,elcamp,empresa,reusdigital	0
815	900,persones,iniciat,formant,nova,caravana,migrant,8000,km,separen,hondures,dels,sumaran,migrants,detenen,mexic,esperant,condicions,infrahumanes,sol*licitud,asil,part,dels,trump	0
816	esport,jordi,rovirosa,angie,bach,rtve	0
817	,acord,governs,catala,espanyol,crear,espai,dialeg,partits,,connectem,raicasmar,,fem,tertulia,,emparmoliner,,xabibarrena,,ferclopez,,creusjordi,,oscarcatradio	0
818	elisabetct,joanpera,preparat,espectacular,nit,descobrireu,espot,dels,premisgaudi,academiacinecat,estrena,llarg,tnvespre,magia,acompanyi,,enscalelvostrecinema,	0
819	porta,senyor,valls	0
820	tv3cat,dit,vegades,noticies,detenir,persones,ordre,judicial,il*legal,ordre,judicial,detenir,excepcions,exemple,persona,aforament,decisio,purament,policial,	0
821	,enquesta,124,jugadors,creieu,jugar,capgirar,eliminatoria,llevant,,barcallevant,fcbbeteve	0
822	tinc,posada,reproduccio,aleatoria,cancons,cotxe,,usb,dec,tenir,40gb,musica,milers,cancons,acaben,sonar,seguides,versio,original,tinc,concert,canco,,stolen,bruce,springsteen,dada,inutil	0
823	agarciasagarra,santiaggrogb,xriusenoticies,societatcc,cupnacional,enoticiescat,aturat,neurona,queda,pesol	0
824	benettatxo,caputxa,se,propera,anire,barret,ulleres,bigoti,faci,falta,	0
825	jordicanyas,unionistaesp,gabrielrufian,actuals,dissenyar,ministre,espanyol,1833,,javier,burgos	0
826	castellarpablo,puc,viure,opinion,maura	0
827	cas,barca,,article,563,codi,disciplinari,,article,761,764,codi,disciplinari,,article,26,codi,disciplinari,,principi,,esportsrac1,fcbrac1	0
828	galeria,124,,viscut,sabadell,dia,sant,antoni,abat,recupera,,imatges,instagram,,rogerbr21	0
829	homenatge,persones,representen,memoria,viva,sindicat,ccoo,ccoovocccatc,ccoocatalunya,mribelayndoming,pachecojpacheco,ccoo,montseros	0
830	totcosta,costa,creure,carles,naval,fumut,pota	0
831	presenta,taula,entitats,socials,salt,,tess,,treballar,xarxa,ciutadania,municipi,generar,espais,accio,coordinacio,organitzacions	0
832	jzaragoza,te,vergonya,	0
833	lluis,marce,,,nh,impulsar,cooperatives,parlant,gent,sitges,cedim,terreny,posicio,demandants,avis,,plesitges	0
834	jzaragoza,recordo,anys,70,sortir,pais,veure,retols,catala,recordo,emocionava,anar,andorra,veure,benvinguts,	0
835	jordiborras,esperar,lopinio,dels,colons,colonitzats,,csgohome	0
836	neandertals,catalunya,museudereus,patrimonicultural,reuscultura	0
837	rector,udg,dona,suport,tancada,dels,estudiants	0
838	,ajuntament,financara,milio,,euros,rescats,mediterrani,,open,arms	0
839	,prohibit,posar,examens,sant,antoni,	0
840	fadeta,bufona	0
841	gracies,tu,csecnarf76,compartir,acompanyar,,xarxacb	0
842	activistes,andalusos,visiten,lledoners,emulant,visita,blas,infante,companys	0
843	busco,clau,regne,cancons,lapegatina	0
844	pimpampum,institucions,patums,n,franctiradors,cat,acabaran,disparantse,ells	0
845	amic,comparteix,malediccions,,fantasmes,fotosensibles	0
846	aleixsarri,clar,aigua,	0
847	presentacio,llibre,'flora,tristan,,filosofa,social,immerescudament,desconeguda,recuperem,gracies,treball,conxa,llinas,carmona,collsamata,jaimesllibreria,feminisme,dones,filosofia,llibres	0
848	convencut,unio,ierrejon,manuelacarmena,bo,tinguin,exit,sort,encerts,,,	0
849	escolajoanmiro,esterforne,escrit,bonic,,,,fa,orgull,llegir,,,bona,feina,felicitats,,,,,	0
850	llenguacat,catencomupodem,parlamentcat,elperiodicocat,publicoes,naciodigital,elnacionalcat,diariara,elpuntavui,vilaweb,cupnacional,juntsxcat,esquerraerc,anar,oficina,habitatge,,assessorament,energia,llar,,ajuntament,placa,salvador,segui,noia,atendre,sabia,volia,,,contestarme,catala,vegada,trobo,bcnajuntament	0
851	caverna,blanca,possible,alineacio,indeguda,chumi,,copadelrey,barcalevante	0
852	grip,arriba,nivell,epidemia,catalunya	0
853	piolins,apallissaren,posa,carmen,,pagar,deute,hisenda,pel,frau,fiscal,segueixes,tributant,franca,,patriotes,	0
854	juancladeramon,magnifica,absolutamente,tensionada,	0
855	joantarda,lliure1714,veus,comenca,dient,voleu,sacrificar,vot,emes,ddhh,tirna,boomerang,acabes,rls,sacrificats,volem,serho,sacrificar,tracta,decidit,sacrificar,sacrificador,,autoritat,moral,politica,fa,perdre,	0
856	xyder77,joancami,piatti,entenc,segueix,confiant	0
857	nadiabp71,espero,,tibi,fort,fa,rai	0
858	pachonroser,teatre,dolent	0
859	tribunadegirona,enric,fernandez,diu,2018,podria,acabat,millor,2019,comenca,incerteses,,guerra,comercial,usa,xina,brexit,italia,	0
860	enricjuliana,ctxtes,acertadissimo,articulo,encertadissim,diagnostic,evolucio,pensament,dels,<<,intelectuals,>>,espanyols,gracies,enric	0
861	miaghilla,javierborr,cigxustiza,xaviervilanova1,entenc,tothom,magoa,monolinguismo,remedio,,mononeuronismo,,,agur,	0
862	totcosta,acaradeperro,rao,veure,madrid,cantaven,chirigotas,part,gracia,,	0
863	davidvinyals,tenen,minima,intencio,complir,mandat,democratic,1,octubre,fan,veure,referendum,existir,mai,ramontremosa,govern,pdemocratacat,esquerraerc,vergonya,	0
864	taller,cuina,cicle,inicial	0
865	amnistia,internacional,observadors,tinguin,espai,sala,judici,1o	0
866	castellarpablo,mica,limitar,ignorar,gent,publicitar	0
867	mare,parir,,fiscalia,presenta,video,manipulat,guardia,civil,prova,judici,,1o	0
868	",""la,diada,sant,antoni,minut,minut,"",,repasseu,passat,dia,diaridesabadell,"	0
869	estrelletafugu1,persegueixo,dia,trobare,	0
870	espanistan,,fa,governi,pp,psoe,,merda	0
871	vegada,noubicing,veredicte,,,,costa,agafardeixar,bicis,explicat,estacions,bicicletes,pesen,direu,seients,producte,mesos,investigacio,trobar,disseny,ergonomic,simplement,incomodes,bicibcn	0
872	clar,eixampla,base,catalanofobs,podem,cardar,camp,espanya,puta,vegada,,,,,,,	0
873	,recomano,descobrir,obra,literaria,te,musica,interior,escrit,jordicampoy,titula,noia,violoncel,,moment,avanco,sona,llibre,	0
874	calma,aniran,artadi,aragones,demanar,taula,dialeg,permanent	0
875	llauge1950,berlustinho,totalment,dacort	0
876	montserrat11091,nota,dels,nervis	0
877	"melos,,espatlla,cabrit,feina,focaccia,fulles,""migas,"",pedro,ximenez,124,plats,,hivern,12,coccio,124,somgastronomia,124,meloso,cabrito,focaccia,..."	0
878	troben,parella,granota,solitaria,mon	0
879	jcoscu,home,cup,democratacristians,exsocialistes,socialdemocrates,pluralisme,ideologic,independentisme,	0
880	apart,classic,,para,jodan,esos,polacos,mierda,,demanen,estremenys,155,,poble,genolls,dificil,trobar,	0
881	enformacio,museupicasso,vts,estrategies,pensament,visual,treballar,,aula	0
882	gallifantes,relojero781,crec,es,vergonya,	0
883	usuku,jamessm,valldoreix,empresari,	0
884	buenuuuu,,bon,comencament,	0
885	senyor,respon,,dels,llacos,grocs,penseu,vostre,gilipolles,,sentit,ofesa,,posat,auriculars,ignorat,discurs,	0
886	chloehphillips,chloe,agradaria,gent,porta,50,anys,parles,meitat,,aprendre,llengua,nova,complicat,requereix,constancia,esforc,demostrat,seguiras,tenint,comentaris,llegeixis,	0
887	liquid,cau,cel,polles,	0
888	consell,diu,estudiis,secrets,enlla,cop,reps,titol,erudit,paranormal,diuen,flipis,tampoc	0
889	fotli,,,,embolica,fa,fort,,,diuen,castella,,,eramos,pocos,pario,abuela,,	0
890	mariadeciurana,martamadrenas,esquerraerc,juntsxcat,parlamentcat,salutcat,,equivoques,,proximitat,fet,trobar,metge,centre,faciliten,coses,hipertrofiar,guell,solucio,	0
891	turull,rull,forn,mostren,,plena,disposicio,interes,,compareixer,comissio,155	0
892	almeetrah,puigfigueras,paquifer1969,se,saps,funerals,fan,acudits,diu,instint,supervivencia,	0
893	equivalent,passa,instancia,,relacio,governempresa,,dimissions,cessaments,,xapen,,empresa,,vaja,torna,treballar,admin,canvi,dgaia,,mima,,,fundacions,,,expliqueu,,contrapartida,	0
894	diu,aixo,,diu,paga,negre,fas,boicot,	0
895	mira,fan,franca,,curios,	0
896	barcelona,,passat,present,capitalismecolonial,coneix,passat,dificil,entendre,present,201,las,18h,palau,ruta,capitalismecolonial,antropologies,tanquemelscie,sindicatomanter	0
897	iblzr7,diegothekinggg,guau,guau	0
898	mor,poeta,mary,oliver,83,anys,arallegim	0
899	elespanolcom,cagar,via,,,,,cagar,tranquils,velocitat,perill,atropellament,	0
900	greu,facin,detencions,ordres,clares,trist,objectiu,posar,por,cos,espanteu,ciutadanscs,	0
901	saben,marxem,tenen,perdre,,pero,queda,lleig,	0
902	laurammate,pendent,molat,fragment,passat,	0
903	iniciem,bigdatapdecat,pdemocratacat,carlesagusti,xtomas	0
904	rogertorrent,esprintant,complir,mandat,pohahahahhahahaha,fotent,canya,racio,calamares,fumantse,puro,	0
905	elisenda66,cosa,pap,emigrant,	0
906	millor,exemple,edat,pitjor,,10yearcallenge,spiderman	0
907	catalunya,tornara,atur,previ,crisi,2020	0
908	lavanguardia,problemes,reals,dels,extremenys,inesarrimadas,	0
909	pastoral,124,amics,,companys,aventures,confidents,col*legues,carregats,tendressa,,estimem,respectem,,diu,tradicio,sant,antoni,abat,rebut,benediccio,,josocdelsantpau,animalsjustwanttobeloved,	0
910	scristobaljane,masses,hidrats,carboni,sucres,afegits,	0
911	clubcandado,ginebraconhelio,club,paio,	0
912	assemblea,emocionant,arribar,causa,lluita,llibertat,catalunya,independent	0
913	portetbruguera,martamadrenas,govern,gironacat,agradaria,barcelona,tenir,alcaldessa,,,aniria,tenir,alcaldessa,	0
914	vilaweb,marlaska,segur,vols,dir,,dretes,	0
915	'gramatica,llengua,catalana,,internet,versio,simplificada	0
916	xavibuntu,miccatalunya,veus,contradiccio,estudies,historia,adoctrinada,espanyola,clar,pero,almogavers,gran,majoria,catalans,lluitaven,catalunya,pels,territoris,conquerits	0
917	equipaments,son,fonamentals,cohesio,social,municipi	0
918	,,marxa,20,,30h,info,tertulia,sinconcesiones,fcbarcelona,ciriamarc,iurisport,ricardo,aparicio,madridista,alex,alvarez,1069,fm,,tv,app,tunein	0
919	audiencia,nacional,reobre,causa,acompanyants,puigdemont	0
920	makamuki74,monfortxavi,terres,terratinents,deixen,treballar	0
921	tallers,cicle,inicial,fent,comics,app,comic,strip,,descarregat,tablets,exemples,grup,semblen,,	0
922	elpetergriffinn,segador64,patates,seguen,burro,,creieu,putes,urbanites,serieu,capacos,sobreviure,minut,camp,dropulas,,espera,patates,mercadona,,veig,perdudet,	0
923	diu,pensen,,,ordena,capital,reino,	0
924	chloehphillips,final,sents,treus,maxim,aprendre,idioma,passar,italia,base,converses,diccionari,motivacio,tinc,nivell,	0
925	gracefulcoder31,frivax22,mesos,aguantara,nevera,,fa,sidebets,	0
926	assajant,girafes,monodebadalona,fent,extra,popular,pontdelpetroli,precios,hivern,decorat,nous,joves,actors,noves,gires,,asociacionpatea,playcatalan,artsdecarrer,escenafamiliar,irllull,bdncom,anisdelmono,zorrillabdncat,obsidianaa	0
927	bon,dia,samarucs,,esperem,dilluns,partir,13,,05,apuntmedia,samarucdigitalart,plastiques,musica,llibres,evoquen,naturalesa,protagonistes	0
928	declaren,judici,proces,coronel,baena,18,policies,actuar,barcelona,1o,judicitv3catradio	0
929	,,portada,terribas,,bon,dia,desperta,catalunya,,vuit,mati,catalunya,radio,passi,passi,volem,bon,dia	0
930	educacio,fisica,tambe,educacio,salut,,blanquerna,salut,edufis	0
931	declaren,judici,proces,coronel,baena,18,policies,actuar,barcelona,1o,judicitv3catradio	0
932	,exercici,drets,democratics,fonamentals,,article,2673,tractat,funcionament,principi,llibertat,circulacio,'justicia,fronteres,interiors,,article,32,haverhi,sentencies,contradictories,	0
933	bergueda,figols,dels,jaciments,importants,petjades,fossils,dinosaure	0
934	kenyantraffic,npsofficialke,shangalafrancis,rttraffic123,sir,accident,gameofthrones	0
935	18,us,code,SS,1963,criminal,penalties,liicornell,muellerknows,trumpcrimesmatter,gopcrimes,treason,obstructionofjustice,abuseofpower,conflictofinterest,unconstitutionalgop,intlparentalkidnapping,void45	0
936	tv3cat,totesmoutv3,ccmacat,lojucka,faqstv3,railopezcalvet,catalunyaradio,raholaoficial,bon,dia,rai,companyia,porten,23,dies,caminant,900km,esquenes,arribar,waterloo,,eurocambra,visible,cas,catala,seguiu,pensant,,informar,	0
937	canviar,matricula,cotxe,cinta,adhesiva,,convertir,m,frau,descobrir,conductor,rebre,multa,exces,velocitat,cotxe	0
938	licitacion,venda,contenidors,obsolets,retirats,publica,barcelona	0
939	rufian,reencarnacio,lleida,elnacionalcat	0
940	obert,carril,bici,av,constitucio,setmana,passada,families,usantlo,bona,connexio,barris,orriols,torrefiel,saidia,ronda,nord,parc,rio,anell,ciclista,,bitly2kvbw6w	0
941	bon,dia,gironacat,nefasta,gestio,planificacio,pl,pourodo,conduit,veins,comerciants,situacio,incomoda,minim,demanem,faci,parquing,col*loqui,pilones,evitar,circulacio,cotxes,autoritzats,	0
942	"""tant,passis,cel,diable,sapiga,mort,"",lareinadelabellesa,martinmcdonagh,bibliotecadecatalunya,cialaperla29,direccio,larsgez,youtube"	0
943	troben,sud,saqqara,egipte,tomba,,funcionari,inspirada,planols,arquitectonics,piramides,reials,dinastia	0
944	rac1,llibertat,tambe,poder,dir,tagrada,vingui,casa,albertrivera	0
945	"ferrocarrils,generalitat,catalunya,celebra,40e,aniversari,moderna,empresa,publica,prevalen,innovacio,qualitat,servei,,celebraran,actes,lema,""compromesos,preparats,futur,"",40anysfgc"	0
946	,lludries,instal*len,parc,natural,prat,cabanestorreblanca,diarilaveu,gvaagroambient,gvaparcs	0
947	bon,dia,,raco,,raviolis,parmesa,patata,salut,,,informem,19,22,,abril,inclosos,tindrem,tancat,,pasta,pastaartesana,pastadeldia,pastadavui,...	0
948	bon,dia,seguim,incertesa,gasssss,gefs,,model,probabilitat,conjunt,,posaria,precipitacio,dijous,tardanit,divendres,cota,neu,2200m,europeu,eps,,global,,valencia,fem,previa,meteo,24eltemps	0
949	carril,bici,sumat,carretera,santiga,contribueix,potenciar,mobilitat,zona,connectant,institut,casa,natura,parc,dels,pinetons,afavoreix,mobilitat,barbera,poligons,industrials	0
950	jove,lleida,viu,pis,tutelat,generalitat,guanyat,beca,estudiar,batxillerat,units	0
951	pissarra,manolomata,explique,psoe,reformat,model,financament,posa,valencians,cua,felipe,gonzalez,zapatero,pedro,sanchez	0
952	tribunal,eclesiastic,vic,jutja,17,capellans,sectarisme,sexe,grup	0
953	,calculem,eficiencia,grup,,nombre,iniciatives,,nombre,diputats,,,encomupodem,grup,parlament,eficient,2585,iniciatives,diputat,cua,troba,juntsxcat,15,iniciatives,diputat	0
954	imatge,podem,evitar,consellcomarcal,disposa,servei,voluminosos,domicili,gratuit,trucant,973,531,300,deixis,abandonats,publica,segarraresiduzero,residussegarra,paeriacervera,ajguissona,ajtorrefeta,ajuntamenttora	0
955	diari,catala,servei,alexa,aramedia	0
956	model,clar,,n,carril,reservat,bus,puntan,apartador,cotxe,transportpublicngestio,infraestructuranlyon	0
957	carril,bici,blasco,ibanez,9,,30	0
958	conductor,investigat,presumpte,delicte,seguretat,transitn	0
