‚ö†Ô∏èüöóüööEncara : Emb√∫s a l'AP-7 de Sant Cugat a Santa Perp√®tua -&gt;Girona per una topada d‚Äôun cami√≥ i dos turismes . Ara hi ha un carril tallat .Tamb√© aturats a Santa Perp√®tua -&gt;sud. Afecta la B-30 #equipviari
‚ö†Ô∏èüöóAturats a l'AP-7 a l'altura de Barber√† sentit Girona per l'accident que hi ha a Santa Perp√®tua-&gt;Girona  . #equipviari https://t.co/hGThSHJm5q
üöôüî¥Congesti√≥ a la C-58 des de Cerdanyola al NT i a la  C-33 des de Montcada al NT . #equipviari
‚ö†Ô∏èüöóEmb√∫s a l'AP-7 de Sant Cugat a Santa Perp√®tua -&gt;Girona per un accident que talla la via. Tamb√© cua de a Santa Perp√®tua -&gt;sud. Afecta la B-30 #equipviari
‚úÖRetirats els vehicles accidentats a la Ronda de dalt a Esplugues -&gt;Trinitat. Millora la circulaci√≥ #equipviari
üöÜTalgo 694 (Sevilla-Estaci√≥ de Fran√ßa ) acumula tres quarts d‚Äôhora da retard per una incid√®ncia t√®cnica i limitacions de velocitat . #equipviari
"‚ö†Ô∏èüöóCua a la Ronda del dalt de NLL a Esplugues -&gt;Trinitat per un accident .Afecta la B-23 de Sant Just Desvern a Esplugues -&gt;Ronda de dalt 
‚û°Ô∏èRetencions a la Ronda litoral de Zona Franca a Can Tunis -&gt;Bes√≤s #equipviari"
"üöôContinuen les CUES:
üößC-17 de la Llagosta a Montcada -&gt;BCN per obres 
De B-24 Cervell√≥ a N-340 Vallirana -&gt;Tarragona 
C-14 entre Montblanc i Pira 
C-65 a Llambilles, a banda i banda #equipviari"
"üöôAra tamb√© aturats:
AP-7 de Sant Perp√®tua a Barber√† i de Rub√≠ al Papiol -&gt;sud 
 B-23 de Molins de Rei al  Papiol -&gt;Girona 
C-1413 antiga del Papiol a Sant Cugat 
 B-30 a Barber√† -&gt;sud i a Cerdanyola -&gt;nord 
C-58 a Sant Quirze -&gt;sud #equipviari"
üöôRetenci√≥ a la B-22 a l'entrada de la T1 de l'aeroport del Prat . Tamb√© afecta la C-31 sud -&gt; Tarragona. #equipviari
‚ö†Ô∏èüöóCua a la Ronda del dalt de Nus del Llobregat a Esplugues -&gt;Trinitat per un accident .Afecta la B-23 de Sant Just Desvern a Esplugues -&gt;Ronda de dalt #equipviari
‚ö†Ô∏èüööüööTopada amb dos camions implicats a la B-142 a l'altura de la rotonda de Poliny√†. Cues  #equipviari
"üöôCUES:
üößA-2 a Sant Vicen√ß dels Horts -&gt;Lleida per obres
De la B-23 Molins de Rei a l‚ÄôAP-7 al  Papiol -&gt;Girona 
AP-7 i B-30 a Barber√†-&gt;sud 
C-58 a Sant Quirze-&gt;sud 
Ronda de dalt de Sarri√† a Roquetes-&gt;Bes√≤s 
Cua a la Ronda litoral de la Vila Ol√≠mpica-&gt;Nus Llobregat  #equipviari"
‚ö†Ô∏è1 sol carril obert a la C-65 a #Llagostera per retirar un vehicle que ha tingut un accident. Precauci√≥! #equipviari
"‚úîÔ∏èC-241d normalitzada, estava tallada a #Sarral per retirar un vehicle accidentat aquest mat√≠ #equipviari"
‚úîÔ∏èRetirat un cami√≥ avariat a l'A-2 a #Abrera -&gt; BCN. Es normalitza la circulaci√≥ #equipviari
‚ö†Ô∏èC-241-d tallada a #Sarral (Conca de Barber√†) per retirar un vehicle que ha tingut un accident aquest mat√≠ #equipviari
"@ClaraVirgili_ Gr√†cies, Clara! üôÇ"
‚úîÔ∏èNormalitzada la circulaci√≥ als T√∫nels del Garraf (C-32) a #Sitges -&gt; BCN #equipviari
"‚ö†Ô∏èRetencions als T√∫nels del Garraf (C-32) a #Sitges PK 36-34,5 -&gt; BCN. Retiren els vehicles implicats en un accident, que s√≥n al voral. Precauci√≥! #equipviari"
"‚ö†Ô∏è1 carril tallat a l'A-2 a #Abrera PK 583 -&gt; BCN, a causa d'un vehicle avariat. Retencions des d'#Esparreguera, precauci√≥! #equipviari https://t.co/KSxhDjVX8O"
‚ö†Ô∏èüöÜR14 @Renfe Lleida 06:23 - Estaci√≥ Fran√ßa 09:49 circula amb 35 minuts de retard #equipviari
"‚úîÔ∏èN-II reoberta a #Agullana (Alt Empord√†). Estava tallada des de poc despr√©s de les 5, a causa d'un accident. Encara retencions a #PontDeMolins -&gt; nord #equipviari"
‚ö† #√öltimaHora Detinguts 4 homes acusats per 7 assalts violents a l'AP7. Es feien passar per policies i assaltaven de nit autocaravanes i furgonetes aparcades en √†rees de servei @mossos https://t.co/H6FUzF5yRz
"‚ö´Ô∏èTallada des de poc despr√©s de les 5 de la matinada l'N-II a #Agullana (Alt Empord√†) per topada frontal en qu√® s'han vist implicats 3 vehicles. Desviaments per l'AP-7:
‚û°Ô∏èsud per l'entrada de La Jonquera 
‚û°Ô∏ènord per l'acc√©s de Pont de Molins 
#equipviari https://t.co/i6gUjYIKG2"
"‚úîÔ∏èN-340 normalitzada a #Cervell√≥, on hi ha hagut un accident #equipviari"
‚ö†Ô∏è15 km de cua a l'A-2 de #Martorell a #Pallej√† -&gt; BCN. Retirats els vehicles implicats en un accident. Alternativa: AP-7 i B-23 #equipviari https://t.co/dCmMUTjwPE
"‚ùóÔ∏èPas alternatiu a l'N-340 a #Cervell√≥ PK 1.231, per accident. Retencions en tots 2 sentits #equipviari"
"‚ö´Ô∏èN-II tallada a #Agullana (Alt Empord√†) en tots 2 sentits, a causa d'un accident. Desviaments per l'AP-7, precauci√≥! #equipviari"
"‚ö†Ô∏èAccident a l'A-2 a #Pallej√† PK  601 -&gt; BCN.  Retencions des de #SantAndreuDeLaBarca, precauci√≥! #equipviari"
"@taxisigualada Gr√†cies, bon dia! üôÇ"
"üöôMillora la circulaci√≥ , nom√©s queden retencions :
‚ö†Ô∏èüöóAutopista del maresme a Argentona -&gt;Matar√≥ per un vehicle avariat . Afecta la C-60 
‚û°Ô∏èB-30 a Barber√† -&gt;sud i a Cerdanyola -&gt;nord 
‚û°Ô∏èRonda de dalt a Cornell√† -&gt;Llobregat  #equipviari"
"üöôCUES:
AP-7 a Castellbisbal -&gt;BCN . Hi ha hagut un accident 
C-16 (t√∫nels de Vallvidrera) a la Floresta -&gt;BCN  #equipviari"
‚ö†Ô∏èüöóAturats a la C-58 de Terrassa a Sant Quirze-&gt;BCN  (accident) i de Montcada al Nus de la Trinitat i tamb√© a la sortida de Ripollet i a Sabadell -&gt;Terrassa #equipviari
"üöôCUES:
C-32 (autopista del Garraf) a Sant Boi 
T√∫nel de Vallvidrera -&gt;BCN  #equipviari"
"‚ö†Ô∏èüöóA BCN: Accident a la pla√ßa Francesc Maci√†. Cues a la Diagonal , a banda i banda  #equipviari"
"üöôRetencions:
Aturats a l'AP-7 a Martorell 
C-60 a Argentona cap a Matar√≥ 
C-1413 antiga d‚Äôentrada a la poblaci√≥ de Sabadell  #equipviari"
üöôTrams de retencions a la Ronda de dalt sentit Bes√≤s  i a la Ronda litoral en tots dos sentits de la marxa. #equipviari
"üöôContinuen les retencions:
A-2 de Pallej√† a Sant Vicen√ß dels Horts -&gt;BCN i a Cornell√† -&gt;Lleida 
De B-24 Cervell√≥ a N-340 Vallirana sentit Tarragona i a Vallirana -&gt;BCN 
C-17 a Parets del Vall√®s 
C-352 a Granollers 
Ronda oest de Sabadell #equipviari"
"üöôAra ATURATS:
AP-7 de Santa Perp√®tua a Barber√† i de Rub√≠ al Papiol  -&gt;sud
B-30 a Barber√† -&gt;sud i a Cerdanyola -&gt;nord 
C-58 de Terrassa a Sant Quirze i de Montcada al NT 
B-23 de Molins de Rei al Papiol -&gt;Girona #equipviari"
"üöôTamb√© retencions:
‚û°Ô∏èRonda litoral de Zona Franca a Can Tunis -&gt;Bes√≤s
 ‚ö†Ô∏èüöóPasseig de Sant Gervasi on hi ha hagut un accident 
‚û°Ô∏èRonda General Mitre a Lesseps  i a l‚Äôavinguda del Tibidabo #equipviari"
"üöôAra CUES:
AP-7 a Barber√† -&gt;sud
B-30 a Barber√† -&gt;sud i a Cerdanyola -&gt;nord 
C-58 a Sant Quirze -&gt;sud 
De B-24 Cervell√≥ a N-340 Vallirana sentit Tarragona i a Vallirana -&gt;BCN 
C-352 a Granollers 
Ronda oest de Sabadell #equipviari"
"üöôContinuen les CUES:
Ronda litoral de Zona Franca a Can Tunis -&gt;Bes√≤s 
Diagonal del parc de Pedralbes a pla√ßa Reina Maria Cristina #equipviari"
"üöôEncara ATURATS:
De B-23 Molins de Rei a l‚ÄôAP-7 al Papiol sentit Girona  
üößA-2 de Sant Feliu de LL a Sant Vicen√ß dels Horts sentit Lleida per les obres
üößC-25 a Riudellots de la Selva per obres 
C-58 a Sant Quirze -&gt;sud 
De B-24 Cervell√≥ a N-340 Vallirana  #equipviari"
üöÜTALGO (Llorca- Sants) acumula un retard de tres quarts d'hora. #equipviari https://t.co/MzEtc8wUaS
"‚ö†Ô∏èüöóAccident a la N-340 , a l‚Äôentrada de Vallirana sentit Tarragona . Hi ha cua compacta en tots dos sentits . #equipviari"

Un diumenge des de les 8.30h fent obres al Cr.Mossen Anton. Els ve√Øns diem PROU! @Totbadalona @IndependentBDN @AjBadalona @mariadolorsa @AlcaldePastor https://t.co/mN8tE1IwuA
Els CDR desafien Torra tallant l'AP-7 https://t.co/Qf0hc8Qsiu
"Obres al passeig Rub√≠ de Valldoreix per garantir una major seguretat vial
L‚ÄôEntitat Municipal Descentralitzada de Valldoreix ha comen√ßat les reformes de la via p√∫blica i millora de les cru√Ølles del passeig de Rub√≠. Amb la intervenci√≥ d‚Äôaquestes obres es‚Ä¶ https://t.co/qYYVYKjsVt https://t.co/IpKSibOqrp"
"@cdr_cambrils Hem aixecat el tall! Despr√©s de m√©s de 15 hores defensant la rep√∫blica al sud del principat 
Gr√†cies a totes i tots! Fins dem√†! #AP7 #Ampolla #CDRenXarxa #LaFor√ßaDeLaGent #Empoderemnos #ElPobleTornaAlCarrer #JuntsHoPodemTot @elvellblues https://t.co/1NNNPNa7k3"
"Els CDR aixequen el tall a l‚ÄôAP-7 a l‚ÄôAmpolla despr√©s de 15 hores de bloqueig https://t.co/a4rrivp897
El centenar de membres dels CDR que han tallat l‚ÄôAP-7 a l‚Äôaltura de l‚ÄôAmpolla durant m√©s de 15 hores han acordat amb els Mossos d‚ÄôEsquadra aixecar el bloqueig, segons han comu‚Ä¶"
"A la pr√†ctica doncs, la principal via de comunicaci√≥ catalana l'AP7, tallada en els dos sentits per les protestes dels #GiletsJaunes i cap menci√≥ als informatius de @Catinformacio, ni altres mitjans de la corporaci√≥. Incomprensible la poca atenci√≥ medi√†tica cap aquest incident"
"#AP7 Nit tancada al tall de l'autopista a l'#Ampolla Ja fa 12 hores que els #CDR impedeixen la circulaci√≥ en els dos sentits de la marxa. Desviaments per #N340. Al lloc, fogueres per combatre el fred #VagaDeFam #LlibertatOstatges #UsVolemACasa @elvellblues
https://t.co/OiP12D8MyN"
"‚ö† #√öltimahora Els CDR aixequen el tall de l'AP-7 a l'Ampolla despr√©s de gaireb√© 15 hores  https://t.co/gqGMIElGMv
via @324cat"
‚ö† #√öltimahora Els CDR aixequen el tall de l'AP-7 a l'Ampolla despr√©s de gaireb√© 15 hores  https://t.co/Fcrg4r0zUt https://t.co/7xi4cOS3H7
"Els #CDR donen per acabat el tall a l'AP7 a L'Ampolla. S'hi han estat 15 hores i els @mossos no han intervingut en cap moment. Ens ho ha explicat, durant tot el dia, la @isabelojedam | @linformatiu_tve @tve_catalunya https://t.co/e4kVGtVgGU"

Es nota la bonan√ßa meteorol√≤gica i el pont https://t.co/TPr0V5HKUu Cues d'1 hora i mitja per pujar al El Parc Nacional d'Aig√ºestortes i Estany de Sant Maurici üì∑ @rosatalamas #324eltemps https://t.co/KWeSJVvwit
PRECAUCI√ì: Retencions a l'AP-7 a #SantCugat per un accident https://t.co/7NxetTVfyZ
SANTA COLOMA DE GRAMENET: B14 - B15 Tall provisional a l'avinguda Cataluna https://t.co/NTCpduPeH1
SANTA COLOMA DE GRAMENET: B81 Tall provisional al carrer Sant Andreu https://t.co/fmZhWwQpXS
BARCELONA: N9 Tall provisional al passeig Torras i Bages https://t.co/qCcUb21g6q
Afectacions que poden superar els 15 minuts per incid√®ncia t√®cnica entre Arc de Triomf i Clot Arag√≥. Els trens poden romandre detingut
@Ernest1899 @rodalies Incidencia entre Clot i Arc Triomf.
"Aix√≠ √©s com ha quedat un dels cotxes implicats en l'accident d'aquest migdia a la Gran Via. Hi han estat involucrats dos cotxes m√©s i una moto.
T'ho expliquem üëâ https://t.co/BXzVx7wEZM https://t.co/Z1dhnDwh1O"
Estaci√≥ de Torres i Bages tancada per incident. No funciona cap a Fondo. @TMBinfo @TMB_Barcelona
"Alerta, continuen les retencions a la C-16, entre Berga i Cercs, i a la C-14, a Organy√† https://t.co/hxgNDzTRHb"


"@Jos6300 Jordi, em confirmen que la incid√®ncia est√† resolta. Tens ja aigua?"
"üî¥ #√öLTIMAHORA | Tres vehicles i una moto han xocat a la Gran Via fa una estona. Els ferits han estat traslladats a l'hospital
https://t.co/BXzVx7wEZM"
"Adri√† Carrasco despr√©s de l'incident amb Borrell: ""El que no farem √©s callar"" https://t.co/SSbVEpQc27"
Afectacions que poden superar els 15 minuts en sentit nord per incid√®ncia t√®cnica ja solucionada d'un tren a Pla√ßa Catalunya. Recupera
"Ma√±ana viernes 7/12
Beautiful Accident Showcase at Razzmatazz c/ fernando lagreca (live) + Brunetto (Freelastica) (dj set) &amp; Lasers (live) üòâüëå  Lolita, Razzmatazz"
"Hola @icscat
El funcionamient de les ambul√†ncies #FalckVL a Catalunya √©s molt deficient. Treballen amb un protocol de 2 hores de retard als despla√ßaments no urgents entre hospitals. Quan el pacient les reclama sempre diuen que hi ha un accident. Quina √©s la causa real?
Gr√†cies"
"V√çDEO | Retencions a la C-16 en l'operaci√≥ sortida del pont de la  Pur√≠ssima, entre Berga i Cercs.  https://t.co/axxeY0EcCp"
"V√çDEO | Retencions a la C-16 en l'operaci√≥ sortida del pont de la Pur√≠ssima, entre Berga i Cercs https://t.co/4bQCc1Y5so"
@SanitarisxRep @MiquelBuch @mossos @CDRGironaSalt @BeatrizTalegon @VilaWeb @324cat @JaumeAlonsoCuev @adic_int @helixx85 @alertatrollcat @PerCatalana Hi hauria d'haver cues per fer ingressos!#vagadefam #21D #Girona #ArmillesGrogues
"@godileaks @albertdmcat Acabo de parlar amb una ve√Øna amiga francesa! Em comenta que els francesos son mes solidaris! I que nosaltres serem 4 gats! Per perucs! Perqu√® si all√† s atura el tr√†fic enquesten als conductor u diuen k s ha de ser solidari! Aqu√≠... es que no puc arrivar al lloc, es que...es que"
"Una avaria va deixar aquest dimecres 8.000 abonats sense llum. Segons el mapa d'Endesa, la incid√®ncia ja ha quedat totalment resolta https://t.co/nDSa6eLJaS"
"IU i PCE es querellen contra Joan Carles I per 13 delictes
  El Partit Comunista d'Espanya i Izquierda Unida han presentat avui una querella contra la figura del monarca per un total de 13 delictes per tr√†fic d'influ√®ncies i per constituci√≥ de grup criminal"
@rodalies i el cl√†ssic incidencia en el propi tren. O subministrament el√®ctric o obstacles a la via. Tot resultat del constant despreci de Renfe i Adif al tren convencional.
"El tap monumental a la C-16 fa que els vehicles entrin a Berga. La  circulaci√≥ a l'interior de la capital berguedana, tamb√© col¬∑lapsada https://t.co/6GguKeo8tE https://t.co/vx6Ic3EJAi"
"Confusi√≥ a les andanes de l‚Äôestaci√≥ de Pla√ßa Catalunya. Han baixat passatgers d‚Äôun tren que arribava a les fosques despr√©s d‚Äôuna incid√®ncia. Ara, la gent no deixa de pujar i baixar perqu√® ning√∫ no sap cap a on va ni qu√® passa. Retards en R1, R3 i R4. Cap explicaci√≥, @rodalies? https://t.co/Uv8F9o3euo"
Cues per entrar a la Fira de l'Avet d'Espinelves #espinelves #osona https://t.co/XUd1bjlXcO
"El tap monumental a la C-16 fa que els vehicles entrin a Berga. La circulaci√≥ a l'interior de la capital berguedana, tamb√© col¬∑lapsada https://t.co/tlDU23Az4A https://t.co/QbHrSKPQIf"
@mossos @transit A Girona teniu pas alguna incid√®ncia? Alguns cops de porra potser?
"Noves imatges de la carretera C-16 totalment col¬∑lapsada, a Berga https://t.co/lsfQFknXNW https://t.co/1hnrFgzJxg"
"Adri√† Carrasco despr√©s de l'incident amb Borrell: "" El que no farem √©s quedar-nos callats""
https://t.co/KDLx4qxGXU https://t.co/OSJbdafeVa"
"#Bombersenlluita Avui a Catalunya 8 parcs de bombers sota m√≠nims i 33 sense comandaments.
Cada dia que pasa m√©s risc de patir un accident. 12D vaga i 20 D https://t.co/Khea6QR40O esperem a tots
@MiquelBuch @QuimTorraiPla @perearagones @CarlesTgna https://t.co/NxNDEMF1qp"
"@lexrodba @ganyet CDR Adif. Eixamplant la base cada dia des de fa una vida.

Renfe: ‚ö†Ô∏è¬†INFO √öLTIMA HORA: No funciona la venta por internet. 
Se est√° trabajando para solucionar la incidencia cuanto antes.
Sentimos las molestias ocasionadas."
"Llargues cues en l'operaci√≥ sortida a la C-16, al Bergued√† https://t.co/2HG1a6jgi6 https://t.co/GifcsoKpQh"
"Mor el conductor d'una motocicleta en accident a Montigal√† 

#Badalona

https://t.co/niLhsdp22f https://t.co/ncB58uV6p1"
@joaquimbachs Bon dia Joaquim. Quan vegis aquesta incid√®ncia pots comunicar-la aqu√≠ https://t.co/prwLKDnITa  o al tel√®fon gratu√Øt 900 226 226. Gr√†cies per la teva col¬∑laboraci√≥!
El 11 y 12 de diciembre impartimos formaci√≥n sobre Incidencia Pol√≠tica y Movilizaci√≥n Social a @GurePlatera Refexionaremos sobre el camino hacia un Modelo de Alimentaci√≥n Escolar Saludable y Sostenible para todas @JusticiaAliment @FaPaCcat @EHIGE1 @CEAPA3 https://t.co/flNZoyolup
Cop al tr√†fic de drogues a l'Estret https://t.co/TmQiKQGU3J
Afectacions que poden superar els 15 minuts per incid√®ncia a les instal¬∑lacions ja solucionada entre Granollers Canovelles i Les Franq
"@tsukihyung @prodbyhope @yellowwyoongi @Veautiful_vante @btssuga88172941 @sophiesivan_ @thsaro_anar @tatac0m @abbysakinah @sarah650_ @jins_mochi @orianacortezz @Sentiyaden1 @Ummehan57734967 @kookiereen @Taehyungsba_by @iamViy @1ishikabiassuga @miyanoongi I‚Äôve already said that it wss an accident, i don‚Äôt ever rember liking this tweet üòî"
Cop al tr√†fic de drogues a l'Estret https://t.co/RKITUask0W
"ATENCI√ì | Un accident a Cercs complica les cues de l'operaci√≥ sortida a la C-16, al Bergued√† https://t.co/peSDvbmwwA"
"Un ve√≠ de #Badalona, de 32 anys, va morir ahir a la tarda en un accident de tr√†nsit a Montigal√†. La vict√≠ma era l‚Äô√∫nic ocupant d‚Äôuna motocicleta que va col‚Ä¢lidir lateralment contra un turisme. Els ocupants del cotxe van resultar ferits lleus, segons informa @Badalona_GUB https://t.co/DtF4WLqiQV"
"Cada dia m√©s d‚Äôun mili√≥ de vehicles circulen pels accessos de la Barcelona.... i son 3500 les morts prematures cada any per la contaminaci√≥, deguda en gran part al trafic https://t.co/dlWfbgiD7l"
@vodafone_es Buen dia el problema fue anoche se fue la TV y el internet durante 20 minutos luego volvio a funcionar supongo q se os caeria algun servidor...gracias igualmente por contestar la incidencia. https://t.co/p9OJtMQaZs
"Es troba operatiu els 365 dies de l'any i ofereix un servei d'orientaci√≥ i informaci√≥ sobre els tr√†mits despr√©s de l'accident, aix√≠ com suport psicol√≤gic davant d'un sinistre de tr√†nsit. S'hi pot contactar mitjan√ßant el tel√®fon gratu√Øt 900 100 268."
"Per causes que s'estan investigant la motocicleta condu√Øda per la v√≠ctima i √∫nic ocupant del vehicle va col¬∑lidir lateralment contra un turisme. A conseq√º√®ncia de l'accident, va morir el conductor de la motocicleta, un home de 32 anys de nacionalitat espanyola i ve√≠ de #Badalona"
"El conductor d'una motocicleta va morir ahir a la tarda en un accident de tr√†nsit que es va produir al carrer Holanda, al barri de Montigal√†. #Badalona https://t.co/kmuL3YxLsg"
"Tres ferits greus en un accident a la carretera de Cervera a Guissona https://t.co/Bl9NAIjFK8

La carretera de Cervera a Guissona va estar ahir tallada durant m√©s de dos hores per una col¬∑lisi√≥ frontal amb tres ferits greus en qu√® es van ‚Ä¶
Ir a la fuente

Powered by WPeMati‚Ä¶"
"Inspecci√≥ a Lleida per una xarxa de tr√†fic de persones https://t.co/Yf6YIhfMbZ

La Policia Nacional ha desarticulat una organitzaci√≥ que va introduir a Espanya 730 vietnamites per explotar-los en centres de manicura de tot el ‚Ä¶
Ir a la fuente

Powered by WPeMatico

La entra‚Ä¶"
BARCELONA: N9 Tall provisional al passeig Torras i Bages https://t.co/kXBF1VSmKM
BADALONA: B3 - B4 - B6 Tall provisional al carrer Moss√®n Anton Romeu https://t.co/2g4rsqg0hk
"Today, after my car accident, I got blasted with a bunch a dope shit happening left and right. Crazy how life works. #ChooseHappy"
@24h_tve Adria Carrasco es aquest home. Un noi represaluat pel regim espanyol per haver protestat tallant el trafic. Avui dia est√° exiliat a Belgica !
"""Six Marines Missing in Aircraft Accident Off Japan"" by ALAN YUHAS via NYT The New York Times https://t.co/sjPsE8kugr"
When you love to cook but you're also very clumsy Ÿ©( &gt;Ã∂Ã•Ã•Ã•·∑Ñ–¥&lt;Ã∂Ã•Ã•Ã•·∑Ö )€∂ #burn #wound #accident #cookingaccident #cooking #ovenburn #clumsy #clumsyproblems #klutz #thathurt https://t.co/fMhvKnX7wk
"Siete desaparecidos despu√©s de un 'accidente' de un avi√≥n militar estadounidense en Jap√≥n
https://t.co/zndS1O1cDB"
"@gardanuy_bcn @RicardDuran98 @miquelmmv @transportcat @krispinbonbin Si ens obrim a la idea d'un esquema triangular entre Sants, Sagrera i EdF, on els trens passen per dues de les tres estacions, s'obre un ventall de possibilitats d'ordenar el tr√†fic ferroviari de forma molt mes eficient que no pas als esquemes que es plantegen en l'actualitat."
"Portadas para com√©rselas I: The Spaghetti Incident? Un disco que me hundi√≥ en su momento por no tener ni un tema de la gran banda de mi vida. Tiempo despu√©s les bendije por descubrirme a Stooges, New York Dolls y otros. BUSCAD LA HISTORIA DEL TITULO. https://t.co/SX2mwAsyB7"
üîé Busquem un ADMINISTRATIU/VA DE TR√ÄFIC a Castellbisbal. Entra a la Borsa de #Treball de @Rubiforma i apunta't! https://t.co/A6jNIS9ELf https://t.co/j9ptb1acfY
"@Mercecatalana @TsarinaNu Si an√©ssiu a missa, colla de descreguts, al¬∑lucinar√≠eu amb les cues per anar a combregar: la gent s'hi llan√ßa amb m√©s voracitat  que els assistents a un vernissage sobre els canap√®s."
"@jolusomo78 @EvhVico @RuinaVila @ViladecansTweet @FaltonVila @VilachapuzaTwt @SURCARPINIANO 1/2 Pues si, se critica el mal hacer de los conductores, y se agradecen ideas para solucionar la incidencia, pero ideas que hay que reportar a @ViladecansTweet , a ver si te toman enserio y te hacen una buena oferta, por mi parte, encantado. Tu al menos nos contestas"
"@ViladecansTweet @Ewidal @VilachapuzaTwt @PURIxVILADCANS @myriammoysset Muchas gracias, pero no es bien lo que os han explicado, la se√±al ac√∫stica la produce el cami√≥n de retirada de residuos, no el de limpieza de contenedores. Os agradezco el seguimiento de la incidencia.
Un saludo."
"@VilaWeb Alguna reacci√≥ a l'""incident"" de la seva companya de l' @agenciaacn avui a l'acte de SCC ?"
https://t.co/fbMVxH8QLs https://t.co/sDsqICEEEf
@rod2sudcat Alguna incid√®ncia a la l√≠nea R2 sud? @rod2cat @rodalies
"Non mais la meilleure, mon beau p√®re tient t√™te √† ma m√®re que j‚Äôsuis dans le trafic de coca√Øne, j‚Äôcrois il a pas bien vu mes comptes bancaires"
"@brandonsblog @AvGeekJames @Enrique77W @rleiro @airwayslive @DanielSander95 @flyhellas I‚Äôm not saying Lion Air is not to blame either. Different opinions, but i think 90% of the accident is BOEING fault. With only the poor maintenance, the accident would not have happened most surely."
"VIERNES 7
FUEGO: Enry-K + Denyerkin + Anti-Bad + @DJ2D2
THE LOFT: @ClipMuzic &amp; @coranovoa live + @djundo
LOLITA: Beautiful Accident: Lasers Live + Fernando Lagreca Live + Brunetto DjSet
POP BAR: #Smellslike90s @albertcodedj + @ROBERTMARTEX
SUAVE: @biancaoblivion + @invokeladiabla https://t.co/YG17CHAQKk"
@vodafone_es Ya ha venido el tecnico a casa y arreglada la incidencia. Dos semanas esperando al tecnico despues de la llamada a att al cliente y en dos dias vosotros habeis conseguido q venga. Muchas gracias por la gestion. Hay que reconocer que vosotros si habeis sido eficientes.
"@vodafone_es una semana esperando hablando con atencion al cliente a traves de DM y ellos diciendome que espere que hay una incidencia, pero que lo est√°n solucionando. Cansada vuelvo a llamar y ahora me dicen que no les consta nada!! Que si quiero haga un alta nueva...."
Bona nit Barcelona üò°üò° (cues i m√©s cues üöóüöóüöó) https://t.co/e1mbYKNQsn
@es_trull Un accident no estava tencada per obres... a veure si saps llegir i si! Barcelona what the fuck.
Primeres cues a l'AP-7 i l'A-2 per les marxes lentes de transportistes https://t.co/h8XviqVB7Q
"‡§¨‡•Å‡§≤‡§Ç‡§¶‡§∂‡§π‡§∞ ‡§ò‡§ü‡§®‡§æ ‡§ï‡•ã ‡§°‡•Ä‡§ú‡•Ä‡§™‡•Ä ‡§®‡•á ‡§Æ‡§æ‡§®‡§æ ‡§¨‡§°‡§º‡•Ä ‡§∏‡§æ‡§ú‡§ø‡§∂, ‡§∏‡§µ‡§æ‡§≤ - ‡§Ü‡§ñ‡§ø‡§∞ ‡§ó‡§æ‡§Ø‡•ã‡§Ç ‡§ï‡•á ‡§Ö‡§µ‡§∂‡•á‡§∑ ‡§™‡§π‡•Å‡§Ç‡§ö‡•á ‡§ï‡•à‡§∏‡•á? - World News Hindi https://t.co/JB3yJgqchY"
"5 quil√≤metres de cues a l'A-2 a Lleida en direcci√≥ Barcelona per la protesta dels camioners que circulen en marxa lenta
https://t.co/w8WwUTiF20"
"Cues d'11 quil√≤metres a l'AP-7 a Tarragona en direcci√≥ Val√®ncia per la marxa lenta de camions
https://t.co/w8WwUTiF20"
"@IKEASpain El capital de credibilidad por los suelos¬∑ Reclamas unas puertas de cocina pagadas y no servidas y ni te contestan. Incidencia cerrada, te dicen cuando tu llamas por tel√©fono."
[ACTUALITZACI√ì] Cues de 12 quil√≤metres en sentit sud a l'AP-7 a Tarragona per la protesta dels camions ---&gt; https://t.co/iLlwg1jpnV https://t.co/yItWgAb5LP
"Tamb√© explica que hi ha un greu problema amb el tr√†fic de dones, les quals acaben prostitu√Ønt-se"
Ens ha mostrat #ReadyOrNot un curtmetratge realitzat per ell que tracta el tema del tr√†fic de persones
"Despr√©s de la incid√®ncia de dilluns, des d'ahir ja es pot tornar a accedir a Catalunya Religi√≥. Si teniu problemes amb el certificat podeu accedir a trav√©s de &lt;https://t.co/vdukTlHwgX&gt; https://t.co/giaqAauEIZ"
Tengo un paquete en reparto desde el lunes para entregar en un #citipaq he llamado tres veces y ninguna soluci√≥n y aparte no se hab√≠a abierto incidencia (tengo dudas que ahora se haya realizado) aparte de estar esperando una hora y cuarto de reloj al tel√©fono. Era urgente.
@pflis Descontextualizada y err√≥nea. % de incidencia mayor no equivale a numero absoluto mayor
"@brandonsblog @AvGeekJames @Enrique77W @rleiro @airwayslive @DanielSander95 @flyhellas How is that? If Boeing had not introduced the modification, the accident would not have happened!"
"AX2 Una nueva m√°quina!
+Info https://t.co/f5A1cdxg2t
#Borradoravial #fresadoravial #fresadoramarcasviales #marcasviales #intecavial #fresadora #asfalto #tratamientosntideslizante #tractamentantilliscant #trafic #ayuntamientos #ajuntaments
#tratamientoantideslizante #antilliscant https://t.co/UlO2DOIOVq"
El vendedor (y la p√°gina web) me indican que mi pedido llega el martes 4 por la ma√±ana. @mrw_es lo pone en tr√°nsito ayer a las 6:30 y lo deja as√≠ todo el d√≠a hasta las 18:47 que me aparece una incidencia en la p√°gina. No cogen el tel√©fono y me contestan tarde y sin darme ninguna
"Agressi√≥ sexual, estafa empresarial i tr√†fic de drogues, a judici la setmana vinent a #Tarragona https://t.co/GQFCTgN1GP #TGNDigital"
"@CBinvaders Hola! Els camions no s√≥n de la nostra propietat directa. Per reportar la incid√®ncia necessitem saber el nom de l'empresa distribu√Ødora que s'indica al vehicle. Ens podries enviar un DM amb aquesta informaci√≥ (distribu√Ødora, dia, hora i matr√≠cula del cami√≥)? Moltes gr√†cies!"
"Bueno los iluminados de las obras han creado una incidencia en la luz y no saben cuando lo solucionar√°n ü§î

Pd: ya estoy metido en la cama viciando a la switch"
.@TMBinfo podeu informar quina incid√®ncia t√© el bus 97 que est√† tenint retards de 10 min?
Un accident entre una moto i un cami√≥ provoca un mort a #SantCugat https://t.co/FInU9sdH9n
Cremated I'm scared of being buried alive by accident https://t.co/gpQfyWxITz
Aquest mat√≠ ha tingut lloc un accident de tr√†nsit a la cru√Ølla del carrer Lluis Companys i el carrer Josep Pla https://t.co/UzghcsG2Ke
"Solucionada la incid√®ncia al Carrer Miquel √Ängel on s'ha recollit una gran quantitat de mobles. Al llarg del dia d'avui i dem√†, es continuar√† netejant la parada de contenidors. Treballem per #Sabadell https://t.co/akDDpmMhyO"
"Ai si f√≥ssim totes i tots m√©s conscients de la trascend√®ncia de fer servir correctament els pronoms febles, ai! Cues al @cpnlcat, tindr√≠em!"
"@LyyyEstrada Hola, sentimos lo ocurrido y nos gustar√≠a ayudarte. ¬øPodr√≠as por favor mandarnos los datos de tu cuenta de Airbnb (nombre completo, n√∫mero de tel√©fono y correo electr√≥nico) en un mensaje directo para que revisemos tu incidencia? Un saludo. https://t.co/i0iRqUiQdF"
"Desarticulat un grup criminal de tr√†fic de coca√Øna a #Badalona https://t.co/U701BTrxmu @mossos han detingut a vuit persones i han decomissat droga, armes i diners en met√†l¬∑lic a quatre pisos de la ciutat https://t.co/k0HII0hEDP"
"@FesbakGamer Cualquiera menos jazztel
Movistar va bien quiza alguna incidencia pero se arregla en minutos"
"Que no hagis tingut cap incident fins ara no vol dir que no en puguis tenir en el futur.

Les #assegurances et garanteixen que se't restitueixi el mal causat si l'acabes tenint. https://t.co/FuDZj6okrR"
Des de primera hora d'avui tenim una incid√®ncia al web. Estem treballant per restablir el servei el m√©s aviat possible. Disculpeu les mol√®sties. @cdmon
"Tallada la GI-531 a Sant Mart√≠ de Ll√©mena, al #Giron√®s, a causa d'un accident."
"@MazdaEspana ,floja,muy floja,la respuesta ante una incidencia comunicada al servicio de atenci√≥n. La experiencia del cliente est√° hecha de estos peque√±os detalles.üòØ."
Els Mossos d¬íEsquadra desarticulen un grup criminal especialitzat en el tr√†fic de coca√Øna a Badal... https://t.co/yQnGUh0d0j
"¬øRociar qu√≠micos en la atm√≥sfera para atenuar la incidencia del Sol en la Tierra para  contribuir a frenar el cambio clim√°tico?üò≤üò≤
üëâhttps://t.co/aDtl8A0vG0"
Accident a #Terrassa d‚Äôun turisme amb una bicicleta https://t.co/KhIn9JBzVM
Coordination et renseignement sont n√©cessaires pour lutter contre la traite d‚Äô√™tres humains et le trafic de migrants https://t.co/qEvF7GtJql via @interiorcat
"Tamb√© van visitar el punt neutre d'Internet @CATNIX_info, una infraestructura que agilitza les comunicacions permetent l'intercanvi local de tr√†fic.
https://t.co/CuhBQIOsmX
#SomLaSalle #300LaSalle #FPlasallegracia #LaSalleFP #FPLaSalle #formaci√≥professional https://t.co/HIPLZi4Nmj"
"Vuit detinguts a Badalona per tr√†fic de coca√Øna 

#Badalona

https://t.co/5Xq7dWkRes https://t.co/vByiX5KBJK"
Descarga nuestro ebook sobre el uso de las #NuevasTecnolog√≠as en la empresa y su incidencia en los derechos de los trabajadores https://t.co/7O1KyfAfry
"¬øQu√© conseguimos con el mantenimiento preventivo? ‚û°Ô∏è  Una revisi√≥n continua de las tuber√≠as, arquetas, fosas s√©pticas y m√°s, con el fin de evitar por completo cualquier problema e incidencia. https://t.co/NI7mQh67b0"
Un motorista ferit de gravetat en un accident a la carretera de Matadepera https://t.co/W8UzaH3RBB #terrass
Els Mossos d‚ÄôEsquadra desarticulen un grup criminal especialitzat en el tr√†fic de coca√Øna a Badalona
Els Mossos d‚ÄôEsquadra desarticulen un grup criminal especialitzat en el tr√†fic de coca√Øna a #Badalona https://t.co/unHKO8AiCr https://t.co/UHV4fx0d3i
"@CidegMP, presidenta de @CocemfeBCN obre el #ConsellSocialODF destacant els principals objectius de l'ODF : el b√© com√∫, la incid√©ncia pol√≠tica i defensa dels drets de les persones amb #discapacitat https://t.co/WWvGzA70RX"
"No saps qu√® fer aquest pontü§∑‚Äç‚ôÄü§∑‚Äç‚ôÇ?! A Canals &amp; Munn√© obrim el 6, 7, 8 i 9 de desembre tant les caves com el restaurantüçæüëè Fes la teva reserva amb temps i evita cues innecess√†ries‚è≥! https://t.co/hMs1Cd5f4I"
El col¬∑laborador de Borr√†s est√† processat per tr√†fic de drogues https://t.co/ZF4zlSfxuW
"Carta de @manuelvalls avui a la premsa: ‚Äúno vull alarmar ning√∫...‚Äù. Tot seguit: ‚ÄúEls delictes augmenten i s√≥n cada cop m√©s violents‚Äù, ‚ÄúEl tr√†fic de drogues s‚Äôest√©n‚Äù, ‚ÄúUtilitzar el metro pot ser perill√≥s‚Äù, ‚Äúla inseguretat afecta tots els ciutadans‚Äù,...Poc seri√≥s."
@Renfe @rodalies #normalitatalservei ?? @rod3cat  aquestes son les cues per demanar devoluci√≥ express https://t.co/cTwVZyv2Bh
"üîµ10 raons per invertir al Port
üîπCiutat privilegiada del Mediterrani
üîπProjecci√≥ internacional
üîπInfraestructures clau
üîπDiversificaci√≥
üîπSostenibilitat
üîπL√≠ders tr√†fic agroalimentari
üîπIntermodalitat
üîπL√≠der sector qu√≠mic
üîπComunitat Portu√†ria
üîπCreuers
https://t.co/XUqqgo6iGh https://t.co/kvL3tQt5vJ"
SANT BOI DE LLOBREGAT: L75 - L77 - L96 - SB1 - SB2 - SB3 Trasllat de parada provisional al carrer Torras i Bages https://t.co/R4cO0d2ssh
Renfe no normalitzar√† el servei del tram de l'accident de Vacarisses fins al dia 22 https://t.co/RXU1429oPM
"Una desena de motos cremades aquesta nit a Virreina, Or, Verdi i Torrent de l'Olla. El passat dia 23 ja es va registrar un incident similar a Torrent de l'Olla #viladegr√†cia https://t.co/R4Qq3UC8A3"
Un motorista va morir ahir a #SantCugat despr√©s de tenir un accident amb un cami√≥ https://t.co/ofQ4BoikYI
"Radars a la #C17 els que volguem, per√≤ si cada dia hi han cues quilom√®triques a l‚Äôentrada de #Vic amb cotxes invadint el carril dret i la cuneta, ning√∫ √©s capa√ß de fer res? Ens podriem haver estalviat l‚Äôaccident d‚Äôavui... @mossos @transit @transitc17"
"A must watch video to all oponents to @AnneHidalgo's trafic policies in #Paris. Better #cities include: more bikes &amp; more walkable spaces! The future starts now!

https://t.co/o7NRXSps9K"
Un motorista ferit en un accident de tr√†nsit a #Terrassa https://t.co/YPLM23IcQ6
"Ni se us acudeixi passar aquest mat√≠ per Vallirana, en cap sentit de la marxa. Accident m√∫ltiple en direcci√≥ Barcelona i accident i aturada forta en direcci√≥ Tarragona."
@transita2 aviseu de les grans retencions que hi ha ara mateix a pallej√† segurament segut a un accident! Portem 40 mins pr√†cticament parats!!
@qaweya @Malookhiya Watch the video. She said it was an accident. a mistake. I also never said we get to control or choose what you wear or say. Im just saying that there will be consequences for those choices. no one should be dictated. men or women.
@CatalunyaRadio  accident a la nacional 340. Portem 40 min esperant i els mossos diuen que en tenen per 2 hores.
@rodalies I cada dia teniu incid√®ncies? No ho puc entendre...podeu explicar el motiu de la incid√®ncia? Igual hi ha algun mec√†nic entre els usuaris i us podem ajudar. Gr√†cies! @rodalia1 @rod1cat
"El concepte ‚Äúporter suplent‚Äù √©s complicat: Ho eren Pesudo, Velasco abans de l'accident, Miguel Reina o fins i tot Claudio Bravo?
I els que venien a ser titulars i van passar sense √®xit com els ja anomenats R√ºst√º, Ba√≠a o Lopetegui, a m√©s de noms com Dutruel?"
Alguna incidencia que no esteu informant?
@CoachFore Daughter has Geico...üòë had an accident the day before Thanksgiving car still not fixed. But I hope you are okay depending on how hard you were hit you was feeling in the morning if not already.
Un motorista ferit de gravetat en un accident a la carretera de Matadepera https://t.co/W8UzaHlt0b #terrassa
SANT BOI DE LLOBREGAT: L75 - L77 - L96 - SB1 - SB2 - SB3 Trasllat de parada provisional al carrer Torras i Bages https://t.co/I2RpmioR9F
BADALONA: B7 Trasllat definitiu de parada a l'avinguda Maristany https://t.co/GmkUxS4zvJ
Damn it‚Äôs really been a year since my accident
"@joanduriu @Blanche_bcn @basicsbtv Ronda Universitat inclosa, t√© 7carrils ara mateix... I les voreres no √©s que siguin estretes, per√≤ com que la meitat s'ocupen x les cues d passatgers, com si ho fossin.
Autopista i estaci√≥, tenim de tot!
@XescoMagrinya @mvidal80 @ERC_Eixample @CUPEixample @Barcelonacamina"
Cues d'universitaris en el refer√®ndum sobre la monarquia via @elnacionalcat https://t.co/DICU1WmyY8
"ACTUALITZACI√ì: Detectat el possible origen de l'avaria el√®ctrica, un transformador a Can Guineu. Dotacions de Bombers, Fecsa-Endesa i de l'Ajuntament s√≥n al lloc per resoldre la incid√®ncia. #Collbat√≥"
"@trenesysurf @davroca55 @EloyMalatesta Mira, Sabadell Parc de Catalunya - Barcelona Vall d'Hebron en cotxe s√≥n 20-25 minuts amb tr√†fic normal. 
Amb tren, dels 60-70 minuts no baixes. Via FGC s√≥n 44 min amb la S2, + 12 de L3, suma-hi els temps d'espera + arribar a l'estaci√≥ + enlla√ß."
A vosaltres tamb√© us passa que esteu tranquilament a casa i se us engega la tele sola perqu√® algun ve√≠ ha enviat un v√≠deo porno per accident a una tele que no √©s la seva?
"@xcasanovas Avaria generalitzada d'Endesa, @xcasanovas. Ja els hem comunicat la incid√®ncia. Sembla que tamb√© ha hagut problemes avui a altres poblacions del voltant."
INFORMACI√ì DE SERVEI: Avaria el√®ctrica generalitzada a diversos barris de Collbat√≥. L'Ajuntament ha requerit a Endesa que solucioni la incid√®ncia al m√©s aviat possible. #Collbat√≥
New diplomatic incident on the move? Belgian minister @SanderLoones supports Catalan political prisoners on hunger strike and Spain's FA minister calls it 'unacceptable'.  https://t.co/Rq4vKYXJmK @de_NVA @markdemesmaeker
Tallar el tr√†nsit de diagonal per la celebraci√≥ d‚Äôun centre comercial em sembla com a m√≠nim extraordinari. Cues a l‚Äôentrada de Barcelona i retards en el transport p√∫blic. No se si mereix la pena fotre a tant gent a aquestes hores per aix√≤ @bcn_ajuntament @lilladiagonal
@lilladiagonal Cal tallar tot el tr√†fic de la diagonal a hora punta per celebrar el teu aniversari?  ....
"@TeresaAmat La llei diu que si l‚Äôaccident l‚Äôha patit alg√∫ ben equipat i amb prou experi√®ncia no se li cobra per√≤ si √©s un temerari i un flipat, s√≠."
"@totcosta @esport3 Gracies a Nu√±ez aquesta escoria tenia maniga ampla per reunirse al Camp Nou i estructurar els seus negocis, com el trafic de cocaina al port de Barcelona. I ara aquesta escoria est√† tornant a les grades."
@TeresaAmat Dep√®n de si estava preparat per fer-ho i ha tingut un accident ‚Äìpassa‚Äì o no en tenia ni idea ni duia el material que tocava i s‚Äôha ficat a un lloc d‚Äôon no sabia sortir.
"CAINE 10.0 - GNU/Linux Live Distribution For Digital Forensics Project, Windows Side Forensics And Incident Response -  https://t.co/el7tOlWTrN"
"Sembla mentida que ning√∫ recordi a aquest President com el de les decissions inquisitorials, la venda de drets de tv m√©s enll√† del que durava el seu mandat, de les entrades de Sevilla o del tr√†fic de seients als  amiguets #JosepLluisNunez"
Una de les coses que m√©s calent em fotrien de cara a 2019 seria un incident diplom√†tic seri√≥s entre Espanya i el Regne Unit on el Ministeri de Defensa brit√†nic amenaci amb una intervenci√≥ militar a Gibraltar si no deixen de tocar els pebrots‚ù§Ô∏è‚ù§Ô∏è‚ù§Ô∏è
"@DaniLoveHerre @FGC T√© molta l√≤gica, qui l‚Äôha d‚Äôagafar? Qui paga? A qui afecta? Per√≤ dissabte obert el tr√†fic per al Espanyol-Bar√ßa, per aix√≤ si. Per√≤ eh, @FGC sempre a la teva disposici√≥. Como se llama cuando te cobran por un servicio que no te dan? ... #FGC"
"Piensan en las consecuencias de sus productos,solo en el negocio, SIEMPRE me pregunto cu√°nto por ejemplo, oraldine hay en el mar,k lo usen 10 personas igual no tendr√≠a la incidencia k seguro k tiene k lo usen millones"
"ACCIDENT | Alerta, cues a la C-55 per un accident amb dos ferits a Sant Vicen√ß de Castellet https://t.co/o7sHjMGRsl #tr√†nsit"
"ACCIDENT | Dos ferits per un xoc en cadena a la C-55, a Sant Vicen√ß de Castellet https://t.co/o7sHjMGRsl #tr√†nsit"
"@ricky_tsrl @Lee__EFC Obviously did, thats why i know you are bullshitting Ricky. 

Ok, lets make it easy, twitter existed long before that incident. Find a single reference to the chant from before that date and prove us wrong."
"@EvaPiquer @NaturgyClientEs Mentre pagues asseguran√ßa i no tens cap incident, cap problema..."
"@ricky_tsrl @Lee__EFC You are making stuff up, it definitely wasnt. In fact, there isnt even a reference or video of the chant anywhere on the internet/twitter/anywhere from before the Suarez incident. Liverpool fans made it about Hillsborough, nobody else."
El c√°ncer de pulm√≥n es 1er tumor m√°s mortal y 2¬∫ en incidencia. ¬øPor qu√© es el sexto en financiaci√≥n p√∫blica a la investigaci√≥n? Sube tu imagen en redes sociales con los ojos tapados para apoyar esta campa√±a #NoIgnoroCP #NoCulpoCP https://t.co/t4qUh5xKah
Cues d'universitaris en el refer√®ndum sobre la monarquia via @elnacionalcat https://t.co/ql8J58lrsQ
Aquest mat√≠ moria un motorista en un accident a #SantCugat https://t.co/L4SymsoYy3
"Estafa paso a paso
1. Pido paquet a Amazon
2. Seur lo pierde/estropea
3. Llamo a Seur; toman nota d la incidencia; m dejan 30 min en espera con canci√≥n
4. Cuelgo desesperada!
5. Pruebo suert cn DM @SEUR_responde 
6. Lo solucionan; gracias!
7. 20 ‚Ç¨ por la llamada anterior 
WTF üò° https://t.co/vT19UHoRPW"
"@OlgaAlie Aquesta mossa ha de menjar cues de panses est√† fatal de mem√≤ria , si feies dia si i altre tamb√© .... vinga a currar!!!"
"@trsmobilitat @ajterrassa Ho vaig fer via web, avui fa un mes, el 4 de novembre.
Incidencia n√∫mero 8599 https://t.co/HX4C3vWc7y"
Cues d'universitaris en el refer√®ndum sobre la monarquia via @elnacionalcat https://t.co/XnvO2H5W2y
"Ja estem a Desembre‚ùóÔ∏è

‚û°Ô∏è Aquesta imatge forma part del calendari del projecte #Siemprevivas dins la campanya de sensibilitzaci√≥ i incidencia contra les viol√®ncies. https://t.co/CDIa1Duvok.

üëâil¬∑lustraci√≥ Carme Mar√≠a Mart√≠n 
#25anysAmbit https://t.co/sad4TRcAsR"
Renfe no normalitzar√† el servei del tram de l'accident de Vacarisses fins al dia 22 https://t.co/wZty7VVEKw https://t.co/Gx5UEYr5WV
El ciclista Omar Fraile i la seva n√≤via pateixen un greu accident de tr√†nsit https://t.co/KvgJblD0BE
Accident a #Terrassa d‚Äôun turisme amb una bicicleta https://t.co/KhIn9JjZ4e
Un motorista ferit en un accident de tr√†nsit a #Terrassa https://t.co/YPLM23ZOeG
@MaribelCr Ens comenten des d'Aig√ºes de #Reus que ja estan treballant per resoldre la incid√®ncia. Disculpeu les mol√®sties.
Cues d'universitaris en el refer√®ndum sobre la monarquia https://t.co/ktrZMR8fEp
"@jordana_joan A mi em fa m√©s vergonya veure com els nostres impostos es malgastan aqui en pl√†stics, tours vergonyosos i obrir embaixades per tot arreu, mentres tenim cues a urg√®ncies, llistes d‚Äôespera enormes i colegis sense terminar. Malparits del @govern"
El ciclista Omar Fraile i la seva n√≤via pateixen un greu accident de tr√†nsit https://t.co/yTIYUlHPGN
@antiradarcatala un altre accident a a c-65 a sant celoni. Topada entre 3 vehicles.
Cues d'universitaris en el refer√®ndum sobre la monarquia via @elnacionalcat https://t.co/xeEBaKkW0c
Un cami√≥ de benzina pateix un accident a la pla√ßa de l'Aigua de #Terrassa  https://t.co/i9cOdKhx3S
Ni un accident mortal fa que les promeses de Renfe es compleixin https://t.co/GrMyWbIqVJ
"@MarianoArranzMu @mossos @rodalies Si et refereixes a l'accident del tren  que va descarrilar, s'est√† investigant, i S√ç que van informar. 
I denunciar els actes vand√†lics com √©s pintar grafitis als serveis p√∫blics, no √©s anar en contra dels catalans, precisament."
"@loraklorak Bon dia Laura. En principi no hi ha cap problema amb el funcionament del portal de tr√†mits, per√≤ comuniquem la teva incid√®ncia al departament inform√†tic. En tot cas, torna-ho a provar d'aqu√≠ una estona. Salutacions."
"Detinguts dos estibadors del port per facilitar l‚Äôentrada de coca√Øna a Barcelona

M√©s informaci√≥ üëâ https://t.co/vcYfl3YQot https://t.co/tfEHNvFHWt"
Accident a #Terrassa amb un ferit i un pal de telefonia caigut https://t.co/AQ4UA51DpM
"Llevo 2 semanas esperando a que mediamarkt me envie el pedido que realic√© para el blackfriday (la c√°mara), me dijeron la semana pasada que hab√≠a ocurrido una incidencia (que no ten√≠an stock b√°sicamente) y que se solucionar√≠a antes de esta semana y a√∫n nada de nada."
"Bon dia @rodalies . Tinc una pregunta per vosaltres. Si us plau, podrieu explicar que √©s una incid√®ncia en origen? Que el conductor s'ha dormit, que el tren no s'ha posat en marxa, que no trobaven les claus del tren, que us heu trobat el tren punxat..."
"@Conforama_ES hola. Os cuento la nueva. Resumen: entrega 19/11, nada, entrega 26/11, nada, entrega 3/12, parece que est√° en reparto pero....ooooh en el √∫ltimo minuto, incidencia en transporte. Volvemos a no saber d√≥nde est√° nuestro sof√°"
"@maarcvalls @bcn_ajuntament Hola @maarcvalls, disculpa el retard en la resposta. Per√≤ te la remetem a continuaci√≥. Esperem que aquesta incid√®ncia no es torni a reproduir i que tothom pugui gaudir de l'#esportBCN. Salutacions! https://t.co/9rbQfTtxdM"
"@Secotbcn assisteix a la Taula Rodona #fem_eu2019 ""Com fem Europa des de la Incid√®ncia social""  organitzat  per la @@fundacioaroa i @eurolocal_eu   moderada per @RuthGumbau amb la participaci√≥ de @junyopir, Gemma Altell, Montse Pineda, i @npociellocay8 https://t.co/hjBIbr0uTc"
"‚õ¥Ô∏è‚ö†Ô∏è El tr√†fic mar√≠tim intens genera una contaminaci√≥ atmosf√®rica que afecta tant els ports i el litoral com les ciutats costaneres, amb efectes nocius per a la salut de la ciutadania üå°Ô∏è i per al medi ambient üå≥. https://t.co/llSsm8LmGV"
"@bicing No voy a poder llamar hasta bien entrada la tarde, y es un tema que me preocupa bastante porque no quiero ninguna sorpresa despu√©s.

He enviado la incidencia a primera hora de la ma√±ana al Buz√≥n Bicing que ten√©is en la web, por si pudiera servir de algo mientras tanto."
"@RosamariVS @VadorClaraPons @JuntsXCat @Esquerra_ERC Naturalement, ja hi ha estats q contemplen la compra d deute p√∫blic d la Cat. independent, x motius evidents (inter√®s comercial, capacitat d'incid√®ncia...). Aquesta √©s l'√∫nica promesa d reconeixement internacional q cal. Es pot estar fora d l'UE/OTAN/ONU i ser viable. Tot arriba."
@Conforama_ES tengo una incidencia con una compra que hice hace dos meses y no llega.
"Hoy empezaba el d√≠a tranquila, sin prisas. Bueno, al ir al metro por megafonia anunciaban el corte de linea por una incidencia."
"Al @CentreDelas, entitat de refer√®ncia en recerca i incid√®ncia pol√≠tica per la pau, busquen t√®cnic/a de gesti√≥ administrativa. #treball #pau https://t.co/CXJ0F2gfi0"
"Els canvis socials s'aconsegueixen -en major o menor mesura- per la incid√®ncia de la viol√®ncia en el conflicte. No √©s que ho defensi, per√≤ l'eloq√º√®ncia dels fets √©s clara."
Reoberta la carretera que havia estat tallada per l'accident mortal https://t.co/t70v7KPd4J
"El servei de metro est√† aturat entre Maragall i El Carmel per una incid√®ncia ""aliena al servei"" a Horta, segons @TMBinfo https://t.co/len7YEruUQ"
Vas dins un comboi de #metrobcn i s‚Äôacaba d‚Äôaturar o no fa tot el recorregut? Informa‚Äôt sobre la incid√®ncia i de les alternatives al perfil d‚Äôinformaci√≥ i atenci√≥ @TMBInfo https://t.co/6HO1E7aZIe
üöá‚ö† L'L5 del #metrobcn no funciona entre Maragall i Vall d'Hebron per una incid√®ncia https://t.co/eiqjtGOvPv
‚ÄòThe Level Of Sexism Is Unreal‚Äô ‚Äì Andy Murray Voices Anger Over Ballon d‚ÄôOr Incident https://t.co/qbWwDY70n4
"Cuando te env√≠an una incidencia urgente ""culpa tuya"", respondes que la est√°s viendo, y sale otro y dice pero si esa incidencia ya la est√°n viendo y ustedes (nosotros otra consultora) no tienen que hacer nada"
"La #R4 de @rodalies recuperar√† a final de mes el seu servei habitual despr√©s de l‚Äôaccident que es va produir a #Vacarisses, via @Catalunya_Press
https://t.co/1jnReqL1tA"
Els impulsors d'una possible demanda civil per l'accident de tren ja s√≥n una vintena https://t.co/LRpiSTGfjt
Has fet tard per una incid√®ncia de #metrobcn? Et facilitem un justificant amb l‚Äôabast exacte de la incid√®ncia en el seg√ºent enlla√ß https://t.co/j7IrSuA5g6 https://t.co/Pd5xMy8Qzr
El metro no funciona entre Maragall y Vall d'Hebron (L5) por una incidencia que se ha producido a las 9:27 https://t.co/tNbdkSV7Uj
"This is Pol. Last year he had a fatal bobby car accident. He crashed into a titanium pillar at the strip club for autists. He lost both arms. His bitchez left him cuz he couldnt finger them but he never stopped believing. Today one year later he has his smile back. 

..... https://t.co/y5Pplxt7RP"
"L'accident s'ha produ√Øt a la C-1413, entre #SantCugat i #Rubicity. Encara est√† tallada https://t.co/t70v7KPd4J"
"@aiguesbcnclient @bcn_ajuntament @barcelona_010 podeu ajudar-nos amb aquesta incid√®ncia que tenim al Passeig Torras i Bages 45? Des de dissabte tota la comunitat (unes 30 llars) sense aigua, pendents d'una reparaci√≥ que sembla que va per llarg."
Mor un motorista a Sant Cugat del Vall√®s. La C-1413a en direcci√≥ Rub√≠ est√† tallada per l'accident https://t.co/N2YW16Ovd6 #Rubicity https://t.co/Nu6XPDwlfK
BADALONA: B7 Trasllat definitiu de parada a l'avinguda Maristany https://t.co/EyB8RxGTAr
S'estan investigant les causes de l'accident entre un cami√≥ i una moto que ha provocat la mort del motorista https://t.co/t70v7KPd4J
"Renfe no t√© respostes, tretze dies despr√©s, per a les causes de l'accident de Vacarisses https://t.co/2w8SgGbp6p"
√öLTIMA HORA: Tr√†nsit informa que el conductor de la moto ha mort https://t.co/t70v7KPd4J
ATENCI√ì: Greu accident entre una moto i un cami√≥ i carretera tallada a #SantCugat https://t.co/vkBZbTzP5o
"@vodafone_es sigo... cada vez nos atirnde alguien distinto y siempre hay algun problema en los datos... alguien nos pidi√≥ las escrituras del piso nuevo, otro cambi√≥ la fecha de la incidencia a una muy actual, luego otro lo solucion√≥, luego que en 24h el t√©cnico aparecer√≠a...."
Renfe no normalitzar√† el servei del tram de l'accident de Vacarisses fins el 22 de desembre https://t.co/wZty7Wdg96 https://t.co/zatPQN2JrJ
@rodalies @albertmmanuel Que raro que hi hagi una incid√®ncia... Si sempre funciona tan b√© el servei de @rodalies @Renfe No m'ho explico...ü§îüôÑ
@transit possible accident a la 1413B abans d‚Äôarribar a Rubi. Portem 30 minuts parats i han arribat ambul√†ncia i cotxe m√®dic. Agrairem informaci√≥ @ClubRACC @elmonarac1 @mossos
El que estoy yo pas√≥ 8 minutos tarde Canet y a saber cuantos minutos se qued√≥ por incidencia propio tren parado en Vilassar. https://t.co/oSXm1tt0Pj
@equipviari possible accident a la 1413B entre Molins de Rei i Rub√≠. Portem aturats for√ßa estona i han arribat ambul√†ncia i cotxe m√®dic
"@324cat Imagino que la web els hi ha petat, no estan acostumats a tant trafic."
ATENCI√ì: Retencions a l'AP-7 a #SantCugat per un accident https://t.co/BgPYjVnBr0
"#infoservei Incid√®ncia a @rodalia4 Increment de temps de recorregut entre #MolinsdeRei i #Castellbisbal en trens amb sentit #Martorell, #vilafranca i St Vicen√ß de Calders per incid√®ncia a les instal¬∑lacions. Segons informa @rodalies de Catalunya."
"@rodalies bon dia, incid√®ncia a la R4 a Sabadell Nord. A Sbd Centre despr√©s de 20m. per fi passa un tren que anuncien que es directe fins Sant Andreu Arenal, hi ho deixen clar per megafonia, doncs qui est√† parant a totes les putes estacions? Jo."
Incidencia R4?Sabadell centre caurem ja a l'andana de gent! #rodaliesR4
"Estaci√≥ de SBD centre a tope. No ha passat el de les 7.01 (incid√®ncia informada), el de les 7.08 ni el semidirecte de les 7.12, no vull pensar com estaran les altres. I ara el semidirecte no para!"
"¬´D'aix√≤ fa menys de quatre anys.
Que la mem√≤ria se't cansa?
Deixa't de laments i planys
i menja cues de pansa!¬ª
#garrotuit 2/2

https://t.co/qvIJ82sCxH"
SANTA COLOMA DE GRAMENET: B14 - B21 - B30 - B20 Tall provisional a l'avinguda Generalitat https://t.co/sSWNDlIqd9
SANT BOI DE LLOBREGAT: L70 - L72 - SB1 - L79 Tall provisional a la ronda Sant Ramon https://t.co/u9S3KrTjh0
"@DoctorPipa Per res absurd, fixa't en qu√® en tots hi passa l'accident de cotxe i sempre hi mor alg√∫... La hist√≤ria √©s repeteix en cada univers i nom√©s al final de la s√®rie de sabr√† perqu√®"
"@Lowi_es en la app no me sale reflejado los minutos gastados, me sale que me quedan 0 minutos cuando solo he hecho dos llamadas , 4 minutos en total, teneis alguna incidencia en la apo?????"
Cues quilom√®triques i caos a la Jonquera per les mobilitzacions a F... https://t.co/nZtCJx2yt7 via @tv3cat https://t.co/lZ1rz0EICC
"Vergonya....
Intolerable..
I amb tant soroll pol√≠tic alg√∫ es dedica al dia a dia???
Fa falta una persona que monitoritzi les cues a les urg√®ncies a tota Catalunya i faci informes de la situaci√≥ real i ho digui.. https://t.co/0fXY2x6zbt"
Documents proving that the church and the disused properties were all in on a scam with all the names &amp; the campervan incident and if they didn't fuck off &amp; let me have additional trees paid by them to screen it and if they didnt fuck off with the harrament &amp; let me have planning
@bufalet L‚Äôempresa ens informa que ja s‚Äôha solucionat la incid√®ncia. Gr√†cies per l‚Äôav√≠s. Salutacions
"El 2do. principio es de responsabilidades compartidas: establece que ning√∫n pa√≠s puede enfrentar s√≥lo la migraci√≥n. El enfoque busca ""facilitar la migraci√≥n segura, organizada y regular, a la vez que reducir la incidencia y el impacto negativo de la migraci√≥n irregular"""
El dia en 4 tuits: Col¬∑lapse a la Jonquera per la protesta dels Armilles Grogues https://t.co/UyWk3IbrmF
Ja comencen les cues a les seus de VOX dels seus electors a reclamar el cavall que els hi van prometre.
"Cues quilom√®triques a l'AP-7, a la Jonquera, per la protesta dels Armilles Grogues 
https://t.co/5LvcHjWVdO  via @324cat #moltaprendre"
"Es talla Diagonal amb Balmes, despr√©s de 3H de talls. Segurament es dissolgui aqu√≠ la manifestaci√≥, que ha concorregut sense cap incident m√©s enll√† d'algun conductor a√Øllat https://t.co/FQ73mhjiDh"
"El maquinista i un directiu d'Adif, √∫nics imputats per l'accident mortal de l'Alvia a Santiago https://t.co/KfB1hZXLtI"
"Marine Le Pen es posa al costat de la protesta dels Armilles Grogues, mentre Emmanuel Macron rumia un gest per desactivar la revolta https://t.co/SPfO2yCI5X"
"Buenas noches @apropcornella, pod√©is gestionar esta incidencia ? Gracias, la empresa mantenedora #rubatec deber√≠an solucionarlo. https://t.co/oQbIH7k4xg"
"El maquinista i un directiu d'Adif, √∫nics imputats per l'accident mortal de l'Alvia a Santiago https://t.co/L0CJ8yHcxj"
"@Mary0000 Yes. Saw him at the airport, at the restaurant and at the arena. After all that anti-Eurolegue shenanigans of his wife on instagram following the CSKA incident, they both showed up to receive his award."
A Dying Breed | A ski BASE Documentary | Part 1: The Accident https://t.co/SW8s4pQfGg
A Dying Breed | A ski BASE Documentary | Part 1: The Accident https://t.co/Qx9tE4S2BV
"VIERNES 7
FUEGO: Enry-K + Denyerkin + Anti-Bad + @DJ2D2
THE LOFT: @ClipMuzic &amp; @coranovoa live + @djundo
LOLITA: Beautiful Accident: Lasers Live + Fernando Lagreca Live + Brunetto DjSet
POP BAR: #Smellslike90s @albertcodedj + @ROBERTMARTEX
SUAVE: @biancaoblivion + @invokeladiabla https://t.co/60Yir88APe"
"Sovint, quan condu√Øm, ens oblidem que hi ha persones que ens estimen i que, si patim un accident, tamb√© es veuran afectades. Les v√≠ctimes directes d'un accident no s√≥n les √∫niques v√≠ctimes. El factor hum√† √©s el motiu del 90% dels accidents. 

#ZeroV√≠ctimes https://t.co/OWZYaYSwSM"
"Durant el relat, diversos testimonis reals de cossos d‚Äôemerg√®ncia aix√≠ com v√≠ctimes i familiars expliquen al jovent les conseq√º√®ncies d‚Äôun accident viari i la import√†ncia de la prevenci√≥ en la sinistralitat.

#Visi√≥Zero https://t.co/ok4IJjLW04"
"@paultinay @scarlettpeach @ecolitical @LVIaLondres @AlexTaylorNews @theresa_may @UniofOxford One incident does not need to imply a recurring trend, but it is indeed shameful and very worrying. Do you think that perhaps Brexit has - inadvertently - emboldened such behaviour? The same way left-wing anarchists tend to infiltrate union protests for example."
@nadiaaguilaro Hola Nadia ens veiem afectats amb una demora de 30 minuts. A causa d‚Äôun accident a l‚Äôautopista i la cua que es forma a Molins. Disculpi les mol√®sties que li hagin pogut ocasionar.
Nous talls a El Vol√≥ dels 'armilles grogues' que mantenen els 14 quil√≤metres de cues a l'AP-7 https://t.co/isKdimXm3c
üì£ La incid√®ncia feminista tamb√© es fa assenyalant els lobbies que ens empobreixen a totes i posar en evid√®ncia aquells partits pol√≠tics que no volen l'educaci√≥ sexual @CreaPositiva #FemEU2019 #Agenda2030feminista
üì£ La nostra companya Montse Pineda de @CreaPositiva considera que la taula de debat no √©s d‚Äôincid√®ncia social sin√≥ incid√®ncia pol√≠tica i que des de les organitzacions feministes fem pol√≠tica feminista cada dia a Catalunya i a Europa #Fem_EU https://t.co/maq7Pf0TP4
Reuni√≥ de @territoricat @Adif_es i @Renfe despr√©s de l'accident de Vacarisses. @damiacalvet reclama que les limitacions de velocitat de rodalies es resolguin abans de 2020 i suggereix que la Generalitat no ser√† el titular de @rodalies a qualsevol preu https://t.co/rME3fnVHMs
Ni un accident mortal fa que les promeses de Renfe es compleixin https://t.co/a8jYKkK91I #Terrassa #Vacarisses
"‚ö†Ô∏èüöå Degut a un accident A l‚Äôautopista ambd√≥s sentits ens veiem afectats amb un demora de 30 minuts, a totes les l√≠nies que tenen pas per Molins de rei. Disculpeu les mol√®sties que li hagin pogut ocasionar."
@titiroca5: Condemnem qualsevol tipus d'incid√®ncia per√≤ despr√©s del #PleVic viscut avui no podem votar-hi a favor
"@transitap7 ¬øM√°s informaci√≥n de la incidencia, por favor?"
‚ö†Ô∏è ATENCI√ì si heu d'entrar o sortir de Sabadell per la C-58: llargues cues a causa de l'incendi d'un cami√≥ a l'AP-7 üöó https://t.co/ieZO0zJyqw
SUCCESSOS  https://t.co/kUxsD7HvwJ #accident #Sabadell #carrerBernatMetge https://t.co/2ZFJqX4lln
"üì£En quant a les org feministes, S√≠lvia Aldavert reivindica que sempre s'ha fet incid√®ncia pol√≠tica feminista i que ara toca generar manifestos i incidir per tal que tots els partits pol√≠tics visibilitzin p√∫blicament els #DSiR i els incloguin en els seus programes electorals https://t.co/ROHhPaaJt3"
"A l‚Äô√∫ltima taula rodona ‚ÄúCom FEM Europa des de l‚Äôincid√®ncia social‚Äù des de les org de la societat civil hi han intervingut les nostres companyes Montse Pineda @CreaPositiva i S√≠lvia Aldavert @lassociaciodsr , Gemma Altell @donesdirectives i Neus Pociello @fundacioaroa #Fem_EU https://t.co/WThvc31ZsU"
"L'incendi d'un cami√≥ a l'AP7 registra cues quilom√®triques fins a #SantCugat

@transit @transita7 @mossos @bomberscat 

https://t.co/54BuCVtalQ"
Podem resignar-nos a patir cues cada dia m√©s llargues üò∑ o podem crear el carril #VAO i aconseguir una carretera amb menys vehicles. üå± https://t.co/5xea00GW5t
La nau espacial Soiuz s'enlaira amb √®xit despr√©s de l'accident de l'octubre https://t.co/NNhlV9oWRs
Condemnada a pagar 28.000‚Ç¨ per portar el gos sense corretja i no evitar la caiguda d'un #ciclista https://t.co/TbyFF8foK6 #civil #neglig√®ncia #accident
Una manifestaci√≥ a la Catalunya Nord talla la frontera a l'AP-7 i provoca cues quilom√®triques https://t.co/517a1AacDq
@ayquevida @transit Acabo d llegir q hi ha hagut un accident
@ari_4oh Traslladem la incid√®ncia a Serveis T√®cnics municipals. Gr√†cies.
"Camarades! Aquest cap de setmana comen√ßa dimecres amb SANTA B√ÄRBARA UNIVERSIT√ÄRIA, divendres STROIKA SESSIONS amb WARSAW i dissabte que no pari, BUFF BAY +WARSAW fins les 06:00.

Compra l'entrada anticipada i no facis cues!! üîóhttps://t.co/rSEPSdTUAb https://t.co/XtOUDtHTpw"
"15 min por llamada esperando a que te atiendan. 
3a llamada en tres d√≠as y siempre es empezar de 0. Para que un n¬∫ de incidencia?
1 a√±o con @yoigo y seguimos con cortes en la linea.

Me pod√©is ir a√±adiendo a la lista de #morosos!"
"@SilCatNa Millor encara. El cremes... Dius que va patir un accident. A canvi, els portes un parell de llibres decents. I fem un favor al m√≥n i als infants. https://t.co/LUD6hftVo4"
"@bombolleta √âs per accident, que estem parats."
Accident a #Terrassa amb un ferit i un pal de telefonia caigut https://t.co/AQ4UA51DpM
La nau espacial Soiuz s'enlaira amb √®xit despr√©s de l'accident de l'octubre https://t.co/wcf3zVZE03
@annapistu @transit Accident. Aturats.
"@Catinformacio no √©s tot, a la c-35 estem parats per accident de fa una bona estona"
"Cues de fins a 14 quil√≤metres encara a l'AP-7 entre entre Biure i la Jonquera, per la protesta dels Armilles Grogues https://t.co/SPfO2yCI5X"
Un cami√≥ de benzina pateix un accident a la pla√ßa de l'Aigua de #Terrassa  https://t.co/i9cOdJZWck
"@TeresaJorda @sfadfcat Qui es el reponsable d k aksts senyor fagin aixo. I si en cas d'accident com el pobre ADF d'aksts stiu, en pau descansi, amb un camio Egipci prohibit a la @bomberscat dsd fa mes de 10anys. Es voste la responsable? https://t.co/M6HQFQ945G"
"Les protestes dels Armilles Grogues provoquen cues quilom√®triques a la frontera
https://t.co/UDWNYQfYNv"
"ATENCI√ì | Ferit greu en un accident entre un turisme i un cami√≥ a la C-422, a #Constant√≠ https://t.co/Uo9R7WqNz5 #TGNDigital"
@ABalagu @assemblea @alextremp @Carbazas_ @pancracieta @euroeuropa @MnicaRebullCome @aleiixmokdad @paquifer1969 @Esquitx17 @CarladelCarme @loscarnaless Jo tampoc ho entenc. I els @CDRCatOficial sense dir res??? Nomes cal mirar avui les #armillesgrogues!! Cues a l'Ap7!!! Que coi fem nosaltres???
"El @FestivalWallay ens visita: 

#Fronti√®res (Dl, 20h), el periple de tres dones entre Bamako i Cotonou.
#W√πlu (Dm, 20h), un aprenent de conductor en el m√≥n del tr√†fic de coca√Øna.
#Wallay (Dc, 20h), l'Ady al pa√≠s dels seus oncles: Burkina Faso.

3 ‚Ç¨ a https://t.co/5lvCVoG7Xw https://t.co/gAu8KQHIkA"
"La nostra taula, com feminitzar Europa des de la incid√®ncia social #fem_eu2019 #feministeurope 
https://t.co/JnbX0mSiy8 https://t.co/2dgg3PXE73"
"Si sou clients d'#EstabanellEnergia us anir√† b√© tenir informaci√≥ de servei de la xarxa üîåüí° Quan hi ha alguna incid√®ncia a la xarxa el√®ctrica, el nostre canal de comunicaci√≥ √©s @Estabanell_DIS üê¶ üê§ a Twitter. https://t.co/nXfpXP3q6v"
"Les protestes dels Armilles Grogues provoquen cues quilom√®triques a l‚ÄôAP-7, a la frontera de la Jonquera https://t.co/UyWk3IbrmF https://t.co/iPMnntLiaa"
"@Nextclouders @DropboxBusiness @RTEInitiative @KASonline Debats interessants per a entitats de drets humans, tecnologia i incid√®ncia pol√≠tica...  @Lafede_cat @AmnistiaCAT @pangea_org @X_net_ @AheadAssociacio @CoordONGDLleida @CoordONGs @institut_IDHC"
‚ö†Ô∏èüöòUna noia cam√≠ d'una discoteca presencia un accident de tr√†nsit mentre parla amb la seva germana. Una simulaci√≥ d'un accident real amb testimonis dels cossos d'emerg√®ncies i v√≠deos informatius per sensibilitzar als joves de les causes i les conseq√º√®ncies dels accidents. https://t.co/U1t3YzeonT
@LoudMouth4444 @TheSeaFarmer @Newsweek Isn‚Äôt affordable a sense of perspective no matter where you live? Again I fail to see your point. It‚Äôs comfortable here - I don‚Äôt have to worry about mass shootings or being in debt cuz of a medical incident (and then getting hooked on opioids). Life expectancy much higher too.
"@ampapvila @bcn_ajuntament @laurapcastano @consorciedubcn @btvnoticies @ercsantsmont @PSCSants @SantsEnComu @cupeducacio @CBinvaders @onadesants @InfoBadal @ampapvila De moment, s'han realitzat actuacions de car√†cter provisional en algunes de les zones del cam√≠ i estan previstes actuacions addicionals de car√†cter permanent que resoldrien la incid√®ncia detectada. Disculpeu les mol√®sties."
"@ampapvila @barcelona_GUB @consorciedubcn @sants3radio @beteve @CBinvaders @pauvilabcn @lamarinaviva @SantsEnComu @cupsants @PSCSants @ErcSantsMon Bon dia, 
N'informem a @barcelona_gub. En cas de reiterar-se la incid√®ncia, sempre podeu comunicar-la via web a https://t.co/5lm8YuqMJm o b√© trucant al Tel√®fon del Civisme, el 900 226 226. Gr√†cies!"
"El menor ha ingressat al Taul√≠ amb pron√≤stic lleu üëá
https://t.co/dzeNe0yPYW"
"Montse Pineda, coordinadora d'incid√®ncia pol√≠tica de @CreaPositiva declara que ""fem feminisme sent conscients que cada dia fem pol√≠tica, no nom√©s quan hi ha eleccions"" #FeministEurope #Fem_EU #ThisTimeImVoting"
"La nostra companya Montse Pineda a la taula sobre incid√®ncia des de les org de la societat civil en el marc de la jornada #femEU amb les companyes S√≠lvia Aldavert, Neus Pociello y Gemma Altell #EEP2019 #EuropaFeminista https://t.co/s0uUWb1dW6"
"üöò‚ö† 16 km de cues a l'AP-7, a la Jonquera, per les protestes dels transportistes francesos contra el preu dels carburants. La situaci√≥ podria complicar la mobilitat durant el pont #infotr√†nsit
https://t.co/UDWNYQfYNv"
√öltima taula de la jornada: Com FEM Europa des de la incid√®ncia social? Intervenen S√≠lvia Aldavert @Gemmaltell @CreaPositiva @npociellocay8 i modera @RuthGumbau #FeministEurope #Fem_EU #Tgu https://t.co/NJLgs4gAZ4
Un conductor quadruplica la taxa d'alcohol despr√©s d'accidentar-se a #Reus https://t.co/GFWj844RFl #TGNDigital
Les companyes de @CreaPositiva @lassociaciodsr @fundacioaroa @donesdirectives ens donen idees per fer una Europa des de la incid√®ncia social #EleccionsUE2019 #FeministEurope https://t.co/u9zo1HkxRt
"Cues de 15 quil√≤metres a l'AP-7, a la Jonquera, per la protesta dels Armilles Grogues https://t.co/UyWk3It2Lf https://t.co/7xfNDsmtYH"
"L'accident del germ√† de la Parvana, comenta Doron, √©s un fet que lamentablement es produeix sovint a l'Afganistan. Afirma que √©s una t√®cnica per espantar als adults i prevenir-los de sortir als carrers."
"@sitoborrero Alfonso, realmente con nuestros potenciometros no existe ninguna incidencia y estan funcionando con normalidad, por eso mismo ser√≠a lo primero a probar ya que si detectamos que las lecturas no son correctas en tu unidad Edge con nuestros sensores existe un procedimiento 1/2"
"Jornada ""Constru√Øm el futur d'Europa amb mirada feminista""
√âs b√†sica la mirada feminista, i la participaci√≥ de les dones a tots els √†mbits: mitjans comunicaci√≥, pol√≠tica, incid√®ncia pol√≠tica, ...
Per construir una Europa realment inclusiva.
#Fem_EU 
#feminismo
#BCNantimasclista https://t.co/mZ1DAdSmcL"
Retencions de vint-i-cinc quil√≤metres entre Capmany i el Vol√≥ per protestes dels armilles grogues https://t.co/KLJ3SV9ZZQ
Dotze quil√≤metres de cues a l'AP-7 a la Jonquera per la protesta dels 'armilles grogues' https://t.co/TNiLvus9ac
"La hist√≤ria i la mem√≤ria s√≥n femenines, l'home √©s un accident simp√†tic. Buscar @jaumeplensa_kr"
Detingut un conductor per quadruplicar la taxa d'alcohol√®mia i patir un accident a Reus https://t.co/pQ1AT4gN02 https://t.co/pQ1AT4gN02
Ol√≥ acomiadar√† dem√† el jove de 19 anys mort en accident a la C-25 https://t.co/1UvaRcu8V4
"Cues de 7 quil√≤metres a la Jonquera per la protesta dels Armilles Grogues a Catalunya...ai no calla a Fran√ßa !! ü§¶üèª‚Äç‚ôÇÔ∏è en que estaria jo pensant ü§¶üèª‚Äç‚ôÇÔ∏è
https://t.co/ay2XRw3YGy
via @324cat"
Continuen les cues quilom√®triques a l'AP-7 per la protesta dels ¬´armilles grogues¬ª a la Catalunya del Nord https://t.co/D5qP9u5pgD
"@vueling buenos d√≠as, solicit√© un justificante para el trabajo debido a la cancelaci√≥n de un vuelo hace un par de meses pero sigo sin recibir nada. Hab√≠a incidencia abierta y se reclam√≥ pero sigo sin recibir noticias. Saludos."
Ara hi ha 12 km de cues a l'AP-7 des de Capmany fins a la Jonquera i 7 km a l'N-II des de Figueres a Biure. S√≥n els efectes de la protesta dels #armillesgrogues.
Cues quilom√®triques a la Jonquera per la protesta dels Armilles Grogues https://t.co/KAZVFsLHkF
‚ö†Ô∏è √öLTIMA HORA #Esplugues l Mor un home despr√©s de conduir posant en risc la ciutadania. Agents de la Divisi√≥ d‚ÄôInvestigaci√≥ Criminal  han obert una investigaci√≥ per tal d‚Äôesclarir les circumst√†ncies de l‚Äôincident i la mort del conductor https://t.co/m0Vazk8t0m üîΩ
Cues de 7 quil√≤metres a la Jonquera per la protesta dels Armilles Grogues a Fran√ßa https://t.co/UyWk3It2Lf https://t.co/7hC4TmrIxC
Cues quilom√®triques a la Jonquera per la protesta dels Armilles Grogues https://t.co/SvhT3NesJ5
"Detingut un ve√≠ de 64 anys del Catllar per conduir quadruplicant la taxa d'alcohol√®mia i patir un accident da Reus
https://t.co/rhTpRUrln2"
"Detingut un conductor per quadruplicar la taxa d'alcohol√®mia i patir un accident a #Reus. L'home, un ve√≠ del Catllar de 64 anys, va donar un positiu d'1,09 mg/l @reusgurbana https://t.co/3RiE02TV9q"
https://t.co/iy0HUBby7o
Retencions de vint-i-cinc quil√≤metres entre Capmany i el Vol√≥ per protestes dels armilles grogues https://t.co/pAcc4KR5Qt
"I nosaltres ?

Cues d‚Äôonze quil√≤metres a l‚ÄôAP-7 entre Capmany i la Jonquera per la protesta dels ""armilles grogues"" https://t.co/ruy0rAkyHm"
"‚ñ∂Ô∏è Avui som a la jornada ""Constru√Øm el futur d'Europa amb mirada feminista"", de @fem_eu2019.
 
üí¨ D'entre altres, hi participaran S√≠lvia Aldavert i Gemma Altell, de @lassociaciodsr, parlant sobre ""Com FEM Europa des de la incid√®ncia social"", amb Montse Pineda i @npociellocay8. https://t.co/XfVn67yZOT"
"Investiguen un conductor que va tenir un accident a l'#AP7 a #Tarragona i que triplicava la taxa d'alcohol√®mia: 
https://t.co/MFAujNrirZ #Reusdigital"
"Investiguen un conductor per tenir un accident a l'AP-7 a Tarragona i que triplicava la taxa d'alcohol√®mia
https://t.co/CuCfjugz7v"
"@alex_cubero @bcn_ajuntament @TMB_Barcelona @Bcn_Eixample Ho lamentem, per√≤ l'horari d'atenci√≥ en l√≠nia √©s de dl-dv de 9 a 18 h. Si continua la incidencia, pots deixar const√†ncia d'aquesta situaci√≥ aqu√≠ https://t.co/328lyJgbXG o b√© trucant al tel√®fon gratu√Øt del Civisme 900 226 226. Gr√†cies."
"#TARRAGONA| Un conductor que triplicava la taxa d‚Äôalcohol√®mia, va tenir un accident a l‚ÄôAP-7 a Tarragona
https://t.co/i8m9c8qBdH https://t.co/KJVnErNxY4"
"Entrevista a Alba Alfageme, psic√≤loga i coordinadora del #projectePHIT sobre l'impacte psicol√≤gic del tr√†fic d'√©ssers humans https://t.co/s4NXP3twv5"
BARCELONA: N12 - N13 - N15 Tall provisional a la pla√ßa Catalunya https://t.co/Wyc9sOgYGD
"@zesartw Ho lamentem, per√≤ l'horari d'atenci√≥ en l√≠nia √©s de dl-dv de 9 a 18 h. Si ho creus convenient o continua la incid√®ncia pots deixar const√†ncia d'aquesta situaci√≥ aqu√≠ https://t.co/qtYcWt66dJ Gr√†cies."
Took me 34 years to learn walking! This weekend after smoking a joint while walking barefoot on the street I was remembering an incident of my childhood. When I was 12 years I was a‚Ä¶ https://t.co/H3AKAzIYQi
@vicenteholgado_ @barcelona_cat Ho hem traslladat al departament corresponent perqu√® ho resolgui tan aviat com sigui possible . N√∫mero incid√®ncia 6109VCS. Gr√†cies
"El S√≠ndrome de Marfan est√° considerado como #EnfermedadesRaras. Se calcula que 1 de cada 5.000 personas estar√≠a afectada de este s√≠ndrome. No se conoce la incidencia exacta, pero los m√©dicos especialistas estiman esta prevalencia de 1/5000. #DiaEuropeoS√≠ndromedeMarfan https://t.co/VRnY8Poxta"
29 anys ja d‚Äôaquell fat√≠dic accident! Quan el b√†squet era b√†squet! https://t.co/Zq4F6ZmcPs
"Des del Club de Futbol Atl√®tic Gironella volem expressar el nostre m√©s sentit condol a la fam√≠lia, amics i a tot el @fcartes1922, per la p√®rdua recent del seu jugador Jordi Rodoreda, v√≠ctima d'un accident de tr√†nsit. Molta for√ßa i √†nims!!!"
@sitoborrero con un os Vector y de esta manera podremos ver de donde viene la incidencia. 2/2
"@jontxu41 @Garmin_Iberia Buenos d√≠as Jon, no tenemos constancia de ninguna incidencia con lo que comentas, no obstante aseg√∫rate de tener la versi√≥n 12.1 de IOS y tener tambi√©n tu dispositivo Garmin actualizado y comprobar con diferentes tipos de sesiones."
"Efecte novetat?
Qu√® incid√®ncia t√©?? https://t.co/SYP3J42Pk7"
"@Sabadell_Help No es una incidencia, es algo que hace vuestra entidad y otras, est√° m√°s que confirmado. No os preocupeis, solo era pataleo de buena ma√±ana y si lo pod√©is reportar a alguien igual alg√∫n d√≠a dejan de estar en el siglo pasado."
Un mort en un accident de tr√†nsit a #Sabadell : va passar la matinada de diumenge https://t.co/WH1F6Fnf7A
"#Antivirus software may often delete or block legitimate files. Our #threatintelligence reduces the number of false positives down to zero, accelerating workflow and performance. Learn more: https://t.co/XaokdDoKFj https://t.co/ji2odDVTMn"
"@rodalies @rod11cat Estacio de Fla√ßa, m√©s de dues setmanes sense m√†quina fitxar, cada mati llargues cues.reclamat diverses vegades https://t.co/nJAx2WCWPY"
"@JaviSimulations @alesilra17 @AnderMarro @joseonatecamin @PktNeo @pelukinen75 @JuanjoIDAC @RikiJim74 Si, ahi tenia el coche bastante tocado del accident con Juan."
"@JDaten_cliente un mes ya i aun no llega mi pedido , en los correos me contestan cada vez vamos a comprobar cual ha sido la incidencia , i luego nada ni una respuesta clara üëç"
BARCELONA: 62 - N3 Parada anul¬∑lada definitivament a l'avinguda Meridiana https://t.co/MBNdHOCDvs
BARCELONA: N12 - N13 - N15 Tall provisional a la pla√ßa Catalunya https://t.co/k5rdlouktQ
"El meu condol a la fam√≠lia del @fcartes1922 per la fat√≠dica mort en accident de tr√†nsit a la C-25 del jugador del 1r equip Jordi Rodoreda, amb tan sols 19 anys. Terrible. #DEP https://t.co/dHZLGOSKnV"
"@aleixramia 1.- s√≠, els privats compren dades d‚Äôaflu√®ncia per als seus suports publicitaris, per√≤ tenen molt poca incid√®ncia en pol√≠tica.
2.- Insisteixo, revisa‚Äôt la legislaci√≥ vigent i veur√†s que les dades dels operadors no se‚Äôn poden despendre patrons pol√≠tics."
@marmengol3482 @Soniacanades @ironpit1 Que havies de dormir... Coi quina mem√≤ria. Cues de pances...
"Investiguen un conductor que va tenir un accident a l‚ÄôAP-7 a Tarragona i que triplicava la taxa d‚Äôalcohol√®mia https://t.co/nk6jwWsUPk

Els Mossos d‚ÄôEsquadra investiguen penalment un home de 21 anys que va tenir un accident de tr√†nsit a l‚ÄôAP-7 Tarragona quan condu√Øa triplicava l‚Ä¶"
"Des del Club Gimn√†stic de Manresa volem expressar el nostre m√©s sentit condol a la fam√≠lia, amics i a tot el @fcartes1922, per la p√®rdua recent del seu jugador Jordi Rodoreda, v√≠ctima d'un accident de tr√†nsit. Molta for√ßa i √Ånims! üí™üèºüôèüèº"
Una manifestaci√≥ a la Catalunya Nord talla la frontera a l'AP-7 i provoca cues quilom√®triques https://t.co/YzBOfqvmy0
Condemnem aquest malaurat incident que ha tingut lloc avui a #Cervera i manifestem el nostre comprom√≠s ferm en la lluita contra el feixisme. #NoPassaran https://t.co/Cgd4CVWaXD
"Al cap d‚Äôun any la incid√®ncia del proc√®s en les meves relacions personals ha estat zero i de veritat que no entenc en quin context personal podria ser diferent.
Sembla conven√ßuda aix√≠ que dec ser jo que tinc molta sort. https://t.co/LYugKkXRRM"
"Trag√®dia,cat√†strofe,desastre,desgr√†cia,infortuni,fatalitat,adversitat,accident,drama.
Amargura,preocupaci√≥,tristesa,r√†bia, tensi√≥.
Horrible,intolerable,negatiu,despreciable.
El resultat de les eleccions a #Andaluc√≠a
El PP en segona posici√≥
Cs dobla els vots
Vox triomfa"
Mor un jove en un accident de moto a #Sabadell https://t.co/WH1F6F5Eg2
Dem√† 1r enlairament de la #SoyuzMS11 despr√©s de l'accident del mes d'octubre. https://t.co/lFNwbyu2hi
Investiguen un conductor que va tenir un accident a l'AP-7 a Tarragona i que triplicava la taxa d'alcohol√®mia https://t.co/ceFKVngKyu https://t.co/ceFKVngKyu
"@Ilyas_Abshir Because they don't need to since it's not a red card offence...

And for the Busquets incident, it was reviewed by VAR since play was stopped (when the ball went out) for some seconds. They all see that it's not a red card worthy thing."
El Dr. Julio Herero @vallhebron  @CRA_Bcn en @LaVanguardia : ‚ÄúHacen falta m√°s estudios espec√≠ficos sobre la incidencia de la edad paterna‚Äù #fertildadmasculna üëâüèª https://t.co/f32whZw3t7 https://t.co/l5qwSZNM5w
"Prohibeixen el pas de camions a l'AP-7 en sentit nord. Des de fa dies hi ha cues cap a la Jonquera per la protesta dels #armillesgrogues. Segons @transit, es desvien cap als pol√≠gons de Sant Feliu de #Buixalleu"
El sinistre s'ha produ√Øt aquesta matinada a #Sabadell https://t.co/JyV7ckAx0e
"@sempresaludava Y aix√≤ no √©s delicte? Modificar les senyals de tr√†fic, dic."
@ajterrassa Fa setmanes vaig avisar d.una incid√®ncia amb la pilona del carrer Torrella i encara √©s hora que em contestin o ho solucionin....
"@xattarra I unes cues de pansa, no? ü§î
ü§£"
Valoraci√≥ general @BCNGamesWorld  com a pare que hi porta els fills üëçüèªm√©s espai üëéüèª cues de massa temps üëçüèª zona vintage. Els nanos d‚Äôaqu√≠ un any no crec que demanin tornar-hi #taldiafaraunany
"La viol√®ncia que pateixen les v√≠ctimes del tr√†fic de dones √©s insuportable, ‚Å¶@german_aranda‚Å© recull els resultats d‚Äôun estudi europeu on expliquen el seu patiment abans, durant i despr√©s tamb√© en el proc√©s juducial https://t.co/8fZHBJHWak"
"La v√≠ctima mortal de l'accident, produ√Øt la matinada d'aquest diumenge a #Sabadell era ve√≠ de Barcelona 
https://t.co/WH1F6F5Eg2"
"Faltaven paperetes o no hi havia les persones necess√†ries per constituir les meses, les dues incid√®ncies que han fet retardar les eleccions andaluses https://t.co/fmOixfEMKH"
Molts √†nims a tota la fam√≠lia del @fcartes1922 per la p√®rdua del seu jugador en accident de tr√†nsit. Descansi en pau. https://t.co/cGc2MSv5fE
Els @mossos investiguen un conductor que va tenir un accident a l'AP-7 a Tarragona i que multiplicava per tres la taxa d'alcohol√®mia https://t.co/lx47zsek7x
"@stscholasticas @Pakeha56 @herutbeitar @Wildwildwoody @spain_1957 @alsada96318055 @mabdude @RabbSol @speedymc67 @AnastasiaKLynch @EnLiEretzAheret @Peppi1207 @LunneySinead @MMayerhoff @malkaavram @WhistleBlowerXY @joeburns_joe @IDFsoldiergirl @shannonlshipley @cbecerrapombo @orla_murray1 @camels_i @dlsmith0817 @DohanyJulian @Sibrad2 @omer18365408 @plaindamsel @turnermx @laielkha @ellyngail @Shanna1627 @dorbar @ishhadmama @DavidMeir11 @the_alvi @AnahitaAredvi @Lina_Ondine @Matamurt @SRawlsen @silver_stacker @SamMorein1 @dezi555 @Kerpendo @UpYourAss7 @NuttyYahoo @immrincognito @FranatAFI @leena_dajani @Electroflxmusic A typical pro-Palestinian, you answer with a question. 
This is an unfortunate car accident. The driver turned himself in to the police and apologized"
"Gran 1p de Dembele, el mejor de los azulgranas, que contrasta por el poco peligro que aporta en el otro lado por Coutinho. El portugu√©s toca mucho el bal√≥n, pero tiene poca o nula incidencia en el juego. Hay que pedirle m√°s a este extraordinario jugador."
"@helixx85 @CDRCatOficial Caminant o en cotxe, si som experts en fer cues a l'AP-7, tenim entrenaments per Sant Joan, Setmana Santa, 1 d'agost... Ho podem fer tants cops com calgui, ;) de ruta AP-7 amunt i avall."
Asistencia de Dembel√©. La incidencia directa del franc√©s en el aspecto goleador es de traca.
"Volem expressar el m√©s sentit condol a la fam√≠lia, amics i companys d‚Äôen Jordi Rodoreda, jugador del primer equip del @fcartes1922, per la seva p√®rdua en accident de tr√†nsit. Descansi en pau. https://t.co/qP3lL8h6uM"
Un home de 19 anys mor en un accident de moto a Sabadell - PuntValles. https://t.co/skRRqrBlYU
Pateix un accident quan condu√Øa per l'AP-7 triplicant la taxa d'alcohol permesa https://t.co/yy9cgqJNg5 https://t.co/wlKmXr3VDD
Pateix un accident quan condu√Øa per l'AP-7 triplicant la taxa d'alcohol permesa https://t.co/ktqPRRMwF9 https://t.co/HaEMTBZ9TB
@PurgeCatalonia @Suedstern99 Bona iniciativa. Pro ojo que el govern espanyol no √©s el franc√®s. I estan esperant  un petit incid√®ncia per decretat el tot de queda i!!  . Ja sabeu. Que vol dir.  !!!
Els Armilles Grogues provoquen cues quilom√®triques a la frontera de la Jonquera via @elnacionalcat https://t.co/ZcJvjfN7ie
Els resultats de les eleccions andaluses no es podran difondre fins a les 22.15 h per problemes a l'hora d'obrir dos col¬∑legis electorals https://t.co/fmOixfWnCf
"Moltes gr√†cies al personal sanitari de l‚Äô@HPenedes. He patit un petit accident i m‚Äôhe sentit molt ben atesa i cuidada! Gr√†cies companyes!
I sobretot quan sortiu amb bici porteu SEMPRE casc!!"
"Aquesta setmana fem pont. Com? Que el pont √©s la setmana que ve? Ja, per√≤ anem tirant, no fos cas que trobem cues. https://t.co/AlT7GxQ7fn"
"Un noi de 19 anys ve√≠ de Santa Maria d'Ol√≥, al Moian√®s, ha mort en un accident de tr√†nsit a l'Eix Transversal https://t.co/bluuvYiy39"
"Primer accident greu a l'avinguda amb Joan Amades @ajmontblanc #Montblanc Carrers mig oberts, mal senyalitzat, arena a la cal√ßada (1)"
‚ö†Ô∏èüá´üá∑ Armilles grogues de la Catalunya Nord tallen la frontera a l'AP-7 i provoquen cues quilom√®triques https://t.co/vsbzJVmZ6Z
@airbnb_es hola me podr√≠ais proporcionar un email de att al cliente para una incidencia en espa√±a? #gracias
"üéÆ Grans cues per provar els √∫ltims jocs de realitat virtual al
@BCNGamesWorld
https://t.co/NoWCm0Zh0y"
Una manifestaci√≥ a la Catalunya Nord talla la frontera a l'AP-7 i provoca cues quilom√®triques https://t.co/uKh6rIBKW5
Les eleccions andaluses acabaran dues hores m√©s tard per una incid√®ncia en un col¬∑legi https://t.co/rRkFLqh3Jd https://t.co/SHt0LXy9U5
Cues al ‚Å¶@MACBA_Barcelona‚Å© per veure l‚Äôexposici√≥ de #JaumePlensa https://t.co/UVOY7xW7JK
Tr√†fic de llibres entre ve√Øns.
Chart and plot the #cyberthreat landscape using over 90 million+ with Threat Context. Improve team productivity and accelerate incident triage and response. Our blog on our newest module here. https://t.co/yuQQnEo7jk https://t.co/3pIYfJFpI1
"¬øC√≥mo hacer que la ciudadan√≠a sienta como propio el #CambioClim√°tico? Comunicaci√≥n directa con ejemplos cercanos, educaci√≥n y campa√±as de incidencia son clave para convencer no solo a los convencidos #COP24 #ClaimTheClimate
 https://t.co/HBfAPrN0Wm v√≠a @Planeta_Futuro"
"""No hi ha dret que ho facin coincidir amb la festa major, s'ha format una bona caravana a la #Meridiana protesta un ve√≠. ""Hem hagut d'aparcar gaireb√© al Bes√≤s perqu√® estava tot #SantAndreu col¬∑lapsat!"", explica una altra afectada. https://t.co/LPw7kTkrrG"
"@pinedademar Ve√Ønes i ve√Øns de Pineda de Mar, aneu en compte, avui nom√©s som 3 bombers de gu√°rdia i hem de cobrir 9 municipis m√©s, si teniu qualsevol incident i estem fora, vindrem quan puguem.#BombersEnLluita"
Mor un noi de 19 anys de Santa Maria d'Ol√≥ en un accident a la C-25. https://t.co/Uloi7U6k9c
Eleccions a Andalusia: Una incid√®ncia¬†marcar√† el recompte. A Sanl√∫car de Barrameda els col¬∑legis han hagut d'obrir fins a dues hores m√©s tard del previst i tancaran dues hores m√©s tard https://t.co/cOoYshfzGS
Mor un noi de 19 anys de Santa Maria d'Ol√≥ en un accident a la C-25 https://t.co/vAQiHHBQvM
Accident mortal a la C-25 a Sant Bartomeu del Grau #Osona https://t.co/GH8KRW8UWl
Abren los colegios en Sanl√∫car de Barrameda dos horas tarde por una incidencia https://t.co/rO79Vzfvkr
Tr√†fic de dones: fugir d‚Äôuna viol√®ncia per patir-ne d‚Äôaltres https://t.co/JLmAZi3FOP via @ARAsocietat
"Aquesta matinada, arran d'una infracci√≥ de tr√†nsit al barri de #SantAntoni, hem identificat i detingut un conductor per un presumpte delicte contra la salut p√∫blica en l'√†mbit del tr√†fic de subst√†ncies estupefaents.

#gubUNO1 #Gu√†rdiaUrbana #gub https://t.co/XKgtEEZqsV"
Un esvoranc s‚Äôempassa un cotxe i el conductor a Huelva https://t.co/sDNuebP57x
Una home que condu√Øa de manera temer√†ria anit a la pla√ßa Imperial Tarraco va provocar un accident amb altres vehicles implicats a Marqu√®s de Montoliu https://t.co/nwJxOBanxM
"#TARRAGONA| Aparat√≥s accident m√∫ltiple a la pla√ßa Imperial Tarraco
https://t.co/Sj69mobRIu https://t.co/wyNRi9UCYZ"
"@pilarcarracelas lo dw Bobby Sands ha estat el ""feu cues i aixequeu les paperetes"" del moment. Seguim."
The Exploding Mammoth terrorising Castelldefels tonight. It wasn't an accident that Salvador Dali was Catalan... https://t.co/Wch36Mp3jc
"Is it necessary to do this on a bike path that is in the middle of a big ass street? No is not, she could have caused an accident https://t.co/76kcwcZC7e"
#Bombersenlluita https://t.co/xv3xuxgJ5e @QuimTorraiPla @MiquelBuch @perearagones @CarlesTgna
"@carlesora Nos s√≠. Accident escolar, ensurt, i 1 hora esperant ambul√†ncia..."
"@GassolMarina @bcnencomu @AdaColau @SenSanders @yanisvaroufakis @nikiashton @JeffDSachs Est√° bien. Es posible q haya habido errores en Ciutat Vella. Hasta ahora, la informaci√≥n que he recibido me ha demostrado q ha sido por falta de presupuesto para tener mayor incidencia en barrios m√°s golpeados x din√°micas m√°s macro. Me informar√© m√°s a ver si me equivoco o no."
"3.-
sobre l'admissi√≥ de la Querella  A resultes  de la recusaci√≥  instada, la Sala especial ha obert un incident,  designant com a  Instructor de la recusaci√≥ al Magistrat Sr. Juliani,  President de la  Sala 5¬™ de lo militar del TS i que √©s un dels Magistrats  que formen la"
"Memento Mori!: El maloliente incidente del lavabo de la Estaci√≥n Espacial Internacional https://t.co/3UegECGSyg Y es que, en el fondo, no dejamos de ser m√°s que unos vulgares animalejos terrestres

#historia #history #ciencia #residuos #astronautica #ISS https://t.co/botZgdKqio"
...comen√ßa desembre..avui diada mundial contra la SIDA... malgrat les millores respecte fa 20 anys.... cal no descuidar-se..i tamb√© recordar a les persones afectades dels pa√Øsos pobres on continua essent molt important la seva incid√®ncia....
"Now try to explain it was an accident Jimin
#MMA2018 #BTS https://t.co/W6WmJz27OC"
"Memento Mori!: El maloliente incidente del lavabo de la Estaci√≥n Espacial Internacional https://t.co/vxXqCITicU Y es que, en el fondo, no dejamos de ser m√°s que unos vulgares animalejos terrestres

#historia #history #ciencia #residuos #astronautica #ISS https://t.co/9Sv8ls1OzK"
"La presentaci√≥ dels #busbcn el√®ctrics de gran capacitat,, el desplegament final de la #nxbus o com un incident a√Øllat pot afectar el servei de tota una l√≠nia de #metrobcn s√≥n algunes de les not√≠cies destacades d'aquesta setmana. Les pots recuperar aqu√≠: https://t.co/Kw02wMSFir https://t.co/P4OuVi1LT7"
"Y es que, en el fondo, no dejamos de ser m√°s que unos vulgares animalejos terrestres

#historia #history #ciencia #residuos #astronautica #ISS https://t.co/jemiuNjxh2"
"Incidencia resuelta con mi dorsal para @maratonvalencia 
Gracias @AlexHeras por ayudarme. 
Nuevo dorsal https://t.co/KRBWTYCtKR"
"@naciodigital @miqueliceta De l'accident que va costar la vida a una persona per manca d'inversions, res de res.
Tens tanta jeta que aviat no sabrem on s'acava la teva cara i comen√ßa el teu cul."
"Me he puesto de fondo un v√≠deo de OST de Profesor Layton que me hab√≠a recomendado Youtube y de repente digo ""hostia, si esto suena a Snow Halation""

veo la descripci√≥n y:
5:19 - The Azran Legacy, ""Froenborg"" (Siivagunner version) ((which I used by accident, sorry guys.))"
"üìå #Cr√≤niquesRCTGN El president del @PDECatTarragona, Albert @punyet, deixa el c√†rrec per motius de salut derivats d‚Äôun accident de tr√†nsit. El substituir√† @Quimamoros https://t.co/0fOWk1RFAA"
üö® Un 'accident' obliga Albert  @punyet a abandonar la presid√®ncia del @PDECatTarragona https://t.co/XB7Of7VRwu
"La premi Nobel Alexievich escriu un recull de testimonis del desastr√≥s accident de Txern√≤bil: des de pol√≠tics, militars, periodistes i afectats, sense oblidar els testimonis dels coneguts com a liquidadors que van deixar-hi la vida. Un llibre dur√≠ssim. https://t.co/XxBX5LFSRG"
@jordimash @ricardespelt @ApoderaDigital @partit_pirata @XarxaIP @femprocomuns @dimmonsnet @fkinstitute @guifinet @colectic_coop @_sobtec @pangea_org Podries obrir una incid√®ncia aqu√≠ i en discutim. O si vols envia'ns un correu i vens a la propera reuni√≥. gr√†cies! https://t.co/iYeIcBAXsq
Aquesta matinada al far de Cerb√®re hem participat com a observadors d‚Äôun simulacre d'accident d tr√†nsit organitzat pels Sapeurs Pompiers @SDIS66 voluntaris de Cerb√®re i Banyuls @ferran_garcia @bomberscat @JMartinJutglar @GenisPinart @avalde68 @cano_enric https://t.co/Xl8GFa7mH5
ACTUALITZACI√ì | Dos camions s'han vist implicats en l'accident i un camioner ha resultat ferit greu https://t.co/KhVSUAUNyU https://t.co/PxYksJUj1h
ACTUALITZACI√ì | Dos camions s'han vist implicats en l'accident i un camioner ha resultat ferit greu https://t.co/Cx5NOXFbQe https://t.co/rjKAYzUs8N
"#wordoftheday: Serendipity
Serendipity; Serendipitous n. The faculty of making fortunate discoveries by accident. ‚ÄúA fortunate stroke of serendipity.‚Äù.#girona #gironacity #gironaenamora #englishschool #academiadeidiomes https://t.co/vjYyk3JAqI"
L'accident ha tingut lloc a la C-16 i han resultat ferides quatre persones en total https://t.co/YLUiEFDcuL
"üó£Ô∏è Este tuit, relativo a la #acrilamida y si incidencia en el #c√°ncer, ha sido el m√°s destacado del mes de noviembre. Puedes volver a leerlo aqu√≠ ‚û°Ô∏è https://t.co/t51VScZ00s https://t.co/VD816tODTZ"
Una persona ferida en un accident a l'AP-7 https://t.co/KhVSUAUNyU https://t.co/28o1A0plLj
Una persona ferida en un accident a l'AP-7 https://t.co/Cx5NOXFbQe https://t.co/FSgEeUfJlz
"ACCIDENT, el nou relat de Factor√≠a Singular 2.0 https://t.co/DbyzIGRfNG v√≠a @YouTube"
@jlantunez BBC hace incidencia en el trabajo y no culpabiliza a la persona. Mucho mas elegante y menos aleccionador. Pero la paradoja es que seguramente sea mucho menos viral.
"@cupnacional Donar suport, vol dir que tamb√© fareu vaga de fam ?
Vosaltres com a col¬∑lectiu important teniu molta incid√®ncia amb la poblaci√≥. Unitat i estrat√®gia, una vaga indefinida espont√†nia √©s molt dif√≠cil que tingui continu√Øtat."
"La literatura de les mates: pot√®ncies, s√®ries geom√®triques i caos amb activitats inspirades en cap√≠tols del llibre ‚ÄòEl curi√≥s incident del gos a mitjanit‚Äô. Una gran sessi√≥ de l‚ÄôAnemx+matem√†tiques a @upcmanresa . Gr√†cies Imma! https://t.co/bJcXL7yFgh"
"@vodafone_es Me dej√© convencer para pasar a Vodafone la l√≠nea de mi madre. Se ha hecho la portabilidad, pero no le entregan la tarjeta por no ser el titular. Como no se recoje la tarjeta, la incidencia sigue abierta y no se puede hacer nada. Mi madre, una semana sin tel√©fono"
@Thanks_Eli We will take this into account to improve. Sorry for the incident and have a nice day üòä
"Si los datos de siniestralidad se analizan rigurosamente, el descenso del √≠ndice de incidencia en el per√≠odo 1995-2017 no llega al 5% https://t.co/WR8AYFTiBB"
"Lamentem la mort d'un vianant aquesta matinada en un accident a la Ronda Litoral i traslladem el nostre condol a la fam√≠lia i amistats. Refermem el nostre comprom√≠s per a continuar treballant per reduir les  v√≠ctimes d'accidents de tr√†nsit a Barcelona. 

https://t.co/INRIPqIBVi"
"Avui √©s el Dia Mundial de la Sida. Un treball realitzat per experts de la Unitat de Sida de Vall d‚ÄôHebron demostra que els casos de c√†ncer s√≥n m√©s freq√ºents entre els homes amb VIH que entre els homes que no tenen aquest virus.
#Sida #DiaMundialSida2018

https://t.co/hLvWld7k28 https://t.co/r15BMsSSuj"
"@MonDiari @miqueliceta, per√≤ en Borrell va fer tr√†fic d'influ√®ncies a Abengoa, Si o No?"
√âs la vintena v√≠ctima mortal per accident de tr√†nsit a la ciutat en el que portem d'any i set√® vianant que perd la vida atropellat https://t.co/6hJS2fsd6d
"Le saviez-vous? La #M√©diterran√©e accueille 1/3 du trafic maritime mondial. D'une valeur de 520 millions d'euros, l'UpM soutient 3 projets labellis√©s ciblant les secteurs du transport maritime, du commerce et de la logistique. https://t.co/KMjIPKTFNe https://t.co/bNPdVkTUld"
"Enviat a Aj. #Esparreguera incidencia a les 08:44:14: el bus IGLD-BCN de les 08:25 ""Bus ple""  monbusinfo #hispanofail"
SANT BOI DE LLOBREGAT: L77 Tall provisional a l'avinguda Maria Girona https://t.co/zuBrWuN9IL
@Ishtar1973 @laxarxaxanante1 Treballo en emerg√®ncies i √©s b√†sic coordinar-se. Amb tots els equips que es trobin al lloc de l‚Äôincident. Fins i tot els guardes de seguretat privada i voluntariat ( creu roja). √âs imprescindible per posar ordre al caos.
‚ÄòTard o d‚Äôhora tindrem un accident‚Äô: les principals reivindicacions dels Bombers de la Generalitat https://t.co/RhO1KTZunt
‚ÄòTard o d‚Äôhora tindrem un accident‚Äô: les principals reivindicacions dels Bombers de la Generalitat https://t.co/vFpsrhdgY7
"#M√©s Tr√†fic, d'armes, d'organs, de persones, d'animals, de drogues, d'art falsificat, de pe√ßes arqueol√≤giques, per quant de ostatges i exiliats ?"
El titular √©s deliberadament tendenci√≥s per danyar la imatge d‚ÄôEspanya. L‚Äôenfonsament de la fragata fou causat per l'accident que el 8 de novembre va tenir en xocar amb un petroler quan tornava de participar en unes maniobres de l'OTAN a prop de Bergen. https://t.co/UusGhbSyDh
