"Extingit l'incendi d'un vehicle al voral de l'AP-7, al pk 104 en sentit nord a Sant Celoni. Hem activat una dotaciÃ³ #bomberscat https://t.co/cYHsKdpCGM"
Ruixats de tarda localment amb tempesta al Pirineu i Prepirineu occidental. Podeu seguir les imatges del radar a https://t.co/LdwjnRdhzr #meteocat https://t.co/cRZesrx5zM
Hi ha 2 carrils tallats a l'AP-7 a St Celoni â¡ Girona per un vehicle incendiat https://t.co/YYTOUGa98c
@perevian @Atzucac1 @animalsmaresme @emergenciescat @mossos hem passat l'avÃ­s al titular de la via
"Conduint, les distraccions, l'alcohol i drogues no sÃ³n compatibles, fem avui la #NitEuropeaSenseAccidents
i fem-ho cada dia! #EvitemosQueSeRepita @transit @interiorcat @APAT_PAT"
"ActualitzaciÃ³ afectacions viÃ ries #inuncat #protecciÃ³civil 
NomÃ©s queda tallada â›” C-12 a  Tortosa (es fan desviaments senyalitzats)"
#ProteccioCivil desactiva l'Alerta del Pla I#NUNCAT per la millora en les condicions meteorolÃ²giques i perquÃ¨ no queden incidÃ¨ncies rellevants https://t.co/zxzogFm58P https://t.co/nK42gknl3A
@Atzucac1 @animalsmaresme @emergenciescat @mossos grÃ cies per l'avÃ­s
"@kastri84 disculpa, no havÃ­em vist el teu tuit."
"ActualitzaciÃ³ afectacions viÃ ries #inuncat #protecciÃ³civil 
â›” c12 a  tortosa (desviaments) â—Pas alternatiu a la TP3311 a la Galera"
s'ha normalitzat la circulaciÃ³ a la TV-3421
A la C-25 hi ha 1 carril tallat a Sta. Coloma de Farners â¡ Vic per #avaria d'un vehicle
A la C-17 hi ha 1 carril tallat a Montcada i Reixac â¡ Vic per #accident
@FOCcoaching hauries d'avisar a @BCN_Mobilitat
Molta #precauciÃ³ en els desplaÃ§aments https://t.co/RHSRLfLxCM
BalanÃ§ d'incidÃ¨ncies de l'Alerta del Pla #INUNCAT de #ProteccioCivil https://t.co/gt2r6khQHt https://t.co/3ASMyy0fsW
@marianchik7 ja no estÃ  restringida la circulaciÃ³ a la N-340
"â„¹ Afectacions viÃ ries #TerresEbre Alerta #INUNCAT  # ProteccioCivil :
 
 â›”C-12 Tortosa (desviaments senyalitzats)
 â›”TV-3421 entre Roquetes i Mas de Barberans
 â›”T-331 entre Ulldecona i Freginals 
 â›”T-3311 a Galera  â¡ la SÃ¨nia"
"â„¹ Resum afectacions viÃ ries #TerresEbre Alerta #INUNCAT #ProteccioCivil:
â›”N-340 Alcanarâ¡Amposta
â›”C-12 Ampostaâ¡Tortosa
â›”TV-3318 Ullcedonaâ¡Alcanar
â›”T-331 Ulldeconaâ¡Sta BÃ rbara
â›”T-332 Ulldeconaâ¡VinarÃ²s
ğŸš™ğŸš—Retencions TV-3313 Ulldeconaâ¡La Galera
ğŸ‘‰https://t.co/uZFoqxRnXQ https://t.co/3m1JlIKrJ3"
"ğŸ›£ A partir d'ara, pots informar-te de les afectacions a la xarxa viÃ ria a travÃ©s del nostre web: https://t.co/uZFoqxRnXQ
Molta precauciÃ³ en els vostres desplaÃ§aments a #MontsiÃ  i #BaixEbre per Alerta #INUNCAT #ProteccioCivil https://t.co/JQss6BFNpo"
"(Nota de Premsa) L'SCT informa que el conductor dâ€™un vehicle dâ€™obres (tipus Dumper) ha mort en una bolcada a Farrera #PallarsSobirÃ . Traslladem el condol mÃ©s sincer a la seva famÃ­lia i amics
https://t.co/ow0B4jr3oN"
"â›” A #TerresEbre estan tallades al trÃ nsit tambÃ© per #inundacions: TV-3318 fins Alcanar
T-331 direcciÃ³ Sta BÃ rbara
T-332 direcciÃ³ VinarÃ²s
ğŸš™ğŸš—Retencions a C-12 a Tortosa i  a TV-3313 Ulldecona direcciÃ³ La Galera
Compte!! Alerta #INUNCAT #ProteccioCivil
https://t.co/uZFoqxRnXQ https://t.co/G29RjwXgaN"
"Eviteu la mobilitat al MontsiÃ  i al Baix Ebre durant les properes, hores. S'estan fent molts serveis per vehicles atrapats per acumulaciÃ³ d'aigua a  les carreteres #ProteccioCivil Alerta #INUNCAT"
âš  Un altre accident a la C-58 talla ara un carril a Sabadell â¡ Terrassa @transitc58 https://t.co/Kn41G7ZB93
"ATENCIÃ“:
#ProteccioCivil Gencat demana EVITAR LA MOBILITAT al #MontsiÃ  i al #BaixEbre les properes dues hores. 

https://t.co/ITeFkjRoWm https://t.co/8laRNcnoOJ"
"âš ğŸš™ğŸš›ğŸš— Obert el carril tallat a la C-58 per accident a Sant Quirze del VallÃ¨s en sentit sud
Els Carril #busVAOEco torna al seu Ãºs habitual, pels vehicles amb 2 o mÃ©s ocupants @transitc58 https://t.co/R9fGWcvYcr"
Bona nit @Carol44863625 s'estan fent desviaments per la C-12 @transitc12 @transitn340
âš  L'accident de la C-58 Ã©s a Sant Quirze del VallÃ¨s en direcciÃ³ Barcelona i talla un carril @transitc58 https://t.co/LKT5hDfjAl
"âš  A causa d'un #accident a la C-58 a Barcelona en direcciÃ³ al Nus de la Trinitat s'ha obert el carril #busVAOEco per a tots els vehicles independentment del nombre d'ocupants excepte pels camions de mÃ©s de 7,5tones @transitc58 https://t.co/VspijIzQ9q"
"âš ï¸ Con motivo de las fuertes precipitaciones ğŸŒ§, entre #Torreblanca (salida 44) y L'Hospitalet de l'Infant (salida 38), se desvÃ­a el trÃ¡fico a la autopista AP-7 sin coste alguno de peaje para los usuarios afectados hasta que se restablezca la situaciÃ³n. #TemporalLluvias https://t.co/jcphXfdtZl"
"Hola @JosepCarceller, aquest tram estÃ  tallat des d'Alcanar en ambdÃ³s sentits de la marxa. S'estan fent desviaments per la C-12 #PrecauciÃ³! @transitn340 @transitc12"
"De les 16h a les 19h #bomberscat hem rebut 64 avisos relacionats amb la pluja dels quals 49 han estat a #RETerresEbre (36 al municipi d'Alcanar). TambÃ© a #REMNord (9), #REMSud (4), #RETarragona (2). Inundacions de baixos i soterranis, arbres caiguts a la via... Alerta #INUNCAT"
"@112 La majoria de trucades han estat per inundacions de baixos, caigudes d'arbres o branques, rescat de vehicles o despreniment a la via. #INUNCAT #ProteccioCivil"
"El telÃ¨fon @112 ha rebut 209 trucades per 151 incidÃ¨ncies relacionades amb les pluges fins a les 18.30h d'avui: 49 trucades des del MontsiÃ , 31 des del Baix Camp i 28 des d'Alcanar.
#ProteccioCivil #INUNCAT https://t.co/H7lohweCaB"
âœ… Ja s'ha obert el carril de l'AP-7 a la Jonquera tallat direcciÃ³ FranÃ§a per #obres @transitap7 https://t.co/Uzjkh5DAfx
â„¹ Els desviaments es fan per la C-12 https://t.co/TxSnN3mNtZ
"Les pluges han superat els 40 l/m2 en 30 minuts al MontsiÃ . Les fortes tempestes afectaran al Baix Ebre les properes dues hores.

Molta precauciÃ³ al MontsiÃ  on les pluges estan descarregant amb molta intensitat.
#INUNCAT #ProteccioCivil https://t.co/w9kCsx7sYQ"
â›”ğŸŒ§ EstÃ  tallada la N-340 a Alcanar per #inundacions. Es fan #desviaments senyalitzats #INUNCAT @emergenciescat https://t.co/QRc02DNCyv
"Hem treballat amb 3 dotacions #bomberscat en l'accident d'un camiÃ³ que ha topat amb el pont del tren que passa per la C-12, pk 67, a Garcia (Ribera d'Ebre). Conductor ilÂ·lÃ¨s. S'ha netejat la calÃ§ada i revisat el pont juntament amb tÃ¨cnics @Adif_es https://t.co/ytfeerzRht"
"@112 La Policia Local d'Alcanar ha tallat l'accÃ©s al camÃ­ del Virol i al Fondo de Jan (Les Cases d'Alcanar). Feu cas de les senyals de prohibiciÃ³. Hi sÃ³n per la vostra seguretat.
#INUNCAT #ProteccioCivil"
#ProteccioCivil recomana a la ciutadania a les #TerresdelEbre que restringeixin la mobilitat als desplaÃ§aments que siguin imprescindibles. En especial al #Montsia. Alerta #INUNCAT https://t.co/bEKFJ5HAhi
"#ProteccioCivil ha enviat recomanaciÃ³ als municipis per on passa el riu SÃ¨nia que tanquin els accessos a la llera, punts baixos, guals i creuaments. #SÃ¨nia #Alcanar #Ulldecona
Es demana a la ciutadania que respecti la senyalitzaciÃ³ i els tancaments a aquests punts.
#INUNCAT https://t.co/mKIKAs5DuD"
"@ramacabici el ciclista que ens invita a fer Ãºs del seu vÃ­deo per conscienciar sobre la vulnerabilitat dels ciclistes i avanÃ§aments perillosos ens recorda que quan realitzeu avanÃ§aments en una via fora de la poblaciÃ³, heu de deixar una separaciÃ³ lateral no inferior a 1,50 m https://t.co/9GHS8DA99h"
"ğŸ“¸ ParticipaciÃ³ SCT aquest cap de setmana al Sant Andreu Solo Bici Festival by Shimano 2018, organitzat per RPM Racing, a Sant Andreu de la Barca https://t.co/sR5aluMTWP"
"El director de l'SCT, @JuliGendrau, junt amb el director de @DGTes, Pere Navarro, assisteix a la presentaciÃ³ de la campanya de @APAT_PAT #EvitemosQueSeRepita #NitEuropeaSenseAccidents https://t.co/fTj1YuBnpC"
"No travesseu cap zona inundada, tampoc dins de zona urbana, lâ€™aigua podria arrossegar-vos. 

https://t.co/fpeBt3fgb4
#ProteccioCivil #INUNCAT"
"ATENCIÃ“: Des de fa una estona que plou amb forÃ§a a les Terres de l'Ebre. PrecauciÃ³ en la mobilitat a #BaixEbre #MontsiÃ  #Amposta. Els xÃ fecs intensos poden produir alguna incidÃ¨ncia com a la N-340, on hi ha tolls d'aigua en algun punt. 
#INUNCAT #ProteccioCivil https://t.co/xvv5n34tZf"
"â—ï¸ğŸ› El risc d'accident i de patir conseqÃ¼Ã¨ncies greus augmenta amb l'increment de #velocitat
#Sabiesque un xoc a 160 km/h equival a una caiguda des de 101 metres?
ğŸ‘†Respecta els lÃ­mits de #velocitat!
#Entretotsfemseguretat
#ConducciÃ³Segura https://t.co/AWC9KZbdB1"
".@meteocat informa dels registres de pluja acumulada fins ara:
195,3 l/m2 a PN Ports
118 l/m2 a #Alcanar
115,8 l/m2 a #Ulldecona
106,2 l/m2 a Mas de Barberans
85,2 l/m2 a Horta de Sant Joan
Alerta #INUNCAT #ProteccioCivil https://t.co/PrJxzFuriW"
âš  Tallat de nou un carril de la B-20 a l'altura de Roquetesâ¡Nus del Llobregat per un altre #accident @transitb20 https://t.co/Ee6Zptspz7
"â„¹ğŸš—ğŸš›ğŸš™ Cues destacades a aquesta hora a les Rondes #BCN en direcciÃ³ BesÃ²s:
B-10 entre la Barceloneta i la Zona Franca consten uns 11km
B-20 uns 7km d'aturades entre Esplugues de Llobregat i Horta
ğŸ‘‰https://t.co/uZFoqxRnXQ https://t.co/imaKIsSRS6"
â„¹ Retencions a diverses vies de l'Ã€rea Metropolitana de BCN. Consulta totes les afectacions a https://t.co/7bzpWB9BQj https://t.co/hpCks6tu5V
âœ… Obert el carril de l'AP-7 que estava tallat a Roda de BerÃ  #TarragonÃ¨s en sentit nord per l'#avaria d'un vehicle @transitap7 https://t.co/iMHMVCqKpM
@fabienpalem grÃ cies per la informaciÃ³! Es tracta d'un accident amb camions implicats a l'A-9 abans del peatge en la part francesa @VINCIAutoroutes @lindependant
"En sentit FranÃ§a, hi ha 1 km de #retenciÃ³ a l'AP-7 a la Jonquera a causa d'unes obres en territori francÃ¨s que restringeixen 1 carril"
âš  accident amb camions implicats a l'A-9 entre la frontera i el peatge de PertÃºs #retencions a la part francesa de l'autopista â¡ frontera https://t.co/UuhtK6lN3r
âš  Un #accident a la B-20 a Roquetes ha provocat el tall d'un carril en direcciÃ³ al Nus del Llobregat. Ara ja estÃ  obert perÃ² hi ha retencions en un tram de 2km @transitb20 https://t.co/9ZxmtCeTuq
Hi ha 1 carril tallat a l'AP-7 a Roda de BarÃ  â¡ nord per un vehicle avariat https://t.co/barJsjkMCX
.@aigua_cat informa es mantÃ© alerta a la part final del Baix Ter. PrecauciÃ³ a la zona propera a la llera i punts baixos. La resta de rius mantenen cabals superiors als habituals perÃ² evolucionen a la baixa. #INUNCAT #ProteccioCivil https://t.co/kcarHitUH6
#ProteccioCivil mantÃ© l'Alerta del Pla #INUNCAT per l'episodi de pluja que afecta a les Terres de l'Ebre i al Camp de Tarragona https://t.co/7LOKmZSGzi https://t.co/YpDBYFuB4c
ğŸš™ğŸš•ğŸš— Una incidÃ¨ncia a la B-10 a la Zona Franca en sentit BesÃ²s provoca retencions a l'inici de la mateixa Ronda Litoral i al darrer tram de l'A-2 des de CornellÃ . https://t.co/14t6kphJiS
âš ğŸš§ğŸŒ§ Tallada la carretera local TV-3146 a Vila-seca en els dos sentits per aigua a la calÃ§ada. https://t.co/mEgrXBU3HD
"Ã’scar Llatje, coordinador de Seguretat ViÃ ria i #Mobilitat de l'SCT,  analitza la sinistralitat dels #motoristes enguany a les carreteres catalanes, en el FÃ²rum Barcelona #SeguretatViÃ ria https://t.co/6s2Aw2wSrr"
"â„¹ [Nota] Aquest dissabte, l'SCT participa al Sant Andreu Solo Bici Festival, amb la presÃ¨ncia del millor ciclista catalÃ  de tots els temps, Purito RodrÃ­guez: https://t.co/thkQxLbSY9 https://t.co/mMLJlAKbNM"
âœ… SituaciÃ³ normalitzada a la B-23 @transitb23 https://t.co/5RhF2a7NnN
".@JuliGendrau, al FÃ²rum Barcelona #SeguretatViÃ ria sobre #motoristes: ""Hem reduÃ¯t la sinistralitat en els punts on hem intensificat els controls i la presÃ¨ncia dels @mossos. Cal liderar el canvi cultural cap a les #ZeroVÃ­ctimes"" https://t.co/mGHJB96i6i"
"El director de l'SCT @JuliGendrau subratlla al FÃ²rum Barcelona de #SeguretatViÃ ria que 1 de cada 5 vÃ­ctimes mortals Ã©s un #motorista:  ""Estem estudiant quÃ¨ passa i a on passa per corregir i reduir aquesta sinistralitat"" https://t.co/8qgpT94vHD"
"ğŸš•ğŸš™ğŸš— La Diagonal ja estÃ  oberta al trÃ nsit, perÃ² la B-23 encara presenta 7km de retencions des de Sant Feliu d'entrada a Barcelona. https://t.co/KijYaSxH3b"
âœ… SituaciÃ³ normalitzada en aquest punt de la C-25 @transitc25 https://t.co/LFM7hdXp86
El Servei CatalÃ  de TrÃ nsit participa aquest matÃ­ al FÃ²rum Barcelona de #SeguretatViÃ ria @bcn_ajuntament @DGTes @ClubRACC @APAT_PAT al voltant de la sinistralitat dels #motoristes @JuliGendrau https://t.co/xltKzRwoGg
ğŸš™ğŸš•ğŸ Cua de 5km a la B-23 des de Sant Joan DespÃ­ d'entrada a Barcelona per una incidÃ¨ncia a la Diagonal. https://t.co/o11okpM9ee
âš ğŸš§ Un accident a la C-25 a Manresa talla dos carrils en sentit Girona i provoca 1km de retencions. https://t.co/gThAFzOeyB
"ğŸš™ğŸš•ğŸš— A l'extrem sud de BCN, a la C-31 hi ha 5km de ret. entre Castelldefels i GavÃ  i 5km mÃ©s entre Viladecans i el Prat. A la C-32, 2km a Castelldefels, 7km entre GavÃ  i Sant Boi i 4km a CornellÃ . https://t.co/SkKpW1UeQA"
âš â›ˆ Recordeu que la #pluja augmenta el risc d'accident de trÃ nsit per la reducciÃ³ de la visibilitat i l'aigua a l'asfalt. Modereu la velocitat! #ConducciÃ³Segura https://t.co/MkZs2xcKBl
"â„¹ Bon divendres! A hores d'ara, trobareu #retencions a nombrosos punts de la xarxa viÃ ria. Podeu consultar totes les afectacions al web ğŸ‘‰ https://t.co/uZFoqxRnXQ #mobilitat #trÃ nsit https://t.co/frDuGHvoCk"
â„¹ FluÃ¯desa al conjunt de la xarxa viÃ ria catalana. A partir d'ara pots informar-te de l'estat actualitzat del trÃ nsit a: https://t.co/uZFoqxRnXQ https://t.co/WCUi0PY3FO
"â„¹âœ… El carril #busVAOEco torna al seu funcionament habitual per a vehicles amb 2 o + ocupants, restringit a camions de mÃ©s de 7,5tones @transitc58 https://t.co/sHRptSKmBv"
âœ… Ja s'ha obert el carril tallat a la B-10 a la Barcelonetaâ¡BesÃ²s per aquest #accident @transitb10 https://t.co/2eBRzX9Yjk
âœ… Obert el carril de la B-10 a Bon Pastor â¡ Llobregat @transitb10 https://t.co/GK15ITxPl4
"#ProteccioCivil demana extremar la precauciÃ³ davant el temporal de pluges molt abundats i mala mar a #TerresdelEbre. (Nota de premsa)

https://t.co/EjGTt1LVvJ https://t.co/vCCwC2Dftz"
@ALCOYjorgeBCN GrÃ cies per la informaciÃ³!
ğŸ”´ A la B-10 hi ha un carril tallat per #accident a la Barceloneta en direcciÃ³ BesÃ²s @transitb10 https://t.co/lMuxUFRyLB
"Plou de manera intensa en alguns indrets de Catalunya. Si has de conduir, redueix la velocitat i augmenta la distÃ ncia de seguretat. Recorda que amb pluja augmenta el temps de frenada #ConducciÃ³Segura https://t.co/UsHceD1bgF"
"ğŸšŒğŸ›  Es tracta d'un autocar #avariat que provoca tambÃ© retencions a la C-58 d'entrada a Barcelona. 
ğŸ”´ Obert el carril #busVAOEco per a tots els vehicles, excepte camions de mÃ©s de 3,5tones, en direcciÃ³ Barcelona @transitb10  @transitc58 https://t.co/GK15ITxPl4"
âš ğŸ›  Un vehicle #avariat talla un carril de la B-10 a Bon Pastor en sentit sud cap al Nus del Llobregat @transitb10 https://t.co/4pwIPqU6Ix
âœ…ğŸš™ğŸš›ğŸš— Ja s'ha obert el carril de la B-20 tallat a Pedralbes per #accident. CirculaciÃ³ amb retencions en un tram d'uns 6km en direcciÃ³ al Nus del Llobregat @transitb20 https://t.co/wHpgYKG5r6
"â„¹ğŸš—ğŸš›ğŸš™ğŸ Comencen les primeres retencions en alguns punts de les principals vies de l'Ã rea metropolitana i les rondes #BCN. Podeu consultar el detall de les afectacions
ğŸ‘‰https://t.co/uZFoqxRnXQ https://t.co/HEYplWXKcX"
âš Un #accident talla un carril de la B-20 a l'altura de Pedralbes i provoca retencions â¡ Nus Llobregat @transitb20 https://t.co/qoeGHMNkyr
ğŸ”´â›” L'N-152a estÃ  tallada a Montesquiu #Osona per la caiguda d'uns cables elÃ¨ctrics que obstaculitzen el pas per la via #PrecauciÃ³! https://t.co/dx2SDoekjM
"âš  â›ˆâ›ˆ Davant previsiÃ³ #pluja intensa durant properes hores i demÃ  al matÃ­, recorda aquests consells si has de circular:
â¡ï¸ modera la velocitat 
â¡ï¸ augmenta la distÃ ncia de seguretat
â¡ï¸ si cal, atura't
â¡ï¸ no travessis zones inundables
Alerta #INUNCAT #ProteccioCivil https://t.co/IiFDaFz0jS"
âœ… Ja s'ha obert el carril que estava tallat a l'A-2 a CastellolÃ­â¡Igualada per #accident @transita2 https://t.co/ACblFB7qJu
âœ… CirculaciÃ³ normalitzada a la C-17 a Gurbâ¡Barcelona @transitc17 https://t.co/MdXNPhaB3H
Obert el carril tallat per un accident a la B-20 en direcciÃ³ al Nus del Llobregat. Consten retencions amb aturades entre l'Av. Diagonal i Horta @transitb20 https://t.co/nB5QE0AixR
âš  A l'A-2 a CastellolÃ­ hi ha un carril tallat en direcciÃ³ Igualada per un #accident @transita2 https://t.co/2m1TEwioFb
"Hola @sg91242 @Arq_Montero81 , ens consta de fa una estona un accident a l'altura del quilÃ²metre 168 de la C-31 a Sitges en sentit sud @transitc31sud. GrÃ cies per la informaciÃ³ i per seguir-nos"
âœ…ğŸğŸš›ğŸš— Ara ja estan oberts tots els carril a l'AP-7 a Sant Cugat en direcciÃ³ Tarragona. Tot i aixÃ­ se circula amb retencions en un tram d'uns 4km @transitap7 https://t.co/zfHyo4AEc1
âœ… Reoberta la B-24 a CervellÃ³ en direcciÃ³ Barcelona que estava tallada per #accident https://t.co/gPDD0EYqIW
ğŸ”´ Un #accident a l'altura de Vall d'Hebron talla un carril de la B-20 en direcciÃ³ al Nus del Llobregat @transitb20 https://t.co/4Fc8E5UDrQ
âš  A la C-17 a Gurb #Osona hi ha un carril tallat en direcciÃ³ Barcelona per #accident @transitc17 https://t.co/JXok11gfZk
âš â›” Tallada la B-24 a CervellÃ³ #BaixLlobregatâ¡Barcelona per #accident #PrecauciÃ³! https://t.co/Da5Q7nZUnS
"ğŸš•ğŸš™ğŸš— A causa d'un accident a l'AP-7 a Sant Cugat, nomÃ©s hi ha un carril obert en sentit sud i aturades de 12km des de Santa PerpÃ¨tua. En sentit nord tambÃ© hi ha ret. des del Papiol. https://t.co/mjK8v2pAUk"
"#ProteccioCivil activa l'Alerta del Pla #INUNCAT per la previsiÃ³ de precipitacions intenses a les #TerresEbre https://t.co/LYFyL6RhCf 

Imatge via @AVPCFIGUERES https://t.co/1Lq3vHjv8v"
âœ… SituaciÃ³ normalitzada en aquest punt de la C-16 https://t.co/SXwnttiHSR
"âš ğŸš§ AtenciÃ³! En el punt de l'accident nomÃ©s hi ha un carril obert, la cua en aquest tram de l'AP-7 ja Ã©s de 7km en sentit sud i 2km en sentit nord. La retenciÃ³ tambÃ© afecta la B-30. https://t.co/JrT60W1GyI"
â›ˆ La #pluja augmenta el risc d'accident de trÃ nsit per la reducciÃ³ de la visibilitat i l'aigua a l'asfalt. Sobretot modereu la velocitat! #ConducciÃ³Segura #mobilitat https://t.co/SJcToaWlMM
âš ğŸš§ En el punt de l'accident hi ha ara un carril tallat en sentit sud i retencions de 5km. https://t.co/OuJLwBHV4X
âš ğŸš§ Un vehicle avariat a la C-16 al Pont de Vilomara talla un carril en sentit nord. Molta PrudÃ¨ncia! https://t.co/UCGky6zrRx
âš  Un carril obert a l'AP-7 a Sant Cugat del VallÃ¨s â¡ TGN per un #accident @transitap7 https://t.co/bZ1ehVlw10
âœ… SituaciÃ³ normalitzada en aquest tram de la C-17 @transitc17 https://t.co/Mt32diBVwp
âš ğŸš§ Un vehicle avariat a la C-17 @transitc17 a la Garriga talla un carril en sentit Barcelona i alenteix la marxa. PrudÃ¨ncia! https://t.co/8RbuRi7ghW
ğŸ”´ TrÃ nsit lent amb #retencions intermitents a l'A-2 de Sant Andreu de la Barca a PallejÃ  â¡ BCN agreujades per un #accident @transita2 https://t.co/ljrVozgQwD
ğŸğŸš•ğŸš™ Retencions a la B-23 de 4km entre Molins de Rei i Sant Feliu i de 3km entre Sant Just i la Diagonal. TambÃ© hi ha 4km d'aturades entre Molins i el Papiol per enllaÃ§ar AP-7 https://t.co/Vwl93fVwOi
"â„¹ Bon dijous! En aquests moments, hi ha #retencions a nombrosos punts de la xarxa viÃ ria. Consulta totes les afectacions al web d'incidÃ¨ncies ğŸ‘‰ https://t.co/uZFoqxRnXQ #trÃ nsit #mobilitat https://t.co/UHgRlUZfMz"
ğŸ›£ A partir d'aquests moments pots consultar l'estat de la nostra xarxa viÃ ria a travÃ©s del nostre web: https://t.co/uZFoqxRnXQ https://t.co/ap8BrOSHFl
"ğŸ”´ Ha millorat la circulaciÃ³ a la B-20, ara ja uns 3km d'aturades entre Sant Gervasi i Vall d'Hebronâ¡Nus de la Trinitat @transitb20 https://t.co/eWHp5ZJNC4"
âš ğŸ›  A la C-25 a ArbÃºcies #Selva hi ha un carril tallat per l'#avaria d'un vehicleâ¡Vic #Osona #PrudÃ¨ncia! @transitc25 https://t.co/fTlqPlP0LD
â„¹ğŸğŸš›ğŸš—Encara hi ha congestiÃ³ del trÃ nsit a la B-20 (Ronda de Dalt) que afecta un tram d'un 10km entre Esplugues de Llobregat i el Nus de la Trinitat en sentit nord @transitb20 https://t.co/UUljjq0pZg
"â„¹âœ… El carril #busVAOEco torna al seu funcionament habitual, restringit a vehicles amb 2 o + ocupants @transitc58 https://t.co/4kh8gKB6pM"
âœSom conscients de com ens afecten les emocions en la conducciÃ³ i de com hem de gestionar-lesâ“Ho trobarÃ s a l'apunt de l'#InfoTrÃ nsit d'avui ğŸ‘‰https://t.co/e41Y2wI74z https://t.co/XXUPEeQGS4
"â„¹ğŸš™ğŸš›ğŸš— A aquesta hora retencions habituals per l'augment de la mobilitat amb retencions destacades a la C-58 a Montcada i Reixac, B-23 al Papiol i B-20 a l'altura d'Esplugues de Llobregat.
ğŸ‘‰InformaciÃ³ ampliada: https://t.co/uZFoqxRnXQ https://t.co/KwIP9NZi7N"
@emergenciescat .@bomberscat hem desplaÃ§at fins al #Morell 7 dotacions. Hem treballat en tasques dâ€™excarceraciÃ³ per alliberar conductor atrapat a la cabina i per controlar una petita fuita del producte per una de les vÃ lvules de la cisterna https://t.co/KfowWvx2JH
"âš  Davant la previsiÃ³ de #vent i #acumulaciÃ³ de #pluja. Tingueu en compte:
ğŸ‘‰ Planificar els desplaÃ§aments 
ğŸ‘‰ Circular amb la mÃ xima atenciÃ³ i prudÃ¨ncia per #pluja i #vent 
ğŸ‘‰ Evitar les lleres de rius i rieres per les crescudes sobtades
#Entretotsfemseguretat https://t.co/QIeIjKGNiY"
"#ProteccioCivil Gencat ha activat l'Alerta del Pla #TRANSCAT per un accident d'un camiÃ³ de matÃ¨ries perilloses al #Morell. ProtecciÃ³ Civil HA DESACTIVAT el pla un cop sâ€™ha retirat el el camiÃ³ accidentat. 

https://t.co/rSLWdqoI3v https://t.co/2C7yL5ckDR"
"âš  â›ˆâ›ˆ Davant previsiÃ³ #pluja, si has de circular recorda aquests consells:
â¡ï¸ modera la velocitat 
â¡ï¸ augmenta la distÃ ncia de seguretat entre vehicles
La #pluja augmenta el risc d'accident per la presÃ¨ncia d'aigua a l'asfalt i per la reducciÃ³ de la visibilitat 
#prudÃ¨ncia https://t.co/uf0C29O8mQ"
â„¹ğŸš™ğŸš›ğŸ TrÃ nsit dens a la B-20 entre Esplugues de Llobregat i Vall d'Hebron en direcciÃ³ al Nus de la Trinitat @transitb20 https://t.co/JbYfqJT5RW
"â„¹âš  Arran d'un #accident a la C-58, el carril #busVAOEco s'ha obert a tots els vehicles, independentment del nombre d'ocupants, a Montcada i Reixac en sentit Barcelona. Excepte camions de mÃ©s de 3,5tones @transitc58 https://t.co/9YjnMP2Szm"
Ets de tocar el clÃ xon o fer llums al vehicle del davant a la mÃ­nima? Tingues paciÃ¨ncia i utilitza aquests dos elements correctament #NoÃ‰sPerLaMulta https://t.co/vVfPlQoWaA
âœ… CirculaciÃ³ restablerta a la T-240 a LlorenÃ§ del PenedÃ¨s en el punt de l'accident https://t.co/w2NObHJsjQ
"Fins el lloc #bomberscat hem desplaÃ§at 2 dotacions que hem fet tasques d'excarceraciÃ³, per alliberar dues persones atrapades, i hem desconnectat bateries dels vehicles implicats https://t.co/cWGDUfRcgQ"
âœ… CirculaciÃ³ normalitzada a la C-17 a la Llagosta en direcciÃ³ Barcelona @transitc17 https://t.co/IAlr2IiwtR
âœ… Ja s'ha obert el carril de l'A-2 que estava tallat a Sant VicenÃ§ dels Horts en direcciÃ³ Barcelona per #obres @transita2 https://t.co/gZB3d2z7nB
"ğŸ“La distÃ ncia de seguretat amb el vehicle del davant depÃ¨n de la #velocitat. #Sabiesque a 120km/h es recorre la distÃ ncia equivalent a un camp de futbol abans d'aturar un vehicle? Respecta els lÃ­mits de velocitat
#Entretotsfemseguretat
#conducciÃ³segura https://t.co/WM1E7x7Vth"
ğŸš§ Unes #obres a territori francÃ¨s provoquen el tall d'un carril a l'AP-7 a la Jonquera â¡ FranÃ§a. Hi ha congestiÃ³ del trÃ nsit en un tram d'1km @transitap7 https://t.co/916cUUoRu6
âš ğŸš§ Un tram en #obres talla un carril del'A-2 a Sant VicenÃ§ dels Hortsâ¡Barcelona @transita2 https://t.co/yNQAFQUUPl
"âœ… Reoberta la C-1415 a Castellar del VallÃ¨s, estava tallada en ambdÃ³s sentits a causa d'un #accident https://t.co/j9jKOovovy"
âš  Tallada la T-750 a Perafort #TarragonÃ¨s en ambdÃ³s sentits per l'#accident d'un camiÃ³ que ha bolcat https://t.co/84MAcI0FFU
âœ… Obert el carril de l'AP-7 tallat a BarberÃ  del VallÃ¨sâ¡Martorell. CirculaciÃ³ normalitzada @transitap7 https://t.co/ER3zQAhSvg
âš  A l'AP-7 hi ha un carril tallat a BarberÃ  del VallÃ¨s en sentit sudâ¡Martorell a causa d'un #accident #PrecauciÃ³! @transitap7 https://t.co/3anGPuZG1s
â›” EstÃ  tallada la T-240 a LlorenÃ§ del PenedÃ¨s per un #accident https://t.co/jPZVxzOahR
Prealerta #VENCAT per fortes ventades que poden superar els 72 km/h des de demÃ  al matÃ­ fins divendres amb vent de gregal al litoral. Molta precauciÃ³! https://t.co/H9N78ZiyiS
Hi ha 1 carril tallat a la C-17 a La Llagosta â¡ BCN per un #accident #retencions en un tram de 3 km https://t.co/nPzFIz1gTf
âš ğŸš§ Un accident a la C-1415a a Castellar del VallÃ¨s talla la via en els dos sentits de la marxa. https://t.co/2CSCufIh6C
â„¹ Com es poden gestionar les emocions en la conducciÃ³? En aquest text del nostre blog et proposem algunes respostes: https://t.co/W5RfqAUZDT https://t.co/IxurEmSqBi
âœ… SituaciÃ³ normalitzada en aquest tram de l'AP-7 https://t.co/px7ZXAeTDq
"âš ğŸš§ En el punt de l'accident hi ha un carril tallat, i ara ja hi ha 5km de retencions. https://t.co/t7D4RcXju7"
âš  Un accident a l'AP-7 a CastellvÃ­ de Rosanes provoca 2km de retencions en sentit nord. https://t.co/zrqmpBvZed
âœ… CirculaciÃ³ normalitzada en aquest punt @transita2 https://t.co/GScc5z53su
"â„¹ Ja s'han obert tots els carrils, perÃ² encara hi ha ğŸ”´ #aturades a la Ronda de Dalt, de Valldaura a CornellÃ  â¡ Llobregat @transitb20 https://t.co/W479Rf0TsD"
"â„¹ Ara ja tots els carrils oberts; el #trÃ nsit millora a Canovelles, perÃ² hi ha ğŸ”´ #retencions entre Granollers i Parets â¡ BCN @transitc17 https://t.co/o2aDAwLnLk"
ğŸ”´ 4-5 km #retencions a la C-31 de Viladecans al Prat de Llobregat â¡ BCN per un #accident que talla un carril @transitc31sud https://t.co/NBzVqeF6lO
âš  2 carrils tallats a la C-32 a CornellÃ  â¡ Castelldefels per #accident ğŸ”´ #cues a la Ronda de Dalt des de Via JÃºlia @transitb20 https://t.co/mZW2VpCPPz
ğŸ”´ 2 km #retencions a la C-17 a Tagamanent â¡ BCN per #accident #precauciÃ³ @transitc17 https://t.co/Y6PXDkryFS
ğŸ”´ 3 km #retencions a la C-17 a Canovelles â¡ BCN per un #accident que talla un carril @transitc17
âš ğŸš§ Un accident a l'A-2 talla la sortida de Jorba en sentit Lleida. Molta prudÃ¨ncia! https://t.co/fziEo40lXG
"ğŸ‘‰A partir d'ara informa't de les afectacions viÃ ries actualitzades a travÃ¨s del nostre web:
https://t.co/uZFoqxRnXQ https://t.co/jTzp6vgUuo"
â„¹ Obert el carril de la B-20 tallat per un vehicle #avariat a Vall d'Hebronâ¡Llobregat. Encara consta retenciÃ³ en un tram de 2km @transitb20 https://t.co/7uPcSwMl0r
"âš  Un vehicle #avariat provoca el tall d'un carril a la B-20, a l'altura de Vall d'Hebron, en direcciÃ³ al Nus del Llobregat @transitb20 https://t.co/30DK9jP1C0"
"Millora la circulaciÃ³ a la xarxa viÃ ria, a hores d'ara resta algun tram de retencions en les rondes #Barcelona i retencions a l'AP-7 a la Jonqueraâ¡FranÃ§a @transitap7 ğŸ‘‰MÃ©s detall: https://t.co/uZFoqxRnXQ https://t.co/Wega8rznVL"
"ğŸ‘† A la carretera: 
ğŸš•ğŸš•ğŸš™ Respecta la distÃ ncia de seguretat entre vehicles.
âŒğŸ“± No utilitzis el mÃ²bil mentre condueixes.
âš  I respecta els lÃ­mits de velocitat! 
#Entretotsfemseguretat
#ConducciÃ³segura https://t.co/FJBeN1A9Mf"
Denunciem un camioner a Calldetenes per octuplicar la taxa d'alcohol permesa. TambÃ© denunciem un altre conductor a Vilanova del CamÃ­ per quintuplicar la taxa i accidentar-se https://t.co/UbaLat3ffJ
âœ… CirculaciÃ³ normalitzada a la C-63 a Vidreres https://t.co/Pea62d8eFF
"ğŸš•ğŸš™ğŸš› TrÃ nsit dens i tambÃ© cues en algunes de les vies principals de l'Ã rea metropolitana i rondes: A-2, B-23, C-58, C-17, B-30 i B-10. Podeu consultar aquestes i d'altres afectacions a https://t.co/uZFoqxRnXQ https://t.co/joi6iZqxdN"
"â—ï¸ğŸ› El risc d'accident i de patir conseqÃ¼Ã¨ncies greus augmenta amb l'increment de #velocitat
#Sabiesque un xoc a 160 km/h equival a una caiguda des de 101 metres?
ğŸ‘†Respecta els lÃ­mits de #velocitat!
#Entretotsfemseguretat
#ConducciÃ³Segura https://t.co/yfviaHINzd"
"ğŸ”´ Per obres a territori francÃ¨s, hi ha #retencions a l'AP-7 a la Jonquera â¡ FranÃ§a @transitap7 https://t.co/sHAl8WWlik"
"âš  #precauciÃ³ a la carretera. Amb #pluja, redueix la velocitat i augmenta la distÃ ncia de seguretat! https://t.co/RylOb8HxbI"
ğŸ”´ Hi ha 1 carril tallat a la C-17 a Parets del VallÃ¨s â¡ BCN per un #accident #retencions en un tram de 4 km @transitc17 https://t.co/2vEIT1HP1i
[NOTA] El conductor dâ€™un turisme ha mort en un encalÃ§ amb un autocar aquest matÃ­ a la C-32 a MatarÃ³ (Maresme) https://t.co/6cwokZAYRz Volem traslladar el nostre condol a familiars i amics en aquests moments tant dolorosos
â„¹ Ara en el punt de l'accident de la C-63 a Vidreres es dona pas alternatiu i hi ha retencions en els dos sentits. https://t.co/UUMgBeoXXd
ğŸš•ğŸš™ğŸš› A la C-17 hi ha 3km de retencions entre LliÃ§Ã  de Vall i Parets en sentit Barcelona. https://t.co/UDJ8glMX19
"Recorda! Deixa 1,5 m de distÃ ncia de seguretat si avances una bicicleta. TambÃ© pots envair parcialment el sentit contrari si no hi ha cap perill #BiciSegura https://t.co/unRScJycqq"
Circulava a 214 km/h per lâ€™AP-7 a Sant JuliÃ  de Ramis. Denunciat penalment com a presumpte autor dâ€™un delicte contra la seguretat del trÃ nsit. A la carretera no te la juguis #NoÃ‰sPerLaMulta https://t.co/FEGEd3fCFE
"@IreneBarreiro1 @ajvidreres @NovaRadioLloret Bon dia, s'ha produÃ¯t un accident a l'altura de Vidreres a la C-63. La carretera ja estÃ  oberta, perÃ² queden retencions en els dos sentits de la marxa. GrÃ cies per escriure'ns"
"ğŸš•ğŸš™ğŸš› La via ja Ã©s oberta al trÃ nsit, perÃ² encara hi ha retencions en el punt de l'accident en els dos sentits. https://t.co/pC6sJ2BiCU"
"ğŸš•ğŸš™ğŸš› Tots els carrils oberts, perÃ² encara hi ha 6km de retencions en aquest tram de l'A-2 entre CornellÃ  i Sant Feliu en sentit Lleida. https://t.co/6AJ5mhUR5z"
âš ğŸš§ Un accident a la C-63 a Vidreres talla la via en els dos sentits. Es fan desviaments senyalitzats. PrudÃ¨ncia! https://t.co/kiHkIel41c
âš ğŸš§ Un accident a l'A-2 a Sant Feliu talla dos carrils en sentit Lleida i provoca 5km de retencions des de CornellÃ . https://t.co/TSf0gOJ218
âœ… CirculaciÃ³ normalitzada en aquest punt de la B-23 @transitb23 https://t.co/x8CdvwVYAv
âš  Un carril tallat a la B-23 a Molins de Rei â¡ BCN per un camiÃ³ avariat #precauciÃ³ @transitb23
âœ… Oberta l'N-II en aquest punt de Girona. SituaciÃ³ normalitzada. https://t.co/qSMy0pUQU0
âœ… SituaciÃ³ normalitzada en aquest punt de la C-32 @transitc32nord https://t.co/vgOpmXdh0B
âœ… SituaciÃ³ normalitzada en aquest punt de la C-17 @transitc17 https://t.co/EQUNfvOROl
ğŸ“„ El Servei CatalÃ  de TrÃ nsit informa que el conductor dâ€™un turisme va morir ahir en un xoc frontal a lâ€™N-II a CelrÃ  (GironÃ¨s) https://t.co/z5wJFiyvnL Transmetem el condol mÃ©s sincer a la seva famÃ­lia i amics
âš ğŸš§ Unes obres a la C-17 a la Garriga tallen un carril en sentit nord i provoquen 2km de retencions. https://t.co/h8maEeEX74
âš ğŸš§ Tallada puntualment l'N-II a Girona. Desviaments per la C-66 i l'N-IIa https://t.co/HYqr2IRpsK
âš ğŸš§ En aquest punt de la C-32 hi ha dos carrils tallats en sentit nord i la retenciÃ³ supera els 2km. https://t.co/BCuFhSK1yb
âš  Un carril tallat a la C-32 a MatarÃ³ â¡ GIR per un #acccident @transitc32nord 1-2 km #retencions https://t.co/gt78wAHJ7k
"ğŸš•ğŸğŸš— A-2 molt plena en sentit Barcelona, amb retencions d'11km des de Sant Andreu de la Barca fins a Sant Joan DespÃ­."
"âœ… Restablerta la circulaciÃ³ finalment a la carretera LV-3341 a Barbens. En aquests moments, ja no queden carreteres amb restriccions pels aiguats d'ahir https://t.co/pZCuwMQIAe"
âš ğŸš§ Un accident a l'A-2 a Martorell talla un carril en sentit Lleida i provoca retencions de 2km. https://t.co/WwTDomiQfv
"â„¹ Pel que fa a les inundacions d'ahir, nomÃ©s resta tallada una carretera a la xarxa viÃ ria catalana:

âš« LV-3341 a Barbens

Segueix les afectacions viÃ ries al minut al web ğŸ‘‰ https://t.co/uZFoqxRnXQ #mobilitat https://t.co/RZ1KnXDMjO"
ğŸš—ğŸš›ğŸš™ La C-60 presenta retencions de 8km entre Argentona i la Roca en sentit Granollers. https://t.co/hEf7ewIWd8
â„¹ Aturades importants i habituals a tota la xarxa viÃ ria que envolta Barcelona. https://t.co/ptognIRxgO
â„¹ A partir d'ara pots mantenir-te informa't de l'estat de la xarxa viÃ ria a travÃ©s del nostre web ğŸ‘‰https://t.co/uZFoqxRnXQ https://t.co/9lvHugyecP
"â„¹ğŸŒ§ Ara sÃ³n 3 les carreteres que es mantenen amb afectacions per les #pluges, 2 d'elles tallades #ProteccioCivil Alerta #INUNCAT:
â›”N-141F les Oluges  
â›”LV-3341 Barbens 
â†”GI-541 St Hilari Sacalm
ğŸ‘‰https://t.co/uZFoqxRnXQ https://t.co/EmypLuM62u"
"â„¹ğŸŒ§ Per les #pluges es mantenen encara afectacions a 5 carreteres, 3 d'elles tallades #ProtecciCivil Alerta #INUNCAT: 
â›”N-141F les Oluges  
â›”LV-3341 Barbens 
â›”TV-2005 AiguamÃºrcia
â†”GI-541 St Hilari Sacalm
ğŸ”´BV-5122 Fogars de la Selvaâ¡Tordera, carril tallat https://t.co/we0Zm2YH9q"
â„¹âš  CirculaciÃ³ lenta a l'N-II a Sant JuliÃ  de Ramis en sentit sud per neteja de la via per l'#accident @transitn2 https://t.co/KesSgVicbc
"âœ… CirculaciÃ³ restablerta a la GI-600 a Blanes, tallada en ambdÃ³s sentits per #accident https://t.co/O4GvW73ShR"
â„¹âš  A l'N-II a Sant JuliÃ  de Ramis es fan desviaments per l'N-IIa @transitn2 https://t.co/EsIRsrpxj1
âœ… Ja s'ha obert el carril tallat per un #accident a la B-10 a l'altura de Ciutat Vella en direcciÃ³ sud @transitb10 https://t.co/mPlJXRS4Ad
âš  Un #accident talla un carril a la Ronda Litoral (B-10) i provoca aturades en un tram de 5km â¡ sud @transitb10
â„¹ğŸš™ğŸš—ğŸš›ğŸRetencions habituals en algunes vies de l'Ã rea metropolitana #BCN i #Rondes. Podeu consultar informaciÃ³ detallada a: https://t.co/uZFoqxRnXQ https://t.co/bervohY0dY
âš â›”Tallada tambÃ© per #accident l'N-II a Sant JuliÃ  de Ramis #GironÃ¨s â¡sud @transitn2 https://t.co/UNoHqWtAkK
âš â›”Tallada en ambdÃ³s sentits la GI-600 a Blanes #Selva en un tram de mig quilÃ²metre a causa d'un #accident #PrecauciÃ³! https://t.co/9NfMIiW5XF
"Avui, jornada de formaciÃ³ de la #REMSud en accidents de trÃ nsit i vÃ­ctimes politraumÃ tiques al parc de Vilanova i la GeltrÃº. AdreÃ§ada a #bomberscat i @semgencat amb la presÃ¨ncia de tÃ¨cnics especialistes operadors de control #TEOC, com a observadors https://t.co/xwbFmiJADP"
"El telÃ¨fon @112 ha rebut 1.709 trucades per 1.240 incidÃ¨ncies relacionades amb el temporal (des d'ahir al matÃ­ fins a les 18h d'avui). La majoria per inundacions de baixos, caiguda d'arbres i obstacles a la via. 
Alerta #INUNCAT #ProteccioCivil https://t.co/3hD9L6tTio"
"El @meteocat ha donat per finalitzat l'episodi de fort onatge. Continua plovent intensament en algunes zones i els cabals dels rius es mantenen elevats. Cal prudÃ¨ncia a l'entorn de rius i rieres, punts baixos i no creuar zones inundables. 
Alerta #INUNCAT #ProteccioCivil https://t.co/ld3lCix4f3"
"@transit vol sumar-se a les mostres de condol i suport a les vÃ­ctimes, familiars i afectats per les inundacions a #Aude #Carcassone 
Per a mÃ©s informaciÃ³, seguiu comptes oficials @Prefet11"
âš  Hi ha un carril tallat a l'AP-7 a BarberÃ  del VallÃ¨sâ¡Girona per #avaria @transitap7 https://t.co/2oq2UZbjMw
"Es molt important que facis cas de la senyalitzaciÃ³, estÃ  posada per a la teva #seguretat. Sigues prudent.
Alerta #INUNCAT #ProteccioCivil https://t.co/21Lya5WztE"
âš A l'AP-7 a Vilafranca del PenedÃ¨s hi ha 2 carrils tallats â¡ Tarragona per #accident #PrecauciÃ³! @transitap7 https://t.co/RK1timtGnm
"â„¹ğŸŒ§ Afectacions #pluges es mantenen a 7 carreteres #ProtecciCivil Alerta #INUNCAT: 
â›”N-141F les Oluges  
â›”LV-3341 Barbens 
â›”TV-2005 AiguamÃºrcia
â›”GIV-5264 Vilallonga de Ter
â†”N-240 Lleida km 98,50
â†”GI-541 St Hilari Sacalm
ğŸ”´BV-5122 Fogars de la Selvaâ¡Tordera, carril tallat https://t.co/BdGqat65ng"
âœ… Normalitzada la circulaciÃ³ a la C-58 a Vacarissesâ¡Barcelona a on hi havia vehicle #avariat i a Viladecavallsâ¡ nord a on estava tallat l'enllaÃ§ del lateral amb la B-40 @transitc58 https://t.co/UNm8xtFAgO
âš ğŸš›ğŸš—ğŸš™ CirculaciÃ³ intensa en aquests moments a la C-58 a Vacarisses #VallÃ¨sOccidental per un vehicle #avariat â¡ Barcelona @transitc58 https://t.co/iaErYrn8Tf
â„¹âš  Compte! a la C-32 a Santa Susanna #Maresme se circula amb lentitud en ambdÃ³s sentits de la marxa. A causa de la #pluja la visibilitat Ã©s reduÃ¯da @transitc32nord https://t.co/k6siaVptyd
"âœ…Ja s'ha obert, a la C-17, el carril tallat per l'#avaria d'un vehicle en aquest puntâ¡Barcelona @transitc17 https://t.co/TvlTuECadn"
âœ… CirculaciÃ³ normalitzada a l'A-2 al Bruc a on hi havia un carril tallat â¡ Lleida per l'#avaria d'un vehicle @transita2 https://t.co/lxXbfaVYzY
âš  Un vehicle #avariat talla un carril de l'A-2 al Bruc en direcciÃ³ Lleida @transita2 https://t.co/vchUshkZUH
âœ… SituaciÃ³ normalitzada en aquest tram de l'A-2. https://t.co/5KTLJ0jicc
âš ğŸš§ Un avariat a la C-17 @transitc17 a Parets del VallÃ¨s talla un carril en sentit Barcelona i provoca retencions des de LliÃ§Ã  de Vall. https://t.co/yiDEpTByIj
âš ğŸš§â› Unes obres a l'A-2 a Martorell tallen un carril en sentit LLeida i provoquen 3km de retencions. https://t.co/iLp3EcQ3K4
"ğŸš—ğŸš•ğŸš™ Tornem a tenir retencions em aquest tram de la C-17 a l'Ametlla del VallÃ¨s, ara en els dos sentits, perÃ² sobretot en sentit Vic. https://t.co/Z7NG5pcnlQ"
"â„¹ A hores d'ara, resten 10 carreteres amb #restriccions per les #pluges, 5 d'elles tallades: 

âš« GIV-6226 a GarrigÃ s
âš« GIV-5264 a Vilallonga de Ter
âš« TV-2005 a AiguamÃºrcia
âš« LV-3341 a Barbens
âš« N-141F a les Oluges

Consulta totes les afectacions ğŸ‘‡
https://t.co/uZFoqxRnXQ https://t.co/50B5ooEOYb"
"ğŸš—ğŸš•ğŸš™ Tots els carrils oberts al trÃ nsit, perÃ² encara queden 5km de retencions en aquest tram de la Ronda Litoral. https://t.co/ZI4LXgR1qM"
âš ğŸš§ Un accident a la Ronda Litoral a l'altura del FÃ²rum talla dos carrils en sentit BesÃ²s i provoca 3km de retencions.
âœ… Ara ja no hi ha retencions en aquest punt de la xarxa viÃ ria. https://t.co/Lc9akdejob
âœ… SituaciÃ³ normalitzada en aquest punt de l'N-230. https://t.co/OXdGzbwfgV
@VySe87 Bon dia. GrÃ cies per l'avÃ­s.
"âš  A hores d'ara, 12 carreteres amb restriccions per les pluges, 7 d'elles tallades:

âš« GI-544 a Espinelves
âš« GI-552 a ArbÃºcies
âš« GIV-5264 a Vilallonga de Ter
âš« TV-2005 a AiguamÃºrcia
âš« LV-3341 a Barbens
âš« N-141F a les Oluges
âš« GIV-6226 GarrigÃ s

ğŸ‘‡
https://t.co/uZFoqxRnXQ https://t.co/wDY5qodd8w"
"âš ğŸš§ Per unes feines al voral de la via, a la C-17 a l'altura de l'Ametlla del VallÃ¨s hi ha un carril tallat en sentit nord i retencions d'entre 1 i 2 quilÃ²metres. En moments puntuals es talla la via. https://t.co/bqtLjAYj8h"
"â„¹ Ara ja tots els carrils oberts, tot i que encara hi ha #trÃ nsit lent amb aturades intermitents de FÃ²rum a Bon Pastor â¡ BesÃ²s @transitb10 https://t.co/C9xDubAMVj"
â„¹ Ara es dona pas alternatiu en aquest punt de l'N-230 https://t.co/08XiTtte2J
ğŸ”´ Retencions a la Ronda Litoral del FÃ²rum al Nus Trinitat â¡ BesÃ²s per un #accident 2 carrils tallats @transitb10 https://t.co/hUUcV4lLap
âš  Un carril tallat a la C-16 a Castellbell i el Vilar â¡ Manresa per un camiÃ³ avariat @transitc16
"@ignasibonjoch Bon dia, grÃ cies per l'avÃ­s!"
"âš  A hores d'ara, 8 carreteres amb restriccions de #trÃ nsit per les #pluges a BCN, GIR i Lleida, 3 d'elles tallades:
âš« GI-544 Espinelves
âš« GI-552 a ArbÃºcies
âš« B-432 a OristÃ 
âš  Pas alternatiu N-240 Lleida
Consulta totes les afectacions ğŸ‘‡
https://t.co/uZFoqxRnXQ https://t.co/E6rRVPy1k8"
ğŸ“„ El Servei CatalÃ  de TrÃ nsit informa que un vianant va morir ahir en un atropellament a la C-35 a Santa Maria de Palautordera (VallÃ¨s Oriental) https://t.co/WAZcW8HePv Enviem el nostre condol mÃ©s sincer per aquesta trista pÃ¨rdua a la seva famÃ­lia i amics
âš ğŸš§ Un accident a l'N-230 al Pont de Suert talla la via en els dos sentits. https://t.co/DgH9Kc9L0J
"âœ… C-37 oberta al trÃ nsit, queden les aturades residuals que han d'anar desapareixent. https://t.co/pwyGvjDEZi"
"ğŸš•ğŸš™ğŸš— Tots els carrils oberts en aquest punt de l'A-2, perÃ² encara queden retencions de 2km a Sant Andreu de la Barca en sentit Barcelona. https://t.co/wzRJ9kKZ03"
âœ… SituaciÃ³ normalitzada en aquest punt de l'A-2 https://t.co/lk6rtQ95tl
âš ğŸš§ Un accident a la C-60 a Argentona talla un carril en sentit MatarÃ³ i provoca retencions de 4km.
"@mireiacamp Bon dia. SÃ­, la C-60 va tota plena fins a enllaÃ§ AP-7."
"âš  Si heu de sortir a la carretera, recordeu:
ğŸ‘‰ Planifiqueu els desplaÃ§aments amb temps
ğŸ‘‰ Seguiu l'evoluciÃ³ del #trÃ nsit a https://t.co/uZFoqxRnXQ
ğŸ‘‰ Circuleu amb la mÃ xima atenciÃ³ i prudÃ¨ncia per #pluja i #vent 
ğŸ‘‰ Eviteu les lleres de rius i rieres per les crescudes sobtades https://t.co/9uCap0hQ3j"
âš ğŸš§ Tallada la C-37 a la Vall d'en Bas a causa d'un vehicle avariat. Molta atenciÃ³! https://t.co/vcj3J2UWrH
"âš  A hores d'ara, 12 trams afectats per #pluges a BCN i GIR, 7 d'ells tallats:
âš« N-260 Ribes de Freser
âš« C-35 Massanes
âš« C-38 Camprodon
âš« GI-544 Espinelves
âš« GIV-5441 Espinelves
âš« GI-552 a ArbÃºcies
âš« B-432 a OristÃ 

Consulta totes les afectacions ğŸ‘‡
https://t.co/uZFoqxRnXQ https://t.co/EA9djkw3Le"
âš ğŸš§ Un accident a l'A-2 a Sant Andreu de la Barca talla un carril en sentit Barcelona i provoca una cua de 5km des de Martorell. https://t.co/nBGPuUdEyd
"ğŸš—ğŸš›ğŸš™ AtenciÃ³ a la C-60, que presenta retencions de mÃ©s de 9km en gairebÃ© tot el seu tram, des d'Argentona fins a la Roca del VallÃ¨s en sentit Granollers."
"âš ğŸš§ Accident a la C-17 a la Llagosta, talla carril en sentit Barcelona i provoca retencions de 2km. PrudÃ¨ncia!"
âš ğŸš§ Un accident a l'A-2 a Abrera talla un carril en sentit Barcelona i provoca aturades de 3km. https://t.co/ym4BioMNAL
"â„¹ Tots els carrils oberts al trÃ nsit, perÃ² encara hi ha retencions de 10km entre el Nus de la Trinitat i SarriÃ  en sentit Llobregat, afectant la Pota Nord amb cua de 3km. https://t.co/aJAS1XgZy4"
"âš  A hores d'ara, 14 trams afectats per #pluges a BCN i GIR, 8 d'ells tallats:
âš« N-260 Ribes de Freser
âš« C-35 Massanes
âš« C-38 Camprodon
âš« GI-544 Espinelves
âš« GIV-5441 Espinelves
âš« BP-1432 la Garriga
âš« GI-552 a ArbÃºcies
âš« B-432 a OristÃ 

ğŸ‘‡
https://t.co/uZFoqxRnXQ https://t.co/yEXbOQbLLS"
"âš ğŸš§ Un accident a la Ronda de Dalt a Pedralbes talla un carril en sentit Llobregat i provoca aturades de 12km des del Nus de la Trinitat, afectant la Pota Nord. https://t.co/ZSJrWD13xM"
"â„¹ A l'extrem nord de Barcelona, tenim la C-31 amb aturades de 4km a Badalona, la Pota Nord amb cua des del Pont de santa Coloma, la C-58 amb retencions de 7km entre BarberÃ  i Barcelona en els dos sentits o la C-17 amb 6km entre Granollers i Parets. https://t.co/hTzCxJ3Mme"
"â„¹ Retencions importants a les principals vies que entren pel sud de BCN. C-31 amb aturades de 7km, entre Viladecans i el Prat, C-32 amb 10km entre GavÃ  i les Rondes, B-23 amb 11km entre Molins de Rei i Diagonal, A-2 amb 10km entre Martorell i PallejÃ . https://t.co/3PU4FpqTVg"
"â„¹ Des de les 07:00 del matÃ­, el comitÃ¨ tÃ¨cnic estÃ  reunit per avaluar i valorar les incidÃ¨ncies per les pluges de les darreres hores. https://t.co/InfV57PeMd"
Nota: BalanÃ§ de les incidÃ¨ncies viÃ ries mÃ©s destacades de l'11 al 14 d'octubreâ–¶https://t.co/x9draZvRfT https://t.co/rR7yDu6z5o
"â„¹Encara es mantenen algunes vies amb trams de retencions com la C-16, AP-7, i A-2. Tota la informaciÃ³ viÃ ria actualitzada la pots consultar en aquest enllaÃ§: https://t.co/uZFoqxRnXQ
âš â›ˆğŸ’¨PrudÃ¨ncia amb el vent fort i les pluges a la carretera https://t.co/o2k05wbpCw"
Estem treballant per contenir la fuita d'oli de soja d'un dels dipÃ²sits d'un camiÃ³ cisterna que ha bolcat a la Vall d'en Bas (enllaÃ§ de la C-37 amb la C-152). L'empresa ja ha gestionat una altra cisterna per fer el transvasament. https://t.co/NSo5lA2Yl5
"Es demana prudÃ¨ncia a la ciutadania davant l'episodi de pluges intenses, ventades i fort onatge que fins demÃ  al matÃ­ creuarÃ  Catalunya. #ProteccioCivil
(Nota de premsa) ğŸ‘‡

https://t.co/0JgTltFSGs https://t.co/nTeMjUdJs5"
"â„¹Encara hi ha aturades de retorn en aquesta punts:
ğŸ”´C-16: 8 km a Cercs
ğŸ”´C-14: 5 km a OrganyÃ   
ğŸ”´A-2: 7 km al Bruc i 6 km a TÃ rrega
ğŸ”´AP-7: 9 km a Vilafranca del PenedÃ¨s
ğŸ‘†â›ˆSi circules amb pluja recorda aquests consells: https://t.co/pqfQJPVDPE"
â„¹L'N-340 es troba tallada a Subirats a causa d'un accident https://t.co/tv5IQCYe3Q
"Aquestes sÃ³n les comarques afectades pels diversos avisos meteorolÃ²gics (estat de la mar, intensitat de pluja, acumulaciÃ³ de pluja i vent) d'avui diumenge i demÃ  dilluns. 
#meteocat https://t.co/P6xeYPhSeD"
"El temporal de pluges intenses anirÃ  acompanyat de ratxes de vent superiors a 90 km/h i fort onatge.
Mira el vÃ­deo i sabrÃ s com protegir-te davant les fortes ventades. 
Alerta #VENTCAT #ProteccioCivil ğŸ‘‡ https://t.co/EcabfiElS9"
"""Les restes de #Leslie junt amb un front atlÃ ntic entren pel sud-oest i escombraran Catalunya en direcciÃ³ nord-est. Cal seguir l'estat de la meteorologia abans de sortir a la carretera"". Conseller @MiquelBuch"
"Conseller @MiquelBuch demana ""prudÃ¨ncia pel fenÃ²men de pluja intensa acompanyada de vent i fort onatge"". ""Estem en alerta i amatents de vies de transport i cabals de rius i rieres"". #ProteccioCivil https://t.co/imfuxW8p0Y"
"Directora Isabel Ferrer d' @emergenciescat demana prudÃ¨ncia i ""evitar situacions de risc davant forts vents, pluges que poden deixar mÃ©s de 100 l/m2 i onades de mÃ©s de 4 metres"". #ProteccioCivil https://t.co/dF6oVk96Jc"
"â„¹Es mantenen trams de lentitud i aturades a la C-16 entre BagÃ  i Berga i a la C-14 de la Seu d'Urgell a OrganyÃ  en sentit sud
#PreccuciÃ³! https://t.co/daXTibtxbw"
"Si condueixes amb pluja, extrema la precauciÃ³ al volant i segueix aquests consells @transit @emergenciescat #INUNCAT #VENTCAT #ProteccioCivil ğŸ‘‡ https://t.co/gj387u3l8Z"
"âš Un accident a la C-16 a Balsareny talla 1 carril en sentit sud i causa aturades de 5 km #PrudÃ¨ncia
@transitc16"
"Reoberts tots els carrils perÃ² encara hi ha cues de 0,5 km en sentit sud https://t.co/oBXrZoqFn7"
@ariadnaarbos @meteocat Donem avÃ­s a @mossos d'aquesta incidÃ¨ncia. GrÃ cies per la teva colÂ·laboraciÃ³!
"ğŸ”´ A l'AP-7 a Amposta nomÃ©s hi ha 1 carril obert en sentit sud arran d'un accident. Compte! Hi ha cues de 0,5 km
@transitap7 https://t.co/MDWruDmgeH"
L'SMC informa que el 14/10/2018 16:28 s'ha publicat un AvÃ­s per Intensitat de pluja https://t.co/YAKP17l79z #meteocat
ComenÃ§a comitÃ¨ tÃ¨cnic #INUNCAT i #VENTCAT presidit per conseller @MiquelBuch i directora #ProteccioCivil Isabel Ferrer @MtnezdeBrea amb @meteocat @aigua_cat @transit @bomberscat @mossos @semgencat @112 @agentsruralscat @territoricat @BCN_Bombers @FGC @Adif_es @Renfe @Endesa https://t.co/YpW0xDPsga
"â„¹ğŸš™ğŸš•ğŸš— Complicat el trÃ nsit en aquesta tarda d'#operaciÃ³retorn a la C-16, C-17, C-14, N-260, C-55, A-2, AP-7 i N-340. Tota la informaciÃ³ detallada la pots consultar en aquest enllaÃ§â–¶https://t.co/uZFoqxRnXQ
#PrudÃ¨ncia a la carretera! https://t.co/ZfQ4kx52mV"
â„¹ A l'AP-7 a CastellvÃ­ de Rosanes hi ha uns 9 km de cues en direcciÃ³ Barcelona https://t.co/11K0Q68hlg
"âš  A la T-301 a Tivenys se circula amb pas alternatiu a causa d'esllavissades
#PrecauciÃ³! https://t.co/EhgFkKI5QU"
"Seguiment Alerta #INUNCAT #ProteccioCivil @meteocat informa superacio llindar d'intensitat de pluja â˜”â˜”a Benissanet 27 l/m2 en 30min, Ulldecona 22l/m2 30min. i Aldover 10 l/m2 10minuts.
AtenciÃ³ ğŸ‘‡si heu de conduir amb pluja. https://t.co/HlxRYuDlvL"
â„¹A l'A-2 hi ha aturades de 6 km a TÃ rrega i de 5 km a Cervera en direcciÃ³ Barcelona https://t.co/9MNuP82amV
EstÃ  posada la Prealerta #FERROCAT #ProteccioCivil per atropellament a estaciÃ³ de Mont-Roig del Camp. Tram de via Ãºnica. CirculaciÃ³ ğŸšˆ @rod16cat tallada.
"ğŸ‘â›ˆâ›ˆMÃ xima prudÃ¨ncia en els desplaÃ§aments d'aquesta tarda!
â¡ï¸ modera la velocitat 
â¡ï¸ augmenta la distÃ ncia de seguretat entre vehicles
#entretotsfemseguretat https://t.co/OMx1eaWa6P"
En la imatge radar de llarg abast s'observen els xÃ fecs que d'aquÃ­ a poques hores afectaran Catalunya; a hores d'ara ja descarreguen a punts del terÃ§ sud. Podeu seguir l'evoluciÃ³ de les precipitacions a https://t.co/LdwjnRdhzr #meteocat https://t.co/FyF6jRP1Os
"En una moto o en un cotxe no s'hi pot portar de tot: has de dur la cÃ rrega ben posada, que no excedeixi el pes permÃ¨s i que hi vegis correctament #NoÃ‰sPerLaMulta https://t.co/TlizCjITP7"
"SituaciÃ³ viÃ ria complicada a aquesta hora en aquests trams en sentit sud:
ğŸ”´C-16: 10 km a Guardiola de BerguedÃ , 6 km a Cercs i 2 km a UrÃºs 
ğŸ”´C-14: 13 km a OrganyÃ   
ğŸ”´C-55: 5 km a CastellgalÃ­
ğŸ”´N-260: 5 km a CampdevÃ nol i 4 km a Ribes de Freser https://t.co/36u0gATe1P"
Davant qualsevol emergÃ¨ncia recorda que pots trucar al @112 i t'adreÃ§aren el servei que s'ajusti a les teves necessitats @mossos @bombers @semgencat #PoliciaLocal @emergenciescat https://t.co/nT1p95QFbA
"â„¹â„¹ğŸš™ğŸš•ğŸš—Retencions mÃ©s destacades a aquesta hora:
ğŸ”´ C-14: 16 km a OrganyÃ  en sentit sud
ğŸ”´C-16: 10 km a Guardiola de BerguedÃ  en sentit sud
ğŸ”´N-260: 9 km a CampdevÃ nol en direcciÃ³ Ripoll
ğŸ‘†Tota la informaciÃ³ viÃ ria actualitzada la tens aquÃ­:https://t.co/uZFoqxRnXQ https://t.co/VorggOX5Uu"
Seguiu tots els avisos des de @gencat https://t.co/yYFRFOL3Pt https://t.co/s11DE0z2Qd
"ATENCIÃ“N:
#ProteccioCivil Gencat recomienda adelantar el regreso a casa este #findesemana antes del final de la tarde para evitar coincidir con el momento de lluvias intensas y tormentas, que afectarÃ¡n el litoral y prelitoral.
Alerta #INUNCAT #ProteccioCivil https://t.co/sXjHGU4NWI"
"Mira el vÃ­deo i sabrÃ s com protegir-te si hi ha aoguats i inundacions.
Alerta #INUNCAT #ProteccioCivil https://t.co/JTfemgFIz5"
"â„¹ğŸš™ğŸš•ğŸš—Comencen les primeres retencions de l'operaciÃ³ reton a vies com la C-17, C-16, N-260, C-14 i A-2. Tota la informaciÃ³ detallada la tens aquÃ­â–¶https://t.co/uZFoqxRnXQ https://t.co/A5TqCYENCg"
"â„¹Hi ha trÃ nsit intens a la Ronda Litoral (B-10) entre Poble Nou i Prim en direcciÃ³ Nus de la Trinitat per tasques de gravaciÃ³ d'imatges de la via
@transitb10"
âš â›ˆMolta PRECAUCIÃ“ aquesta tarda d'operaciÃ³ retorn a la carretera! https://t.co/NmJ6meO67i
"âš Aconsellem avanÃ§ar el retorn de cap de setmana abans del vespre, quan arribaran les fortes tempestes al litoral i prelitoral!
#INUNCAT https://t.co/h8BnB3akj7"
âš Un accident a la C-17 a Montcada i Reixac talla 1 carril en sentit sud i causa aturades d'1 km https://t.co/6OeviEUlsA
"Aquesta Ã©s la darrera actualitzaciÃ³ dels avisos per avui diumenge i demÃ  dilluns per perill per intensitat de precipitaciÃ³, per acumulaciÃ³ de pluja, per intensitat de vent i per estat de la mar. #meteocat https://t.co/rTdyKKvsid"
"Si ets testimoni dâ€™un accident de @transit ğŸš— truca rÃ pidament al @112 i especifica el lloc i tipus dâ€™accident, el nombre de ferits o vÃ­ctimes, i possibles danys materials https://t.co/kd30PdWBoj"
"âš â›ˆâ›ˆAlerta aquesta tarda a la carreteraâš 
â›ˆDavant la previsiÃ³ de #pluges molt intenses per aquesta tarda, recomanem avanÃ§ar el reton d'aquest cap de setmana llarg per evitar possibles complicacions viÃ ries. 
@emergenciescat 
pla #INUNCAT
#seguretatviÃ ria https://t.co/rqSRB1GpdI"
Alerta #INUNCAT #ProteccioCivil per previsiÃ³ de pluges molt intenses comenÃ§ant avui per meitat sud i estenent-se durant vespre nit i fins demÃ  a tot Catalunya i sobretot cap al nord-est. https://t.co/lprZtBUuzT
"ğŸ›´Les persones menors de 16 anys nomÃ©s poden conduir un patinet, roda o plataforma elÃ¨ctrica en espais tancats al trÃ nsit motoritzat i amb la supervisiÃ³ d'un adult.
https://t.co/m6dVnjkmGL https://t.co/Kqnqha9IbS"
"âš  â›ˆâ›ˆ Si circules amb #pluja recorda que cal:
â¡ï¸ moderar la velocitat 
â¡ï¸ augmentar la distÃ ncia de seguretat entre vehicles
âš â›ˆâ›ˆLa #pluja augmenta el risc d'accident 
#PrecauciÃ³! https://t.co/ft654t6DMm"
L'SMC informa que el 14/10/2018 08:49 s'ha publicat un AvÃ­s per Vent https://t.co/YAKP17l79z #meteocat
"ğŸ“¢ğŸš—ğŸš•ğŸš™ Es preveu que al llarg d'avui diumenge (entre les 12h i les 24h) retornin a l'Ã rea metropolitana  uns 265.000 vehicles en l'operaciÃ³ tornada d'aquest llarg cap de setmana
â„¹Aquestes sÃ³n les vies que poden registrar mÃ©s complicacionsğŸ‘‡ https://t.co/pLPqzr9yH8"
L'SMC informa que el 14/10/2018 08:13 s'ha publicat un AvÃ­s per Intensitat de pluja https://t.co/YAKP17l79z #meteocat
"â„¹ Bon dia! A aquesta hora el trÃ nsit Ã©s en general fluid a la xarxa viÃ ria catalana. 
âš No abaixis la guÃ rdia a la carretera i extrema la prudÃ¨ncia si condueixes amb pluja! https://t.co/1c9VQzJ7Cr"
"â„¹ï¸ L'evoluciÃ³ de les incidÃ¨ncies viÃ ries la pots consultar en aquest enllaÃ§â¡ï¸https://t.co/uZFoqxRnXQ
Extrema la prudÃ¨ncia en els teus desplaÃ§aments!
#Entretotsfemseguretat https://t.co/Ilqz3u7uvB"
"ğŸš•ğŸš™ğŸš—A la B-30 a BarberÃ  del VallÃ¨s hi ha 1 km d'aturades en sentit sud
@transitb30 https://t.co/BUVAfUch5R"
"â„¹La C-58 registra aturades de 2 km a Sant Quirze del VallÃ¨s en sentit sud
@transitc58 https://t.co/I3stqMsRPL"
"â„¹Trobareu cues d'1 km a la C-60 a Argentona per anar cap a MatarÃ³/enllaÃ§ C-32
@transitc60 https://t.co/AujqPeot4K"
"â„¹ A la C-55 hi ha aturades d'uns 4 km a Manresa en sentit sud
@transitc55 https://t.co/OWv9gJkjFD"
Prealerta #INUNCAT #ProteccioCivil per intensitat de pluja â˜” per avui i fins dilluns al migdia. Es pot superar intensitat de 20 l/m2 en 30 minuts a tot Catalunya excepte la Val d'Aran. https://t.co/gHyVQBoOJ5
L'SMC informa que el 13/10/2018 15:33 s'ha publicat un AvÃ­s per Vent https://t.co/YAKP17l79z #meteocat
âœ… Ja s'ha reobert l'N-340 a l'Ametlla de Mar en ambdÃ³s sentits https://t.co/sUAwRbylAh
L'SMC informa que el 13/10/2018 15:16 s'ha publicat un AvÃ­s per Intensitat de pluja https://t.co/YAKP17l79z #meteocat
âœ…TrÃ nsit ja fluid en aquest punt de la xarxa viÃ ria https://t.co/V5cNj3kIch
TrÃ nsit normalitzat en aquest tram de la xarxa viÃ ria https://t.co/fw9pXyjxPx
"âš« Tallada l'N-340 a l'Ametlla de Mar en ambdÃ³s sentits per una manifestaciÃ³
@transitn340 https://t.co/j49GRPVfSc"
âœ…SituaciÃ³ viÃ ria normalitzada  a la C-33 a Montcada i Reixac en sentit sud https://t.co/cCEGfDPOn3
âš Ara nomÃ©s resta tallat 1 carril perÃ² hi ha aturades d' 1 km en sentit sud. Compte! https://t.co/C1cyTCmvMh
"Un conductor se salta un semÃ for en vermell i un altre arrenca abans que estigui en verd, resultat? Un possible accident. Respecta els semÃ fors! #NoÃ‰sPerLaMulta https://t.co/K5sTRJHBd7"
"Cada donaciÃ³ de sang pot ajudar fins a 3 persones que la necessiten. Vols @donarsang i no saps a on? ğŸ‘‡

https://t.co/kWT5h2vvQ9 @112 https://t.co/NE1ZChZ8Qk"
"âš A la C-33 tambÃ© per accident, hi ha 2 carrils tallats en sentit sud  i aturades d'1 km 
âš #PrudÃ¨ncia amb la pluja!
@transitc33 https://t.co/lSfoSdTvcZ"
"âš  A la C-16 a Balsareny hi ha 1 carril tallat en sentit sud arran d'un accident. Aturades de 0, 5 km https://t.co/IzETf5wPBP"
â„¹ Ara hi ha 1 carril tallat en aquest tram i aturades d'1 km. PrudÃ¨ncia! https://t.co/gVgvviZYzK
"âš  â›ˆâ›ˆ Si circules amb #pluja, extrema la precauciÃ³ i segueix aquests consells viaris ğŸ‘‡
https://t.co/VJgtd8MLHK
PrecauciÃ³!"
"ğŸ”´Tallada la C-17 a la Llagosta en direcciÃ³ Granollers per un accident
@transitc17 https://t.co/RfwGZcjBLd"
âœ… Normalitzat el trÃ nsit a la Pota Nord a Santa Coloma de Gramenet en direcciÃ³ Nus de la Trinitat https://t.co/dPd6TU7hmX
"âš  Un accident talla 1 carril de la B-20/Pota Nord a Santa Coloma de Gramenet en direcciÃ³ Nus de la Trinitat i causa cues d'1,5 km
#PrecauciÃ³! https://t.co/RlEte3nboX"
#TrÃ nsitDens CG1-3Km entrada a Sant JuliÃ  sentit nord.
Finalizada la retenciÃ³n de 1 km por afluencia al Centro Comercial en #C32 en tÃºnel de MatarÃ³ -&gt; salida MatarÃ³ Oeste
"âš  â›ˆâ›ˆ Si et sorprÃ¨n la #pluja a la carretera recorda!
â¡ï¸ modera la velocitat 
â¡ï¸ augmenta la distÃ ncia de seguretat entre vehicles
#prudÃ¨ncia https://t.co/xF0AgbGZQM"
"Si vas en bici per la ciutat, CIRCULA AMB CIVISME i llegeix consells de #seguretat. @mossos 

https://t.co/pWKRjnXGHt @112 https://t.co/fPz1QssBH5"
"â„¹ï¸ Fes Ãºs de l'intermitent per senyalitzar les teves maniobres o la teva direcciÃ³. EvitarÃ s accidentsâ—ï¸
#entretotsfemseguretat https://t.co/d0FQ2BIgaR"
RetenciÃ³n de 1 km por afluencia al Centro Comercial en #C32 en tÃºnel de MatarÃ³ -&gt; salida MatarÃ³ Oeste
ğŸš™ğŸš•ğŸš—Retencions a la Ronda Litoral (B-10) entre MontjuÃ¯c i Ciutat Vella en direcciÃ³ Nus del Trinitat per tasques de captures d'imatges en aquesta via
"#TrÃ nsitDens CG1-4Km entrada a Sant JuliÃ  sentit nord, CG2- entrada a Canillo sentit sud."
"âš  â›ˆâ›ˆ Si circules amb #pluja recorda aquests consells:
â¡ï¸ modera la velocitat 
â¡ï¸ augmenta la distÃ ncia de seguretat entre vehicles
La #pluja augmenta el risc d'accident per la presÃ¨ncia d'aigua a l'asfalt i perquÃ¨ es redueix la visibilitat 
#prudÃ¨ncia https://t.co/nxZIwTjoPb"
"ğŸš™ğŸš•ğŸš—Aturades a l'N-145 a les Valls de Valira en direcciÃ³ Andorra
@transitn145 https://t.co/U0bH0AGjfb"
"#TrÃ nsitDens N145- 5km entrada Principat, CG1-3Km entrada a Sant JuliÃ  sentit nord."
L'SMC informa que el 13/10/2018 09:08 s'ha publicat un AvÃ­s per Intensitat de pluja https://t.co/YAKP17l79z #meteocat
(Nota de premsa) El Servei CatalÃ  de TrÃ nsit informa que un vianant va morir ahir atropellat a la C-31 al Vendrell (Baix PenedÃ¨s). Traslladem el nostre condol mÃ©s sincer als seus familiars i amics: https://t.co/za2QzEdOut
"ğŸ›´ğŸš²ğŸ›¹Si vas en bicicleta, patinet o rodes elÃ¨ctriques, no et saltis semÃ fors. Repecta les normes viÃ ries, i a les voreres dona prioritat als vianants.
https://t.co/m6dVnjkmGL https://t.co/8TslZF40lI"
âœ… TrÃ nsit ja fluid a la Ronda Litoral (B-10) entre el Nus de la Trinitat i Gran Via en direcciÃ³ Nus del Llobregat https://t.co/kiVJQXxir8
Mapa de predicciÃ³ de perill d'incendi forestal per avui dia 13: https://t.co/sm5cBthQTK
ğŸ“¢ Hi ha trÃ nsit intens a la Ronda Litoral (B-10) entre el Nus de la Trinitat i Gran Via en direcciÃ³ Nus del Llobregat
âœ…Reoberta la C-12 a Tortosa en ambdÃ³s sentits https://t.co/0QoH2RUcQ5
"âš« Tallada la C-12 a Tortosa (Baix Ebre) a causa d'un accident entre 2 turismes
@transitc12 https://t.co/61N89ReuiN"
"Si participeu en Cims per la llibertat, tingueu ben presents aquests consells #muntanyasegura. ğŸŒ³ğŸ‘‡ProteccioCivil https://t.co/nHAjDa3fp7"
S'observa precipitaciÃ³ a punts del litoral i del prelitoral. La probabilitat de precipitaciÃ³ es mantindrÃ  en aquests sectors durant tota la jornada. #meteocat https://t.co/XpAUpfrCHF
"â„¹ Des d'ara, consulta totes les incidÃ¨ncies viÃ ries d'aquest pont en aquest enllaÃ§: https://t.co/i0x0nFPXP3 https://t.co/L0Rw6X54SS"
âœ… SituaciÃ³ normalitzada en aquest tram de la C-32 @transitc32nord https://t.co/m4xMV0marK
"â„¹ Continuen les cues molt importants a vies com la C-16, la C-17, la C-14, l'AP-7, la C-55, l'N-145 o la C-37. Estem en plena operaciÃ³ sortida del pont, i en general hi ha molt volum de trÃ nsit. PrudÃ¨ncia! https://t.co/3bCbQwRrdL"
"ğŸš›ğŸš•ğŸš— Ara ens consten 12km de retencions en aquesta C-37, gairebÃ© des de TorellÃ³ fins a Sant Esteve d'en Bas. https://t.co/j7Bg9FjfSI"
âœ… SituaciÃ³ normalitzada en aquest tram de l'A-2 https://t.co/RFleNOXpq6
âœ… SituaciÃ³ normalitzada en aquest punt de la xarxa viÃ ria. https://t.co/aGEXtZpQ96
âš ğŸš§ Un accident a la C-12 a Tortosa fa que es doni pas alternatiu i que hi hagi aturades en els dos sentits. https://t.co/NhlSHdztHH
@africaroige Estem en plena operaciÃ³ sortida del pont. Hi ha molt volum de trÃ nsit a les principals vies del nord. A la C-17 ens consten 12km de retencions entre Sant Quirze de Besora i Ripoll.
"ğŸğŸš•ğŸš— A la C-32 @transitc32nord hi ha 5km de retencions al tram de PremiÃ  i 3km mÃ©s a l'altura del Masnou, en sentit nord."
"ğŸğŸš•ğŸš— A la C-17 @transitc17 hi ha trams de retencions durant 9km entre Parets i Canovelles i 12km de retencions entre Sant Quirze de Besora i Ripoll, sempre en sentit nord. https://t.co/2QtmaTdbBW"
ğŸğŸš•ğŸš— A la C-37 @transitc37  hi ha retencions de 4km a la Vall d'en Bas anant cap a Olot. https://t.co/dDiS2JdPVz
â„¹ A l'AP-7 hi ha trams de retencions durant 17km entre Santa PerpÃ¨tua i la Roca en sentit Nord. https://t.co/g6sPlyVgW4
AtenciÃ³! A la C-16 @transitc16 hi ha retencions de 16km des de Gironella fins a Cercs en sentit nord. https://t.co/vdHezKkWS9
âš â› Unes obres en territori francÃ¨s provoquen 6km de retencions a l'AP-7 a la Jonquera en sentit FranÃ§a.
@ldelgadosalcedo Bon dia. Estem en plena operaciÃ³ sortida i les principals vies que van cap al nord estan molt plenes. A la C-17 hi ha 9km a Granollers i 8km entre Montesquiu i Ripoll.
@RespecteAnimals @equipviari Un accident a Esparreguera ha deixat 11km de retencions des de Sant Andreu de la Barca.
Ja parlem de 5km de retencions en aquest punt de la C-58 per enllaÃ§ar amb la C-55 https://t.co/hmSmmmTOgl
"AtenciÃ³! Ja sÃ³n 11 els quilÃ²metres de retencions que trobareu a l'A-2, entre Sant Andreu de la Barca i Esparreguera. https://t.co/1b4Ap0eKs6"
"ğŸğŸš•ğŸš™ Retencions a l'AP-7 de 6km entre Mollet i Parets, 3km a la Roca i 4km a la Jonquera, sempre en sentit FranÃ§a."
"ğŸğŸš•ğŸš™ A l'Eix del Llobregat @transitc16 hi ha 3km de retencions a Berga i 3 mÃ©s a Cercs, sempre en sentit nord."
ğŸš—ğŸš•ğŸš› A la C-55 @transitc55  tambÃ© hi ha 7km de retencions entre Monistrol i CastellgalÃ­. https://t.co/hmSmmmTOgl
ğŸš—ğŸš•ğŸš› A la carretera C-58 trobareu 2km de retencions a Castellbell i el Vilar per enllaÃ§ar amb la C-55. https://t.co/ItyC5e1oWa
ğŸš•ğŸğŸš™ A l'N-145 hi ha 3km de retencions a les Valls de Valira per anar a Andorra. I a la C-1412a tenim 3km d'aturades a Ponts en direcciÃ³ la Seu d'Urgell.
ğŸš•ğŸğŸš™ A la C-17 @transitc17 hi ha 5km de retencions entre Montesquiu i Ripoll en sentit nord. https://t.co/Ur24ybgIVU
âš  Un accident a l'A-2 a Esparreguera provoca 3km de retencions en sentit Lleida. https://t.co/yr7vIxA5Oe
â„¹ Bon dia! De moment se circula amb fluÃ¯desa per la xarxa viÃ ria catalana. https://t.co/NsvQ7Rxuta
"â„¹ï¸Tota la informaciÃ³ viÃ ria actualitzada la pots consultar en aquest enllaÃ§ â¡ï¸https://t.co/uZFoqxRnXQ
#PrudÃ¨ncia a la carretera! https://t.co/4PILUTpUht"
â„¹ï¸Normalitzat el trÃ nsit als tram de la B-23 i A-2 afectats per marxes lentes @transitb23 @transita2 https://t.co/idLj2sRjk1
âš ğŸš§ Un avariat a la C-58 a Ripollet talla un carril en sentit Barcelona i provoca 2km de cua.
Ara hi ha 3km de retencions entre Badia i Sant Quirze en sentit nord. https://t.co/leSfFT0HJW
@paul25001 Bona nit. Les restriccions de demÃ  a l'N-230 comencen a les 08:00 del matÃ­ i acaben a les 12:00 del migdia.
"âœ…Ja s'ha normalitzat el trÃ nsit  a l'A-2 a Fondarella en sentit Lleida
@transita2 https://t.co/ng9QA2hr7R"
âš  Un accident a la C-58 a Sant Quirze provoca retencions en sentit nord de 6km des de Ripollet. https://t.co/DoBVgOkM4I
@silvia_mur GrÃ cies per la informaciÃ³ i la teva colÂ·laboraciÃ³!
âš ğŸš§ Un accident a la C-58 @transitc58 a Montcada talla un carril en sentit BCN i provoca 4km de retencions des de Ripollet. https://t.co/qF67wIVKq5
@silvia_mur Hi ha hagut un accident a l'altura de Fondarella que causa aturades de 5 km en direcciÃ³ Lleida. Salutacions.
âœ…CirculaciÃ³ normalitzada a l'AP-7 entre Torredembarra i Tarragona en sentit sud https://t.co/66PWWcvcqe
âœ…TrÃ nsit normalitzat a l'N-340 a Altafulla en sentit nord https://t.co/jNnXyrCy7i
"ğŸ”´ A la B-23 hi ha cues entre Sant Feliu de Llobregat i el Papiol en direcciÃ³ Martorell tambÃ© per marxa lenta
@transitb23 https://t.co/YOzFJnJYbI"
"âš ï¸Arran d'un accident hi ha 1 carril tallat a la C-17 a Montcada i Reixac en sentit sud. Compte! Hi ha cues de 2 km
@transitc17 https://t.co/uT4kHT5Ka7"
â„¹ Una marxa lenta a l'AP-7 provoca 12km de retencions entre Torredembarra i Tarragona en sentit sud.
"âš ï¸ Un accident a l'A-2 a Fondarella (Pla d'Urgell) provoca cues de 4 km en direcciÃ³ Lleida
#PrudÃ¨ncia @transita2 https://t.co/7txbONiMLx"
"â„¹ A causa d'una marxa lenta, hi ha 6km de retencions a l'A-2 entre CornellÃ  i Sant Joan DespÃ­ en sentit Martorell. https://t.co/vkonQkdQ31"
"â„¹ï¸Ara les marxes lentes causen trams d'aturades en aquests punts:
ğŸ”´N-340 a l'ArboÃ§ i el Vendrell â¡ï¸Tarragona i a Altafullaâ¡ï¸nord
ğŸ”´A-7 a Tarragonaâ¡ï¸nord
Tota la informaciÃ³ actualitzada la pots consultar aquÃ­ğŸ‘‰https://t.co/uZFoqxRnXQ https://t.co/6BRm2HgurK"
â„¹ï¸CirculaciÃ³ normalitzada a la C-63 a Amer (la Selva) https://t.co/1PdvpVQ7aE
"âš ï¸ A l'N-340 a Altafulla tambÃ© hi ha retencions en sentit nord per marxa lenta de transportistes 
@transitn340 https://t.co/3VNaHFp1oE"
âš ï¸ Un accident obliga a donar pas alternatiu a la C-63 a Amer (la Selva). Hi ha aturades d'1 km en ambdÃ³s sentits. #PrudÃ¨ncia https://t.co/sHr8dudasN
"â„¹ï¸A la B-23 hi ha retencions entre Molins de Rei i el Papiol en direcciÃ³ Martorell tambÃ© per marxa lenta
@transitb23 https://t.co/HTkzMoT4La"
"â„¹ï¸TambÃ© per marxa lenta, hi ha cues a l'N-340 a Bellvei en sentit nord @transitn340 i a l'AP-7 a Sant Gregori en direcciÃ³ FranÃ§a @transitap7 https://t.co/7Ex7j7zaON"
"â„¹ï¸A l'A-7 hi ha uns 8 km d'aturades a Tarragona en sentit nord a causa d'una marxa lenta de transportistes
@transita7 https://t.co/mXQOZdefTN"
"â„¹ï¸ Ja s'han pogut reobrir els dos carrils tallats per l'accident perÃ² encara hi ha aturades d'uns 7 km des de Sant Feliu de Llobregat fins a l'entrada a Barcelona
@transitb23 https://t.co/qxhNUGQgxo"
ğŸš§âš  Un accident a la B-23 a Esplugues fa que nomÃ©s hi hagi un carril obert en sentit Barcelona i provoca 4km de retencions des de Sant Joan DespÃ­.
"#bomberscat hem treballat amb una dotaciÃ³ per extingir un incendi que ha destruÃ¯t una furgoneta al tÃºnel de la Ronda de Dalt, entre les sortides 11 i 12 (Esplugues de Llobregat) a primera hora de la tarda. Cap persona ferida. https://t.co/njrvmz8Pfd"
ğŸš§âš  Un vehicle aturat a la B-23 a Esplugues talla un carril en sentit Barcelona i provoca cua de 2km des de Sant Just. https://t.co/s2zIjuU6tb
ğŸš™ğŸš—ğŸš• Aquest accident a la Ronda Litoral ja provoca mÃ©s de 10km de retencions des de Zona Franca fins a Sant AdriÃ . https://t.co/CE8UQigj0t
â„¹ï¸ğŸš—ğŸš™ğŸš•Aquesta Ã©s la previsiÃ³ de dies i hores amb mÃ©s volum de trÃ nsit d'aquest cap de setmana llarg on hi haurÃ  una mobilitat elevadağŸ‘‡ https://t.co/bGEHhglRmj
âš ğŸš§ Un accident a la Ronda Litoral @transitb10 a Sant AdriÃ  talla un carril en sentit BesÃ²s i provoca 4km de retencions des de Ciutat Vella.
âœ… SituaciÃ³ normalitzada en aquest punt de la xarxa viÃ ria. https://t.co/5Dj8W5WJwk
âœ… Es normalitza la circulaciÃ³ en aquest tram de la Ronda de Dalt en sentit LLobregat. https://t.co/qXvCMAqYlF
âš ğŸš§ Un accident a la Ronda de Dalt @transitb20 a CornellÃ  talla un carril en sentit BesÃ²s i provoca una cua d'un parell de quilÃ²metres.
"Dispositiu de coordinaciÃ³ d'emergÃ¨ncies amb motiu de l'activitat ""Cims per la Llibertat"" (nota de premsa)
https://t.co/ddHEqnop0q 
#ProteccioCivil https://t.co/EAF1LZmwcs"
@RaffoPress @tv3cat @324cat GrÃ cies per la informaciÃ³!
"âš ï¸ Aquesta tarda, coincidint amb l'operaciÃ³ sortida, la mobilitat es pot veure condicionada per marxes lentes de transportistes a la B-10, B-23, AP-7, N-II, N-340 i N-240. 
ğŸ‘†Si has de sortir a la carretera, consulta les incidÃ¨ncies viÃ ries actualitzadesğŸ‘‰https://t.co/uZFoqxRnXQ https://t.co/KLOclOdLVJ"
"âš  L'incendi d'un vehicle a la Ronda de Dalt, a la sortida 13, en sentit Llobregat, provoca 4km de retencions des de Pedralbes. https://t.co/Yzes7sdDqJ"
ğŸš™ğŸš—ğŸš• A la Ronda de Dalt @transitb20 hi ha trams de retencions entre Esplugues i Guineueta en sentit BesÃ²s. https://t.co/Lln9rK17zV
âœ… La C-25 ja estÃ  reoberta al trÃ nsit i ja no hi ha cap carril talat. https://t.co/y723UymSjB
â„¹ğŸš— ğŸ ğŸš™ EstÃ  previst que 485.000 vehicles es mobilitzin des de lâ€™Ã rea metropolitana de Barcelona entre les 15 h d'avui i les 15 h de demÃ . PrudÃ¨ncia i paciÃ¨ncia davant la previsiÃ³ de mobilitat elevada amb motiu del cap de setmana llarg. https://t.co/fo09Bjc7fu https://t.co/vuzywIpxri
âš« Tallada la C-25 a Sant Hilari Sacalm â¡ GIR per #accident @transitc25
"â„¹ Avui de 17 a 19h, hi ha previstes marxes lentes de transportistes que poden condicionar el #trÃ nsit a vies com B-10, B-23, AP-7, N-II, N-340 i N-240. Si surts aquesta tarda, planifica amb temps el teu desplaÃ§ament i segueix les afectacions al minut a ğŸ‘‰ https://t.co/uZFoqxRnXQ https://t.co/minbv1IqBG"
"ğŸš² Els alumnes de PrimÃ ria practiquen la seguretat viÃ ria fent un circuit al pati de l'escola en quÃ¨ exerceixen de ciclistes i vianants. Es tracta d'una activitat promoguda des del @CCTarragones i el Servei CatalÃ  de @transit.

â–¶ MÃ©s informaciÃ³: https://t.co/1df8Ik9Qk0 https://t.co/ReE1UdKc0p"
ğŸš—ğŸš™ EstÃ  previst que 485.000 vehicles es mobilitzin des de lâ€™Ã rea metropolitana de Barcelona entre les 15 h d'avui i les 15 h de demÃ  en l'operaciÃ³ #sortida del #capdesetmana llarg. Planifiqueu amb temps els desplaÃ§aments. MÃ©s info a ğŸ‘‰ https://t.co/V1yJRNljFV
@Eiximena estÃ  previst que es mobilitzin 485.000 vehicles entre les 15 h d'avui i les 15 h de demÃ . Pots consultar tot el dispositiu a https://t.co/V1yJRNljFV
âœ… TrÃ nsit ja normalitzat en aquest tram de l'Eix Transversal @transitc25 https://t.co/Q6mCI5wFCL
âš  Un carril tallat a la B-23 a Sant Joan DespÃ­ â¡ BCN per un autobÃºs avariat #precauciÃ³ @transitb23
âœ… CirculaciÃ³ finalment normalitzada en aquest tram de la C-58 @transitc58 https://t.co/WUHoV4R6Nh
âš« Tallada la C-12 a Maials â¡ Amposta per un #accident @transitc12 Desviaments per camÃ­ lateral https://t.co/roo2uWIwIy
âš  Un carril tallat a l'Eix Transversal (C-25) a Sant JuliÃ  de Vilatorta â¡ GIR per un camiÃ³ avariat @transitc25 https://t.co/66UvIlQv1I
âš  Un carril tallat a la C-58 a Ripollet â¡ BCN per un #accident @transitc58 1-2 km #retencions https://t.co/wFg7PJDytL
"â„¹ Avui de 17 a 19h, hi ha previstes marxes lentes de transportistes que poden condicionar el #trÃ nsit a vies com B-10, B-23, AP-7, N-II, N-340 i N-240. Si surts aquesta tarda, planifica amb temps el teu desplaÃ§ament i segueix les afectacions al minut a ğŸ‘‰ https://t.co/uZFoqxRnXQ https://t.co/s5cpoWwV8W"
"ğŸ”´ Retencions a la Ronda de Dalt (B-20) del Nus Trinitat a CornellÃ  â¡ Llobregat, agreujades per un #accident a la C-32 a CornellÃ  que ocupa un carril @transitb20 https://t.co/26dMsT4oMK"
"ğŸ”´ 15 km #retencions a l'A-2 des de Sant Andreu de la Barca fins a Sant Joan DespÃ­ â¡ BCN per un #accident, ara ja retirat @transita2 https://t.co/LLQPZlWDzz"
"El director de @transit @JuliGendrau demana molta prudÃ¨ncia als passatgers dels vehicles davant l'operaciÃ³ sortida que comenÃ§a avui. ""Cal cordar-se el cinturÃ³"", ha dit a #NEX MatÃ­. https://t.co/FAYIRmZewl"
"â„¹ Bon dijous! En aquests moments, trobareu #retencions a nombrosos punts de la xarxa viÃ ria. Podeu consultar totes les afectacions a ğŸ‘‰ https://t.co/uZFoqxRnXQ #trÃ nsit #mobilitat https://t.co/yjjRX3HhxG"
â„¹ Segueix totes les incidÃ¨ncies des d'ara des d'aquest enllaÃ§: https://t.co/i0x0nFPXP3 https://t.co/93BDgQaxaZ
âœ… SituaciÃ³ normalitzada en aquest punt de la xarxa viÃ ria. https://t.co/LPJEAN5PBC
âš ğŸš§ Un accident a l'N-420 a MÃ³ra d'Ebre talla la via en els dos sentits de la marxa. Molta PrudÃ¨ncia! https://t.co/FBkwz8dY6e
ğŸš™ğŸš—ğŸš• Retencions de 6km a la Ronda de Dalt entre Diagonal i Vall d'Hebron en sentit BesÃ²s. https://t.co/26NWZmbSl4
â„¹ [Nota] S'acosta un llarg cap de setmana amb molta mobilitat. L'SCT demana extremar la prudÃ¨ncia: https://t.co/N0bgjbd83p https://t.co/9T71MXPPdI
".@meteocat informa que s'observen xÃ fecs intensos propers a la costa, que en les properes hores poden afectar les comarques del #BaixCamp i #TarragonÃ¨s #ProteccioCivil Alerta #INUNCAT https://t.co/64Y0QsHPFa"
"#ProteccioCivil mantÃ© l'Alerta #INUNCAT per la previsiÃ³ de reactivaciÃ³ de les fortes pluges avui. (Nota de premsa ğŸ‘‡)

https://t.co/tJoDP8mYGx https://t.co/M5sNm2UlOb"
"Mobilitat compartida, un model mÃ©s enllÃ  del cotxe. En parlem a l'apunt de l'#infotransit ğŸ‘‰ https://t.co/PyizfWlAAr https://t.co/ELZIr7VfmW"
â„¹ Hi ha 2 carrils oberts a causa d'aquest camiÃ³ bolcat a l'AP-7 @transitap7 #precauciÃ³ https://t.co/bKeiXujwE0
ğŸ”´ 2 km #retencions a l'AP-7 a Parets del VallÃ¨s â¡ TGN per un #accident @transitap7
Presentem el projecte de millora de la variant de Banyoles (C-66) https://t.co/lujeYPjhr5 @AjBanyoles https://t.co/kvuh4esOmO
"â„¹ Diverses marxes lentes convocades pel sector del transport per a demÃ  a la tarda poden condicionar la #mobilitat de sortida per la festivitat del Pilar a vies com l'AP-7, N-340, N-240 o N-II. Seguiu la informaciÃ³ actualitzada del trÃ nsit a https://t.co/uZFoqxRnXQ https://t.co/jhwKFLEQMZ"
âš  Es fa pas alternatiu a la N-II a Arenys de Mar per #esllavissades https://t.co/skmmA7BLS6
"Si et trobes un ciclista a la carretera, tingues paciÃ¨ncia i avanÃ§a'l amb seguretat quan no vingui cap vehicle de cara: deixa 1,5m de distÃ ncia lateral #NoÃ‰sPerLaMulta https://t.co/nPLR6UZrsu"
Hi ha 1 carril tallat a l'AP-7 al Papiol   â¡ sud per un camiÃ³ #avariat https://t.co/JYGFQSZfgp
NomÃ©s hi ha 1 carril obert a la C-33 a Montcada i Reixac â¡ BCN a causa d'un #accident https://t.co/0eNsVAOvNg
"Tot i que els ruixats han perdut intensitat, es preveu una reactivaciÃ³ a la tarda, sobretot a les comarques de Girona. Si condueixes amb pluja, extrema la precauciÃ³ al volant ğŸš— i segueix aquests consells ğŸ‘‡ #INUNCAT #ProteccioCivil @emergenciescat @transit https://t.co/1Xjod2tRRY"
âœ… CirculaciÃ³ normalitzada en aquest tram de la B-30 @transitb30 https://t.co/4Q6924K5W0
"ğŸ”´ TrÃ nsit lent amb #retencions a la C-58 del Nus Trinitat a Montcada i Reixac â¡ Terrassa desprÃ©s d'un #accident, ara ja retirat @transitc58 https://t.co/jYSsD7laYn"
âš  Un carril tallat a la B-30 a Sant Cugat del VallÃ¨s â¡ TGN per un camiÃ³ avariat ğŸ”´ 4 km #retencions @transitb30
"âš  En aquests moments, es mantenen #aturades destacables a diversos trams:
ğŸ”´ B-23: Molins Rei - Av. Diagonal â¡ BCN
ğŸ”´ C-58: Nus - Ripollet â¡ Terrassa
ğŸ”´ C-31 Montgat - Badalona â¡ BCN
ğŸ”´ C-31 El Prat â¡ BCN,
entre d'altres. Totes les afectacions ğŸ‘‰ https://t.co/uZFoqxRnXQ https://t.co/0BTQsZhWhR"
"@Larrocalla Bon dia, grÃ cies per l'avÃ­s!"
"âš  Aturades destacables aquest matÃ­, agreujades per la #pluja a vies com la B-23, C-58, A-2, AP-7, C-32, C-16 i C-31, entre d'altres. Alerta a la carretera, mantingueu distÃ ncia de seguretat i modereu velocitat! Totes les afectacions a ğŸ‘‰ https://t.co/uZFoqxRnXQ #mobilitat https://t.co/B3MCqWXbX5"
"ğŸ‘‰ Si passes per un bassal d'aigua i pateixes hidroplanatge, no frenis ni acceleris. El millor remei per prevenir-ho Ã©s moderar la velocitat #ConducciÃ³Segura https://t.co/oisS0xFSiq"
âš  La #pluja augmenta el risc d'accident de trÃ nsit per la reducciÃ³ de la visibilitat i l'aigua a l'asfalt. Sobretot modereu la velocitat! #ConducciÃ³Segura https://t.co/gczb01B9b5
"Bon dimecres! En aquests moments, trobareu #retencions a nombrosos punts de la xarxa viÃ ria. Consulteu-los al web d'incidÃ¨ncies ğŸ‘‰ https://t.co/uZFoqxRnXQ #mobilitat #trÃ nsit https://t.co/EtNiPNeqiz"
â„¹ TrobarÃ s totes les incidÃ¨ncies viÃ ries en aquest enllaÃ§: https://t.co/uZFoqxRnXQ https://t.co/N5QyIiHQSh
âš ğŸš§ Accident a la C-60 a Argentona en sentit MatarÃ³ que provoca una cua d'1km. https://t.co/frfOPLcNvu
"RECORDA! amb tempesta amb aparat elÃ¨ctric evita anar en bici, allunya't de torres de llum, vies de tren... i a casa tanca les finestres. Als llamps els atrauen els corrents d'aire
#ProteccioCivil https://t.co/SGV8kO2wlU"
"âš  â›ˆâ›ˆ Si circules amb #pluja recorda aquests consells:
â¡ï¸ modera la velocitat 
â¡ï¸ augmenta la distÃ ncia de seguretat entre vehicles
La #pluja augmenta el risc d'accident per la presÃ¨ncia d'aigua a l'asfalt i perquÃ¨ es redueix la visibilitat 
#prudÃ¨ncia https://t.co/aER2Knz9xc"
"ğŸš™ğŸš›ğŸš™ A causa d'un vehicle avariat, ja retirat, a la Ronda Litoral hi ha 5km de cua entre Zona Franca i el Port en sentit BesÃ²s. https://t.co/jmeDcT8pHB"
"âš  â›ˆâ›ˆ Si et sorprÃ¨n la #pluja a la carretera recorda!
â¡ï¸ modera la velocitat 
â¡ï¸ augmenta la distÃ ncia de seguretat entre vehicles
#prudÃ¨ncia
Alerta #INUNCAT https://t.co/cWdzmnz3Rp"
â„¹ Reobert el carril tallat a l'AP-7 a Castellbisbal en direcciÃ³ Martorell https://t.co/mGNPomlV4g
"Les previsions meteorolÃ²giques indiquen que entre avui i demÃ  es pot acumular, localment, mÃ©s de 100 mm. A la imatge podeu consultar l'SMP corresponent. #meteocat https://t.co/mxRRVM7yjF"
"âš  Un accident a l'AP-7 a Castellbisbal talla 1 carril en direcciÃ³ Martorell i causa cues de 0,5 km
#PrecauciÃ³!
@transitap7 https://t.co/ifKMmGxHmy"
L'SMC informa que el 09/10/2018 15:26 s'ha publicat un AvÃ­s per Intensitat de pluja https://t.co/YAKP17l79z #meteocat
âš ğŸš§â› Unes obres a la C-63 a Lloret de Mar provoquen 2km de retencions en sentit sud per enllaÃ§ar amb la GI-680. https://t.co/54tqVUvVzX
âœ… Ja nomÃ©s queden aturades intermitents d'1km a la Barceloneta en sentit Llobregat. https://t.co/yl37sda6qr
"Tercer #CanviDeMarxa de la temporada. Avui sessiÃ³ doble a El Vendrell. El #SEM hi participa en aquesta ocasiÃ³ amb el company #TES Oscar Lamiel. GrÃ cies a tots!

@Fundacio_MDC @transit https://t.co/Aozo0Jw5k0"
"âš ğŸŒ§ğŸŒ§âš Davant la previsiÃ³ de pluja, a la carretera, recorda moderar la velocitat i augmentar la distÃ ncia de seguretat per evitar accidents.
#Entretotsfemseguretat https://t.co/ax9yAxTw6W"
"ğŸš™ğŸš›ğŸš— Tots els carrils ja estan oberts al trÃ nsit, perÃ² encara hi ha aturades de 6km en sentit Llobregat, des de Poblenou fins a MontjuÃ¯c. https://t.co/gYgMQgA01T"
"âš  A la C-58 a Terrassa hi ha 1 carril tallat en direcciÃ³ Manresa per un vehicle avariat. Hi ha trÃ nsit dens.  #prudÃ¨ncia 
@transitc58 https://t.co/LEXmxF9R6T"
"âš ğŸš§ A la Ronda Litoral, un vehicle avariat talla carril a l'altura del Port en sentit Llobregat i provoca 3km de retencions des de la Barceloneta. TambÃ© hi ha cua de 2km entre MontjuÃ¯c i el Port en sentit BesÃ²s. https://t.co/ipi1IPCxk2"
"Prealerta #INUNCAT #ProteccioCivil 
Es preveu intensificaciÃ³ de la pluja a la nit, sobretot al prelitoral i litoral central i nord. Poden arribar a acumular-se 150 l/m2 en alguns punts.  
Aquesta nit no aparquis a prop de rieres o zones inundables. https://t.co/MXlNqz8yaO"
âš  Un carril tallat a la C-31 al Prat de Llobregat â¡ BCN per #obres @transitc31sud 1-2 km #retencions intermitents https://t.co/O8Z5ZBhyXF
"Obert el carril tallat per inundaciÃ³, restablerta la circulaciÃ³. https://t.co/jhrn59n3Yz"
"Recorda que el vehicle no Ã©s una caixa forta, quan lâ€™estacionis evita deixar objectes de valor a la vista i amaga el GPS. MÃ©s consells ğŸ‘‰ https://t.co/2PLYx5SGXz"
S'ha normalitzat la circulaciÃ³ en aquesta via https://t.co/qDVJdziGdJ
"âš  PrecauciÃ³, camiÃ³ avariat a la C-12 a AscÃ³ @transitc12 #retencions en els dos sentits https://t.co/fNpWgdz40m"
âš  Pas alternatiu a la B-120 a Olesa de Montserrat per #accident https://t.co/eOCxx4O4L8
@jordinamolas @324cat grÃ cies per l'avÃ­s
âš  Es mantenen ğŸ”´ #cues agreujades per la #pluja a diverses vies de l'Ã€rea Metropolitana de #Barcelona. Consulteu totes les afectacions al web https://t.co/7bzpWB9BQj https://t.co/5uCvu4v9Zg
Hi ha 1 carril tallat a la C-16 al TÃºnel de Vallvidrera d'entrada a BCN per #accident #precauciÃ³ @transitc16 https://t.co/3tvxK2TAFr
"â„¹ Els carrils en aquest punt ja estan tots oberts, perÃ² encara hi ha #trÃ nsit lent amb aturades a la B-23 de Molins de Rei al Papiol â¡ AP-7 @transitap7 @transitb23 https://t.co/T7Y9iN6WsV"
"Amb pluja, extrema la precauciÃ³ al volant, la distÃ ncia de frenada augmenta amb el terra mullat i la visibilitat disminueix Prealerta #INUNCAT https://t.co/6URpxHJSgd"
"Informa't de les incidÃ¨ncies viÃ ries al web de @transit https://t.co/LWb5sfeh7Q i en el transport pÃºblic a @TMBinfo #busbcn #metrobcn @rodalies @FGC @Inforenfe 
PaciÃ¨ncia. ğŸ‘‡ #ProteccioCivil #INUNCAT https://t.co/SQ0heFT0SD"
Hi ha 1 carril tallat a l'A-7 a Tarragona â¡ nord per #accident @transita7 https://t.co/5PGNwsXAiF
S'ha retirat el vehicle accidentat i ja s'ha restablert la circulaciÃ³ https://t.co/97n4ubKaxS
â›” EstÃ  tallada la C-16 a Cercs â¡ PuigcerdÃ  per #accident https://t.co/WFfN8jgxPm
âš  Un carril tallat a l'AP-7 al Papiol â¡ GIR per #accident @transitap7 #cues a la B-23 des de Molins de Rei @transitb23 https://t.co/rAdWC7Pcwk
"âš  Es mantenen ğŸ”´ #cues destacables, agreujades per la #pluja, a nombrosos trams de l'AP-7, C-58, B-23, C-32, A-2, C-17 i C-31, entre d'altres. Consulteu totes les afectacions al web ğŸ‘‰ https://t.co/uZFoqxRnXQ Circuleu amb molta prudÃ¨ncia! https://t.co/Isjg8EZmZc"
Hi ha 1 carril tallat a l'A-2 a Alcoletge â¡ Barcelona per un vehicle avariat #precauciÃ³ @transita2
"âš  #precauciÃ³ a la #carretera 
Recorda, amb pluja modera la velocitat i augmenta la distÃ ncia de seguretat https://t.co/8QRwsyHIvg"
"â„¹ Bon dimarts! En aquests moments, es registren #aturades a nombrosos trams de la xarxa viÃ ria. Consulta totes les afectacions al web ğŸ‘‰ https://t.co/uZFoqxRnXQ #mobilitat #trÃ nsit https://t.co/LUkUkV9KGI"
â„¹ Des d'ara trobareu tota la informaciÃ³ de les incidÃ¨ncies viÃ ries en aquest enllaÃ§: https://t.co/uZFoqy8YPo https://t.co/6EvJtoT6HG
âœ… SituaciÃ³ normalitzada en aquesta C-58 @transitc58 https://t.co/ai2Ox0MI1z
âš ğŸš§â› Unes obres a la C-58 a Badia provoquen mÃ©s de 3km de retencions des de BarberÃ  en sentit nord. https://t.co/4RdapqgMcM
âœ… SituaciÃ³ normalitzada en aquest punt de la xarxa viÃ ria. https://t.co/Vt5oM9YLxA
âœ… SituaciÃ³ normalitzada a la C-60 @transitc60 https://t.co/lxvBYuO33K
