1069352129322717191,Una manifestaci√≥ a la Catalunya Nord talla la frontera a l'AP-7 i provoca cues quilom√®triques https://t.co/YzBOfqvmy0
1069351544980733954,Una manifestaci√≥ en solidaritat amb la vaga de fam de S√†nchez i Turull ha tallat la via Laietana de Barcelona https://t.co/tl7qNtR0eV
1069317159443140614,"Prohibeixen el pas de camions a l'AP-7 en sentit nord. Des de fa dies hi ha cues cap a la Jonquera per la protesta dels #armillesgrogues. Segons @transit, es desvien cap als pol√≠gons de Sant Feliu de #Buixalleu"
1069316895634087943,El sinistre s'ha produ√Øt aquesta matinada a #Sabadell https://t.co/JyV7ckAx0e
1069311368329863168,@egarriga @jartigasm @soumoltmacus @albacru No pas. Qui el va reutilitzar va ser l'EMM. Les obres de remodelaci√≥ van ser per la Zona XXI. Mitjans dels 90.
1069290102583644166,"üöß Tall de tr√†nsit per millores a la xarxa d' #AiguesVNG
üóì 4 i 5 de Desembre
‚è∞ 9.30 h del 4 a 18 h del 5
üìç Pg. Ribes Roges (entre Llu√≠s Companys i Llu√≠s Recasens)

üîµ‚ö™ M√©s informaci√≥ a: https://t.co/nG1kVIw0vM https://t.co/M5ZVQIRRh2"
1069284710839435264,"Al tram del carrer Figueral i carrer Consell dem√† enllacem 2 obres a la Via P√∫blica i ens anulen fins q no acabin les obres unes 15 places d‚Äôaparcament. Hagu√©s estat bona idea enviar una circular als ve√Øns i ve√Ønes afectats, no creieu @ajlagarriga ? #laGarriga"
1069284597719068672,"@ramirp @JoseMar72168618 Pero per tranquilitat de tots, hem tallat la Via Laietana i ens hem fet sentir. Es lo minim que es meteixen els nostres politics en vaga de fam."
1069275381528780800,"Atenci√≥! Fins el 14 de desembre el tram final de les escales mec√†niques de la Baixada de la Gl√≤ria, al c. Mare de D√©u del Coll, romandr√† tancat per obres de manteniment en el clavegueram. M√©s: https://t.co/0qjYMYbRe2 https://t.co/HGD3TvW9dC"
1069275005626826754,Els Armilles Grogues provoquen cues quilom√®triques a la frontera de la Jonquera via @elnacionalcat https://t.co/ZcJvjfN7ie
1069274329374969861,Al voltant de 150 persones han tallat la via Laietana gaireb√© dues hores per donar suport als presos independentistes https://t.co/p20D7L2ROe https://t.co/MLaJJD0a9k
1069265287290204160,Circulaci√≥ amb retencions (Retenci√≥): C-16 | CERCS | Sentit Sud cap a BARCELONA | Punt km. 108-111 | 17:08
1069261551817895936,Retencions a Bellmunt. @transit https://t.co/IDqqLFXguq
1069253637858312193,"Primer accident greu a l'avinguda amb Joan Amades @ajmontblanc #Montblanc Carrers mig oberts, mal senyalitzat, arena a la cal√ßada (1)"
1069250225905102849,‚ö†Ô∏èüá´üá∑ Armilles grogues de la Catalunya Nord tallen la frontera a l'AP-7 i provoquen cues quilom√®triques https://t.co/vsbzJVmZ6Z
1069242611737784320,Una manifestaci√≥ a la Catalunya Nord talla la frontera a l'AP-7 i provoca cues quilom√®triques https://t.co/uKh6rIBKW5
1069241339492077569,"Han comen√ßat les obres de remodelaci√≥ del parc del barri de Can Bou, s'han tret tota els elements vells i est√† previst poder-lo tornar a reobri a mitjans d‚Äôaquest mes, disculpeu les mol√®sties !! #piera57km #pladeparcs51"
1069236242766839808,Les obres del passeig del Vapor Gran de #Terrassa ja tenen data d'inici https://t.co/WNJmSAR6tV
1069214034610790403,"""No hi ha dret que ho facin coincidir amb la festa major, s'ha format una bona caravana a la #Meridiana protesta un ve√≠. ""Hem hagut d'aparcar gaireb√© al Bes√≤s perqu√® estava tot #SantAndreu col¬∑lapsat!"", explica una altra afectada. https://t.co/LPw7kTkrrG"
1069209725265502208,"Baixeu a Via Laietana, si us plau.

La gent ha tallat el carrer, per√≤ hi falta molta m√©s gent. https://t.co/LPTpK8IcUU"
1069208825666945024,"#IGUALADA
Finalitzen les obres de reforma integral de la Pla√ßa del @mercatmasuca https://t.co/8oOqWfxOTz"
1069205147098636288,Via Laietana tallada #vagadefam https://t.co/BUiGCLGeSN
1069204794282319872,"‚ö†Ô∏èRecordeu que DEM√Ä inicien els canvis provisionals de circulaci√≥ a la zona d'obres de Rius i Calvet. Les afectacions tindran lloc el 3, 4 i 5 de desembre com a motiu de l'asfaltat i pavimentaci√≥ definitiu de l'√†mbit de les obres.‚ö†Ô∏è

+ informaci√≥ a https://t.co/LmCn6REBjZ https://t.co/VaRTPZc7pI"
1069204533644062720,"‚ö†Ô∏èüöß Tallada la via Laietana per una concentraci√≥ de 150 persones en suport als l√≠ders independentistes empresonats
https://t.co/p20D7L2ROe"
1069202577856835584,Finalitzen les obres de reforma integral de la Pla√ßa de la Masuca d‚ÄôIgualada https://t.co/go7iqDvDwS
1069199793992417280,"Via Laietana tallada ara mateix. Fa falta mes gent. 
#FemXarxa https://t.co/Fduf1DEdnf"
1069198376435163136,Mor un noi de 19 anys de Santa Maria d'Ol√≥ en un accident a la C-25. https://t.co/Uloi7U6k9c
1069191245321445376,El tall a Via Laietana segueix https://t.co/B4m09WtzdP
1069189575225028608,Accident mortal a la C-25 a Sant Bartomeu del Grau #Osona https://t.co/GH8KRW8UWl
1069189188510261249,"‚ö†Ô∏è#AjuntamentInforma: El proper dilluns, 3 de desembre, es faran obres al Cam√≠ del Golf (cru√Ølla amb Av. Sant Andreu), per realitzar els treballs adients per instal¬∑lar una nova canonada d'aigua. Per aquest motiu, es produir√† un pas alternatiu al llarg de tot el dia. https://t.co/5rIwXTl9sL"
1069185533786484736,Finalitzen les obres de reforma integral de la Pla√ßa de la Masuca d‚ÄôIgualada https://t.co/LS99onnCX5
1069184415513960449,Tota la Meridiana embotellada per obres  I NI UN SOL POLI DE LA @barcelona_GUB #lamarequeusvaparir IN√öTILS #barcelonanofunciona
1069169303818104833,"Tall de tr√†nsit dilluns al passeig del Nard

@EMDValldoreix 

https://t.co/4pFj6l4QzH https://t.co/u1c0S0xN3N"
1069153921330020354,Una home que condu√Øa de manera temer√†ria anit a la pla√ßa Imperial Tarraco va provocar un accident amb altres vehicles implicats a Marqu√®s de Montoliu https://t.co/nwJxOBanxM
1069153651078438914,"#TARRAGONA| Aparat√≥s accident m√∫ltiple a la pla√ßa Imperial Tarraco
https://t.co/Sj69mobRIu https://t.co/wyNRi9UCYZ"
1069136387822108673,Finalitzen les obres de reforma de la Pla√ßa de la Masuca d‚ÄôIgualada https://t.co/rvOGvYjEgt
1069124224466456576,"Us recordem que avui:
TALL üöß per: ""CURSA de la INF√ÄNCIA""üëßüßë
üìÖ 2 de desembre
üìç Barri de Can Jofresa
üöç Afectaci√≥ l√≠nies: 7,8 i 9
üïí De 10.30 a 12.00 h.
‚û°Ô∏è Parada provisional: situada a la l'Av. Sta. Eul√†lia al costat de la benzinera. https://t.co/zcDhBhw1DF"
1069095293151526912,"Tall de tr√†nsit dilluns al passeig del Nard

L‚ÄôEMD talla el tr√†nsit del passeig del Nard aquest dilluns, desviant els vehicles per l‚Äôavinguda de Ramon Escayola. L‚Äôactuaci√≥ es fa per tasques de reparaci√≥ del ferm i reasfaltat, en el tram entre el pont de ‚Ä¶ https://t.co/danotWHUqS https://t.co/SMbIwzLWah"
1068990979481452545,@rac1 Portem 2 hores i mitja aturats despr√©s de travessar mig Fran√ßa per carreteres secund√†ries pels talls a l'A9
1068927897593880577,"Dilluns 3 comencem #obres d‚Äôarranjament a la pla√ßa de Meguid√≥, a #SantGen√≠s. M√©s detalls aqu√≠ https://t.co/XQVrKNYmjk https://t.co/V9fEnvI3cc"
1068892284157079553,üöß Aquest cap de setmana es repeteix un tall en el servei dels @FGC com el de la setmana passada https://t.co/lNPI3p2bP8
1068890665164161025,ACTUALITZACI√ì | Dos camions s'han vist implicats en l'accident i un camioner ha resultat ferit greu https://t.co/KhVSUAUNyU https://t.co/PxYksJUj1h
1068874616494415873,"Gent del Poblenou!! Si agafeu cotxe, sapigueu que el carrer llacuna esta tallat a l‚Äôaltura del centre comercial gl√≤ries i no es pot accedir a la gran via."
1068873049687109634,"Retencions a la frontera per les protestes a Fran√ßa
 https://t.co/11njz6w7M7"
1068865277901881344,L'accident ha tingut lloc a la C-16 i han resultat ferides quatre persones en total https://t.co/YLUiEFDcuL
1068861444798799872,La Penya Tallada a Salou  #igers_salou #igerscostadaurada #encostadaurada #turismecostadaura #visitsalou #photoworld_starall #raconsde_detalls #pintofotograf√≠a #pintofotografia‚Ä¶ https://t.co/iIKeKgGKSj
1068854987890008066,"para @barcelona_GUB, incre√≠ble, no he vist tan sol un urb√† per controlar la tallada heavy de tr√†nsit en ""botigas al carrer"" de Gran de Gr√†cia.. una m√©s.. #senseperd√≥ #fentvi@"
1068854684843167744,Una persona ferida en un accident a l'AP-7 https://t.co/KhVSUAUNyU https://t.co/28o1A0plLj
1068842403522588678,"‚ö†Ô∏èRecordeu que dilluns inicien els canvis provisionals de circulaci√≥ a la zona d'obres de Rius i Calvet. Les afectacions tindran lloc el 3, 4 i 5 de desembre com a motiu de l'asfaltat i pavimentaci√≥ definitiu de l'√†mbit de les obres.‚ö†Ô∏è

+ informaci√≥ a https://t.co/LmCn6REBjZ https://t.co/Xu9JfXYOzj"
1068834140924055554,L63 L64 L65 L68 L69 N50 CNSY Alteraci√≥ servei per obres https://t.co/iW0vNGlrTc
1068826753198641153,"La #PoliciaLocal d'#Igualada informa que, com a m√≠nim fins dilluns vinent, la Rbla. Sant Ferran romandr√† tallada al #tr√†nsit a l'al√ßada de la Pl. Castells, a causa de despreniments en la fa√ßana d'un edifici deshabitat https://t.co/NbrKvEJ2Fj https://t.co/NQh9InM7ql"
1068824588300283904,ATENCI√ì: Rambla st Ferran #Igualada TALLADA al√ßada pla√ßa Castells per seguretat enfront desprendiments a fa√ßana d'edifici deshabitat. Previsi√≥ m√≠nim fins dilluns incl√≤s. https://t.co/GQZgW6iYYy
1068819024962863104,@FGC üìçL√≠nia Llobregat-Anoia: fins al dia 9/12 tall de servei entre L'Hospitalet Av. Carrilet i Sant Boi - servei substitutori en autocar #mobilitat #BaixBus #BaixLlobregat #Transport https://t.co/Aop33xTf1k
1068801553748934657,"Lamentem la mort d'un vianant aquesta matinada en un accident a la Ronda Litoral i traslladem el nostre condol a la fam√≠lia i amistats. Refermem el nostre comprom√≠s per a continuar treballant per reduir les  v√≠ctimes d'accidents de tr√†nsit a Barcelona. 

https://t.co/INRIPqIBVi"
1068800755161841664,@josepsansm @CDRCatOficial Han tallat l'acc√®s al viaducte de Millau
1068787269136453633,@oreidoefecto vaig passar ahir amb el cotxe per la zona i tela el caos de tr√†nsit amb les obres tamb√©. Volia canviar de sentit i no hi havia manera.
1068777385317842944,Retencions cam√≠ a l‚Äôoliva #transit #dramarural  #olivaparty #anaraloliva https://t.co/YZczsVXLj4
1068776753852747777,"L‚ÄôAjuntament de Banyoles ha iniciat les obres per dotar d‚Äôun carril bici i adequar la vorera al carrer Boi Juscafresa, al barri de Can Puig. Bon dia. https://t.co/DPG1aIA7sy"
1068770188420501505,SANT BOI DE LLOBREGAT: L77 Tall provisional a l'avinguda Maria Girona https://t.co/zuBrWuN9IL
1068605620520140801,"Aquest cap de setmana, tall de servei entre les estacions de pla√ßa Catalunya i Gr√†cia d' #fgc https://t.co/1FhCn69LvA"
1068580424165859330,"ATENCI√ì! Tall de servei a FGC entre Pla√ßa Catalunya i Gr√†cia aquest cap de setmana

#SantCugat

https://t.co/WU3pjxE747"


1068578801947430913,"Aquest desgraciat s'inventa not√≠cies les manipulada i les ven a Espa√±a. La moto de la foto no s√© de qui √©s, per√≤ a Tarragona, ning√∫ no la va cremar, fa poques setmanes vam perdre un exregidor a Cala Romana per un accident automobil√≠stic. Aquest ti√≥ √©s ver√≠ pur. Est√† boig! https://t.co/aurmM4TJ5C"
1068578571902480389,@boscderoures Qualsevol arbre tallat.
1068576976808620033,@jrbarbalba @pauricoma @EstradaLaia @didacnadal @AlbanoDante76 @angelsmcastells @RaholaOficial @sindicdegreuges @pilarcarracelas Si truqueu a Endesa Distribuci√≥n 800 760 706 anul.laran el tall del comptador si es tracta d‚Äôun subministrament ininterrumpible... els ascansor ho son.
1068576073355542529,AV√çS: Tall de la ctra. de Sant Lloren√ß previst per dilluns vinent ‚Äì https://t.co/eQhysO9WhE
1068573872520335360,Performance of the EULAR/ACR idiopathic inflammatory myopathies classification criteria in an expert-defined 10 year incident cohort | Rheumatology | Oxford Academic https://t.co/Vp4tYCMZen
1068573763288162304,"@DBubus Cal denunciar-ho tot el qu√® fan malament. Callar mai company! Ignoro a molts pol√≠tics quan xerren i xerren i s√© perfectament que m'enganyen, a tall d'exemple: fem Rep√∫blica. I els ignoro per salut mental! Tinc confian√ßa amb els cupaires i l'ANC! Salut i Rep√∫blica!"
1068573184977444864,"Dr Ruben Fernando Delgado oftalm√≥logo @HospitalSantPau No encuentra mas incidencia de conjuntivitis en pacientes tratados con #dupilumab, ‚Äúno todos los ojos rojos son conjuntivitis‚Äù #uptodatedermatitisatopica18"
1068571426825879553,"L'anor√®xia en clau de ficci√≥

Alguns novel¬∑listes han decidit crear hist√≤ries utilitzant la malaltia com a fil argumental de les seves obres.

M√©s informaci√≥ https://t.co/Y3DuLmm5hC https://t.co/cQN6thGDIH"
1068570740339982336,Jo el que no entenc √©s perqu√® no hi ha obres al Bernabeu
1068569636713713664,@wallapop Y llevo d√≠as con esta incidencia.
1068568977599795200,Al preguntarli perque agafa aquesta direcci√≥ em contesta que li han dit que ho fes perque el passeig de Onze de Setembre estava tallat. Li he recriminat que podia avisar al passatge i la seva resposta ha estat ‚Äúno voy a avisar a todo el mundo‚Äù. Crec que aquesta no es una resposta
1068567399312560129,"Arribem al centre comercial de la vergonya amb TOTS els accessos encara en obres, i sense permisos... i comencem el berenar popular amb... DUES IDENTIFICADES PER ENTRAR A DONAR UNA VOLTA AL CENTRE COMERCIAL! #NiExiliNiEspeculaci√≥ #Esplugues https://t.co/dYRYWcl6QC"
1068567176515338240,@Nex72599860 @Well086 No em fa cap gr√†ncia res de tot aix√≤. Encara hi haur√† un accident degut a la qualitat deficient espanyola. L‚Äô√∫nic que m‚Äôalegraria el dia √©s que els passi factura.
1068566973842448384,Les obres del passeig del Vapor Gran de #Terrassa ja tenen data d'inici https://t.co/WNJmSAR6tV
1068565554397626370,"Les fam√≠lies d'alumnes de @mestregibert tornen a sortir al carrer reivindicant l'expropiaci√≥ del solar, fins ara nom√©s paraules de part de l'Administraci√≥, per√≤ res signat i les obres promeses de reparaci√≥ del mur, sense comen√ßar #Ad√©uMurHolaSolar https://t.co/nEB8Uf9dh2"
1068565338193895429,"L'Estat no concreta data per les obres de la variant C-245
https://t.co/Acb8Eaevo9"
1068565196770353152,"El Govern de l‚ÄôEstat reafirma el seu comprom√≠s amb la represa de les obres de la variant de la C-245, per√≤ no concreta dates https://t.co/gIAYsIWFcU https://t.co/FOduLHUUp5"
1068563596232323072,"@alberginialforn Jo avui anava en bici i un senyor mha cridat SINVERGUENZA pq anava per la vorera, pro esq jope la carretera estava talladaüò≠"
1068562598604546048,#SALOU #FUTBOL #ESTADI #OBRES https://t.co/KxrARsvzhB
1068561610048974853,Finalitzen les obres de reforma integral del carrer Nou de #Castellar https://t.co/ciRQuHvY3l https://t.co/hd6qxSVXVr
1068560271575265280,"@BCN_Mobilitat #bicibcn Els bicitaxis poden circular pel carril de Proven√ßa, que t√© dos sentits i √©s molt estret? No hi passa una bici en sentit contrari. A sobre, se salten sem√†fors i adelanten ciclistes. Ho fan PORTANT TURISTES. @barcelona_GUB : espereu un accident? https://t.co/tbZEdUikCA"
1068555558129684482,"@txemafigue @OndaCero_cat @vodafone_es Con @vodafone_es ya me he dado por vencida, el problema es q ahora llamo para dar de baja mi servicio y ""casualmente"" tienen siempre una incidencia en el sistema que les impide acceder a mis datos... üò©"
1068555314167984130,"Festa M√©s Capa√ß. Diumenge, 2 de desembre de 2018 a les 11h. A LA PLA√áA PI TALLAT. Amb jocs l√∫dics, Escape Room M√©s Cap√ß i Xocolatada per a la #Marat√≥ de TV3. https://t.co/lHwhehmy4q"
1068554175372509190,"BARCELONA!
Vuelvo a casa por Navidad, en solitario, en plena Rambla y con un show completamente renovado!
Y recordad que si no te r√≠es TE DEVOLVEMOS EL DINERO!!
Os dejo el enlace para las entradas del Teatro Capitol:
Os estimu much como la truch al truch‚ù§Ô∏è
https://t.co/CsWQS7IN0c https://t.co/6Th2KCyu26"
1068553910946840582,https://t.co/7hhwChLpJF
1068553092898131969,Hi ha projectes que per manca de recursos queden malauradament aturats üòî. La Flor√®ncia renaixentista que alumnes de #4tprimaria estaven construint cooperativament i que es va quedar a mitges... despr√©s d'anys √©s encara una espina clavada üòîüòîüòî #MinecraftEdu #delqsoncapa√ßos https://t.co/ZE4lpQUuBk
1068552090480451584,"@davidrafols Realment ha dit ""No tengo ningun interes en la causa de los putos independentistas estos"" pero han tallat la frase"
1068551814696579078,"Amigues tenia el cabell per la cintura i me l'he tallat com per l'espatlla, senta taaaan b√© fer un canvi aix√≠"
1068550616564289538,"Hem comen√ßat #obres d‚Äôarranjament a una parcel¬∑la municipal del carrer Canaan, a #SantGen√≠s. Mira qu√® hi estem fent! https://t.co/ATfLM0oEaw @AVVSantGenis https://t.co/ITG9RrVSrZ"
1068550511874461697,√âs ben curi√≥s que ara el Real Madrid no hagi de fer obres als lavabos del Bernab√©u... #CopaLibertadores2018
1068550390600384512,"Seg√∫n un estudio de la @EASDnews los casos de #diabetes tipo 1 han aumentado un 3,4% por a√±o en Europa. Si la tendencia contin√∫a, la cifra podr√≠a duplicarse en los pr√≥ximos 20 a√±os https://t.co/IKHbIhEAJq"
1068549510509576193,El Consell d'Estat desencalla les obres de l'enlla√ß entre l'A2 i l'AP7 #santcugat https://t.co/JgzBeFUM7F
1068546921797746688,üó£Ô∏èDILL 3/12 comen√ßa #FemEU2019 primera campanya incid√®ncia #EleccionsUE2019 amb mirada #Feminista per posar al capdavant #agendapol√≠ticaUE #DretsHumansDones #IgualtatG√®nere @feminismesR4 @emujeres @TFeminista_ @MujeresRtve @efeminista_efe @elpais_fem @socialpuntcat @btvnoticies https://t.co/TQGLuzik2w
1068544932196028416,@EMDValldoreix @totsantcugat @elCugatenc @jpuigbelman @SherradaSusana @bgisbertemd @elenadego @policiastc Dilluns √©s dia 3 de desembre. Les obres comencen el dilluns o el dimarts?
1068544392795967489,"@JaumeFabrega Si, jo encara hi visc. I popularment es deia ""tall"" a la carn o peix. Per√≥ ara el llenguatge popular desapareix. El jovent ja no ho diu."
1068543661162545152,"@Ivan_garcia24 @HxIrina @Magoelmago3 @LUCCIA275 @barbarabam @protestona1 Ya veo que algunos llaman extrema derecha a todo lo que no les gusta... jejeje, dif√≠cilmente puede ser de derechas un partido que no concibe al individuo como eje central, sino al Estado. Putin tiene un sentido de la sociedad con una incidencia del Estado enorme.Poco que ver con+"
1068543176003084288,Quan √©s necess√†ria  la coordinaci√≥ de seguretat a les obres de t√®cnic √∫nic? #visats #faq https://t.co/DFSz4vakSJ
1068539895151509509,"#Figueres licita la primera fase d'obres de la casa natal de Dal√≠ per 1,16 MEUR https://t.co/slSBcCg4pN"
1068539830475333635,"@FGC Gr√†cies. Efectivament ja funcionen els serveis llen√ßadora. Ara, per un tall d'aquestes caracter√≠stiques costa una mica de trobar la informaci√≥. Per exemple, em sorpr√®n de qu√® no es faci cap refer√®ncia per megafonia"
1068538722419908608,https://t.co/wFdDHLuB7O
1068537486346018816,Sorpresa entre els passatgers pel tall del servei de tren de Sant Boi a l‚ÄôHospitalet https://t.co/g8pTxPgyfe https://t.co/WPlJ8v8ax2
1068537429357969408,"@Bernat_Castro @miqueliceta Miquel si menges pa, no et pixis a la farina. I ho fas cada cop que obres la boca. T√†ncala, fes dej√∫ I laxa't a la via, que √©s el que et conv√©."
1068532999082389505,"Un ""c√†rtel opac"" d'empreses donava diners a CDC a canvi d'obres p√∫bliques. Dues de les que s'investiguen s√≥n la prolongaci√≥ de ferrocarril i l'estaci√≥ de Ca n'Oriac a #Sabadell https://t.co/AtZapagEGX"
1068530230795493377,"Aquest cap de setmana hi haur√† tall de circulaci√≥ per a vehicles de m√©s de 8m de longitud al pont del Brugent (C-63, a les @aj_planes ). Consulteu les afectacions al transport p√∫blic a: https://t.co/dRWUeiee7n"
1068529316026179584,@GenisBoadella @xaviertrias @AdaColau Es de copiar i pegar!!! Si ho hagu√©s posat en marxa abans potser algun cop o accident s‚Äôhagu√©s evitat!
1068528772171722753,Me ha gustado un v√≠deo de @YouTube (https://t.co/EAB11x54tY - SATV 291118 anunci reinici obres enlla√ß a2 ap7).
1068528587978887169,"El Suprem va concloure que les obres de Juli√°n Mu√±oz Ramonet s√≥n de l'Ajuntament, i avui ha recuperat una d'elles. https://t.co/uxZzNuNtTp"
1068528272240128001,"Salva Fern√°ndez (@salbaFR): ""Un a√±o despu√©s sali√≥ ""The Adventure of Link"", que no cumple las caracter√≠sticas base de la saga. El t√≠tulo no tuvo incidencia real en la franqu√≠cia, m√°s all√° de detalles como la barra de magia"". 

@BCNGamesWorld @HeroesdePapelES"
1068528056724160512,Un c√†rtel opac d'empreses donava diners a CDC a canvi d'obres p√∫bliques https://t.co/9fNh2XwKcC
1068527000145416194,üëâüëâTreballs de retirada d‚Äôun arbre caigut del jardins de Casa Caritat a la cantonada c/ Mn Jacint Verdaguer-Verge de l‚ÄôAlba #Manresa. Tr√†nsit en direcci√≥ Centre Hist√≤ric tallat a la pla√ßa St Jordi mentre durin els treballs https://t.co/RPeAlg0aXL
1068526063200874496,"Feia dos anys que els investigadors li seguien la pista. Finalment, la policia l'ha detingut quan sortia de casa seva a Barcelona
https://t.co/iX1AKctN2E"
1068523615346282496,"Avui estem contentes! Hem ajudat una companya, que tamb√© s'ho ha currat moooooolt, i ha valgut la pena l'esfor√ß! Baixa per accident laboral aprovada! https://t.co/t5juR8aOwp"
1068523284516364290,Les obres de reforma del Cercle Calong√≠ avancen a bon ritme. Aquesta setmana ja s'est√† col¬∑locant la nova coberta. Aviat podrem tornar a tenir el caliu del Cercle Calong√≠ a la Pla√ßa Major! Som-hi!!! #calongeisantantoni https://t.co/47ewNLPieo
1068522302428475393,"@escabellat Tu encara no m'has dit com ser feminista. Encara. Si ho fas, doncs... Potser pateixes un terrible accident magufo xD."
1068522283709358080,"@diariARA Cada vegada que obres la boqueta la cagues,  miquelet...!!!. üí©üí©"
1068522126519332865,"@terratremol66 Un motorista ferit en un accident a Sant Cugat.
https://t.co/ayQiBBih4X"
1068522071536222208,"@GringoSkiador @cugatcat @policiastc Un motorista ferit en un accident a Sant Cugat.
https://t.co/ayQiBBih4X"
1068521674251751424,ATENCI√ì: Un motorista ferit en un accident a #SantCugat https://t.co/hTkPR3E0Wx
1068521394697195522,"En marxa els treballs per ampliar l'espai expositiu del MUHBA-Oliva Art√©s i incorporar un nou espai polivalent. Les #obresBCN acabaran la primavera del 2019. #femBarcelona @bcncultura 
üëâ M√©s detalls a: https://t.co/dICuC49QYi https://t.co/4vVGdKTpTu"
1068520698287542272,‚ö†Ô∏è Atenci√≥! A partir del 24/10 comencen les obres de millora de l'enllumenat p√∫blic del parc de la Creueta del Coll. M√©s: https://t.co/bOWuyfu2YW https://t.co/pcWMwpJfd8
1068520146027704325,Ahir @tac12_tv es va despla√ßar fins la Festa del Calamar de #Salou i aixi mostra la seva experi√®ncia en aquest v√≠deo https://t.co/1eaSL4laLB @PereGranados https://t.co/NEuxlugrct
1068517815500464128,"Ho deixaran aix√≠ fins que acabin les obres de Can Draper? Ara es tot un fanger, a l‚Äôestiu un n√∫bol de pols. Convido a qui vulgui a passar pel carrer Bruc i que vegi el que est√† passant. Vergonyos! @EL9NOU_VOr @jotajlpf @arturbaro @luckyuvemax13 @aleix_angrill https://t.co/23kTro0qxM"
1068517099054612481,@Sintueldlagorra Cert! per√≤ si una final de Champions la jugu√©s el Bar√ßa tamb√© tindria els lavabos en obres! üòÇ
1068516054035509248,A Dying Breed | A ski BASE Documentary | Part 1: The Accident https://t.co/4dbBiNKUH4
1068515118881759237,La Txell Botey de @teatrealdetall va aconseguir que sort√≠ssim a la not√≠cia sobre els @PremisButaca al #TNmigdia de @tv3cat! Podeu veure el tall al minut 39 del #3alacarta https://t.co/vIl5wYkycV
1068515019342733312,Aquesta setmana han iniciat les obres per ampliar el pati de l'escola de La Mirada a #santcugat https://t.co/oKYmTtAzDy
1068514775368314881,@PoliciaCalella hi ha hagut algun tall d'aigua fa cosa de 20minuts? Al c/ Jovara-escoles pies no en tenim
1068514567259607040,A Dying Breed | A ski BASE Documentary | Part 1: The Accident https://t.co/0rSEbLw3Dv
1068511895487950848,"No resulta sorprenent que Florention cedeixi l'estadi per la copa Libertadores per√≤ que si li demanen per una final de Champions, que hi juga el Bar√ßa, els lavabos estan en obres SEMPRE!!!"
1068509313793183744,"Gr√†cies @FGC per l'excursi√≥ en autocar #SantBoi - #Hospitalet i a l'inrev√©s. Mola mazo #NO, per√≤ ei, que si s'havien de fer obres i tal pues res, que s'ent√©n, res a dir.
Ben organitzat i amb gent preparada per donar info üëç"
1068509200286920704,Era al bus quan m‚Äôhe trobat l‚Äôaccident. Ja estava traient la c√†mera quan he vist els dos ferits a terra sent atesos per @emergenciescat. He apagat la c√†mera. https://t.co/dKSM0yqGQi
1068508787588427776,"Tal dia com avui va morir un dels grans #escriptors de la literatura universal, #OscarWilde, autor d'obres com El fantasma de Canterville. @Lectfacil #LecturaF√†cil https://t.co/B623hYTwsW"
1068508725181378560,"Dilluns 3 de desembre, inici de les obres al carrer Sant Ramon per transformar-lo en carrer de prioritat invertida. Consulta a l'enlla√ß tota la informaci√≥üëáhttps://t.co/P9Xors18q5 https://t.co/vakhVEFoQb"
1068508080751677440,"Taula de presentaci√≥ de novetats editorials sobre Fabra. Els autors (Joan Mart√≠ Castell, David Paloma, M√≤nica Montserrat, Miquel √Ä. Pradilla, Josep Murgades, Marina Mallafr√®, Jordi Ginebra, Antoni Ferrando) presenten les seues obres respectives. #VCol_loquiFabra #URV #PompeuFabra https://t.co/BZPYHYSe8n"
1068507510041137153,"@calellaesmes @montsecandini @PoliciaCalella @torrentvi @RadioCalellaTV Fins ara tenia aigua, i ara veig que no en tinc, hi ha hagut algun tall ( Jovara-Escoles Pies)"
1068505376679710720,Chart and plot the #cyberthreat landscape using over 90 million+ with Threat Context. Improve team productivity and accelerate incident triage and response. Our blog on our newest module here. https://t.co/yuQQnEo7jk https://t.co/FoV7OVCI5h
1068505113491320833,Ja han acabat les obres als lavabos del Bernab√©u?
1068505108210745344,"El bus va a petar i diu que ja n'han passat 3 de plens. Alguna cosa no funciona quan per arribar a Manresa en un mateix dia tenim obres a FGC, menys trens a la Renfe i busos a tope sense refor√ß. Aviat no podrem anar a treballar a Barcelona a no ser que sigui en bici..."
1068504667016101889,"üì¢ ATENCI√ì!
√âs divendres i hi ha les habituals retencions a aquesta hora a la B-30, a l'al√ßada de #Cerdanyola sentit nord
#CerdanyolaEnDirecte https://t.co/JOmAmQD75f"
1068503578069950464,Obres que us faran quedar b√© amb la gent que m√©s estimeu üéÑüòçüìö  https://t.co/0LCdD3XOwU
1068503062514475009,El gat que encara no ha sortit a Instagram i la zona de Vic que no est√† en obres.
1068501825412833281,"‚ö†Ô∏è#AjuntamentInforma: El proper dilluns, 3 de desembre, es produiran obres al Cam√≠ del Golf (cru√Ølla amb Av. Sant Andreu), per realitzar els treballs adients per tal d'instal¬∑lar una nova canonada d'aigua. Per aquest motiu, es produir√† un pas alternatiu al llarg de tot el dia. https://t.co/OGfNaXUCtm"
1068501463238873088,@FGC quin √©s el motiu de les obres entre hospitalet i sant boi?
1068501200784494592,"Coneix les obres modernistes m√©s populars i quotidianes com ara farm√†cies, comer√ßos o fanals amb #RutaModernismeBCN https://t.co/q3KfMDoIe9 https://t.co/oqVR8srf02"
1068499350400188417,L1 de l metro continua tallada per assist√®ncia sanit√†ria a Clot @TMBinfo
1068499184054087680,Al camp del Madrid no poden portar una final X els aficionats destru√Øren lavabos i tindrien q fer obres i no √©s podr√≠a jugar la final del Bar√ßa.
1068498831891927040,Els alumnes de 6√® presenten un autor de la literatura espanyola i llegeixen fragments de diferents obres. https://t.co/HRMOj8zv3A
1068498717106421761,"@TMBinfo Hola, tren a Fabra i Puig L1 aturat fa 5 minuts, hi ha cap incid√®ncia?"
1068497561223348229,"Atenci√≥! Fins el 14 de desembre el tram final de les escales mec√†niques de la Baixada de la Gl√≤ria, al c. Mare de D√©u del Coll, romandr√† tancat per obres de manteniment en el clavegueram. M√©s: https://t.co/0qjYMYbRe2 https://t.co/Z15nXAzA1Y"
1068497385431678976,"‚ùóÔ∏èAV√çS: @sorea informa d'un tall de subministrament d'aigua per treballs de manteniment a la xarxa.
üìÖDilluns 3 de desembre
‚åöÔ∏èTemps estimat: de 9 h a 17 h
üìçZona afectada: C/de la Pla√ßa del 100 al 92, C/ de la Cisa del 2 al 8 i
C/de N√∫ria del 2 al 16 #Premi√†DeMar https://t.co/m6us6tPTyF"
1068496958136950786,"üî¥ S‚Äôacaba de produir un accident a la Gran Via sentit Barcelona centre, a tocar de Pla√ßa Espanya. Un xoc entre un vehicle i una moto ha deixat dos ferits. @btvnoticies @324cat @diariARA @rac1"
1068494884804444160,Descarga nuestro ebook sobre el uso de las #NuevasTecnolog√≠as en la empresa y su incidencia en los derechos de los trabajadores https://t.co/7O1KyfAfry
1068494856580943875,"Us recordem que mentre durin les obres restar√† obert l'itinerari 3 dels Espais Naturals del Riu, en tot el seu recorregut, fins al mirador de la Bunyola."
1068494854714531841,"#Av√≠s A causa de les pluges, s'allarguen les obres de reparaci√≥ de la canonada d'impulsi√≥ de la dessaladora i els accessos a la carretera Fonda i l'itinerari de Carrabiners i Sem√†for continuaran tancats al p√∫blic m√©s temps del previst. https://t.co/gfH6CRghUH"
1068494138058960896,@FGC gr√†cies per com heu organitzat tot el tema de les obres. amb tots els agents d'estaci√≥ que heu posat es Tot m√©s f√°cil!
1068493599522852865,S'allarga el tancament per les obres al D√≠dac Garrell #Palam√≥s @AjPalamos https://t.co/jZjCk7pQeh https://t.co/DXwvI1NWyg
1068493557189787649,"Rebem amb satisfacci√≥ la not√≠cia de l'aprovaci√≥ del darrer tr√†mit per reprendre les obres de connexi√≥ de l'AP7 i l'A2, una obra fonamental per la mobilitat de Sant Andreu de la Barca i de la seva zona d'influ√®ncia. Avancem per millorar la #qualitatdevida de les persones!"
1068493293057650688,"@socialpuntcat @openarms_fund @noalestigma Que important √©s la denuncia i la incid√®ncia pol√≠tica, manifestar amb treball i amb fets els incompliments per part de les administracions p√∫bliques, necessitem articular la veu per denunciar quan es mira cap a un altre costat, felicitats per la pon√®ncia i la jornada!! Endavant!"
1068493114543755264,VILADECANS: L80 - L87 - L99 Tall provisional al carrer de la Vila per Cursa Popular La Sansi https://t.co/Vyz3Q9Cq7P
1068493113205784576,SANT BOI DE LLOBREGAT: L77 Tall provisional a l'avinguda Maria Girona https://t.co/FwXfJYd2o1
1068492398362337280,Executem obres de manteniment a la @bstvicenscsvc https://t.co/XZ20W0gX9H #SVCastellet https://t.co/FkjWCXFFTC
1068491861482967040,"üî¥ Desenes de professionals de l'atenci√≥ prim√†ria han tallat la ronda de Dalt durant uns minuts. No comparteixen l'acord que ha posat fi a la vaga

M√©s informaci√≥ ‚¨áÔ∏è
https://t.co/ByECeIW9hT https://t.co/hZguhTWWda"
1068490912412643328,"Donem suport a la campanya d'incid√®ncia #EleccionsEuropees2019 i #FemEU2019 pq l'#agendapol√≠ticaUE incorpori la igualtat de #g√®nere com a prioritat. 
La jornada CONSTRU√èM EL FUTUR D'EUROPA AMB MIRADA FEMINISTA n'√©s el punt de partida 3/12 a @LaBonne_CCDFB&gt; https://t.co/5ItwyhhbvZ https://t.co/PY6p83a0vc"
1068490723157307394,Aqu√≠ res es mou. Trens aturats fa m√©s de 30 minuts. Cap mena d'informaci√≥. @RenfeRodalies @Renfe servei INDIGNE per la classe treballadora que mou el pa√≠s. https://t.co/fBHfghOizD
1068490402951561216,"A partir d'avui i fins dijous vinent, les obres dels nostres petits artistes seran exposades al hall de @CasaPieraBCN Aneu a votar l'obra m√©s nadalenca del Raval! https://t.co/sRRkzwY1kk"
1068490308349034496,"üìÖ Dem√† dissabte 1 ‚è∞ 18h: ""Raimon Panikkar, entre Orient i Occident"", confer√®ncia d' @IgnasiMoreta  a Concabella @AmicsConcabella  @anypanikkar : https://t.co/3gUcBfixZP

üëâ Obres de Raimon Panikkar a Fragmenta: https://t.co/6klyFH9B5X https://t.co/aq8RXczh9A"
1068489936926588930,"@torrensen Gr√†cies, ho fem aix√≠ efectivament per evitar cues, per√≤ traslladem la teva inquietud. Disculpa les mol√®sties."
1068489005476528128,"Ara mateix, companyes de #Cerdanyola participen en la tallada de les Rondes de Barcelona. #Atenci√≥Prim√†ria #VagaAP  #RevertimLesRetallades  #CAPalsCarrers #EAPenvaga #DignitatAP https://t.co/q2DAAWFJrT"
1068488643931713538,"Ara mateix, companyes de #Cerdanyola participen en la tallada de les Rondes de Barcelona. #Atenci√≥Prim√†ria #VagaAP  #RevertimLesRetallades  #CAPalsCarrers #EAPenvaga #DignitatAP https://t.co/yNQ2vawHKv"
1068488533483184135,@FGC Ah si? No s'ha tallat finalment la l√≠nia del Carrilet?
1068487887652642818,Personal sanitari i administratiu de l'AP i usu√†ries han fet un tall a la ronda per acabar les mobilitzacions d'aquesta #VagaPrimaria de 5 dies. Seguirem la lluita de @rebelioprimaria i @SAPMuntanya. Per una prim√†ria digna per totes! üí™üèΩ https://t.co/KnWjZNSsxv
1068487650435317765,"CCOO lamenta profundament l'accident laboral ocorregut a Lli√ß√† de Vall, on ha mort un treballador https://t.co/gEW5ZRiDf8 Ahir dijous, 29 de novembre..."
1068487324537901057,"üì¢ Recorda! Del 13 NOV al 7 GENER, l‚ÄôOAC de l‚Äô#Eixample obre en serveis m√≠nims amb cita pr√®via. M√©s informaci√≥: https://t.co/I03fXjN355 https://t.co/LISpcCtUU0"
1068486359952838657,"Acaba el tall i amb aix√≤ la m√≤bilitzacio matinal de #VagaPrimaria!!

Per√≤ les companyes diuen molt clarament que aix√≤ no acaba avui, que tot comen√ßa ara!!

For√ßa companyes!!

#NouBarris #LluitaP√∫blica #CAPalsCarrers #DignitatAP https://t.co/5oHFSnmptP"
1068485227612381186,"‚ñ∂Ô∏è Recordeu que els propers 3, 4 i 5 de desembre es produiran canvis provisionals en el tr√†nsit al Passeig del Mar al sector de les obres de Rius i Calvet.
Aqu√≠ tota la informaci√≥ ‚¨áÔ∏è https://t.co/AwDxSxiYQt"
1068483393552334848,"En accessibilitat comunicativa en la vida cultural, i en especial al teatre, hi ha gaireb√© tot pendent de millorar. Per√≤ cal tenir en compte que l'accessibilitat ha de ser bidireccional: Cal tamb√© obres de teatre en llengua de signes com a idioma original. #SimbioticFestival2018 https://t.co/JScyFO83Zs"
1068483158704877568,"@SimbioticFest @BCN_Accessible @bcncultura @Fundacion_ONCE @aciccat @nauivanow @AxDiversitat @entitatecom @infoSubtil @Liceu_cat @DiariDiscapCat En accessibilitat comunicativa en la vida cultural, i en especial al teatre, hi ha gaireb√© tot pendent de millorar. Per√≤ cal tenir en compte que l'accessibilitat ha de ser bidireccional: Cal tamb√© obres de teatre en llengua de signes com a idioma original. #SimbioticFestival2018"
1068483098969542656,Tallada la Ronda de Dalt a l'altura de la sortida 3!! #NouBarris #LluitaP√∫blica #VagaPrimaria #DignitatAP #CapAlsCarrers https://t.co/vnw5kPdzAk
1068482739643535361,"L'#Associaci√≥EspectadorsTeatreMercatVellRipollet √©s l'encarregada de fer un teatre 'del p√∫blic i per al p√∫blic' de #Ripollet. Un cas gaireb√© ins√≤lit i que s'hauria de fomentar. 

Bravoüëè

@AjRipollet @TeatresODA @Culturaripollet 

https://t.co/vV3d4HT2OM"
1068482438144425984,"Parlem amb la Rosa Maria Vall√®s, #directora de la @BibJoanMargarit de #santjust üìö, que romandr√†  tancada per obres entre l'1 de desembre i el 20 de gener del 2019. üìç@santjustcat #radiodesvern [√ÄUDIOüéß‚ñ∂Ô∏è]
https://t.co/kSKAr5fMAX https://t.co/2gHQrH8nZg"
1068481587673731073,"El @matarocat i @TecnoCampus Matar√≥-Maresme han atorgat en la Nit de la Emprenedoria i la Innovaci√≥, el 3er premi al el projecte de Emprenedoria assessorat per @Secotbcn anomenat ""EVIX"" consistent en un dispositiu que permet augmentar la seguretat del ciclistes en cas de accident https://t.co/I9RUosWysf"
1068481346878742529,"@maytedentori @SEUR_responde Me he puesto en contacto con Sephora esta ma√±ana ,les han reclamado los 2 env√≠os, seguimos igual ,los tienen en "" incidencia ""."
1068481042934349824,L‚Äôaparcament de la disc√≤rdia va a la Fiscalia. Els ve√Øns de Pins Vens denuncien irregularitats en les obres que es realitzen en aquesta zona verda. #Sitges https://t.co/uNEbBDbFut https://t.co/tq1A91fEtI
1068480017833869315,"‚ö†Ô∏èRecordeu que dilluns inicien els canvis provisionals de circulaci√≥ a la zona d'obres de Rius i Calvet. Les afectacions tindran lloc el 3, 4 i 5 de desembre com a motiu de l'asfaltat i pavimentaci√≥ definitiu de l'√†mbit de les obres.‚ö†Ô∏è

+ informaci√≥ a https://t.co/LmCn6REBjZ https://t.co/Qe7MgAMgFQ"
1068479603147198464,"El regidor Eduard Terrado garanteix que no s‚Äôha com√®s cap irregularitat en les obres de l‚Äôaparcament a Pins Vens, i afirma que la comissi√≥ de territori avala el condicionament del terreny situat al costat del pavell√≥ sense necessitat de requalificar-lo. https://t.co/yWx1F1Bcm3"
1068479430295777280,"@SamAsturiano @SEUR_responde @SEUR ¬°Hola! Disculpa, ¬øhas podido slucionar tu incidencia? Si nos facilitas tu referencia de pedido te llamamos para tratar tu caso personalmente. ¬°Gracias! Y disculpa las molestias ocasionadas."
1068479040376504320,"Aquest vespre, en el marc de la Festa Major de St. Andreu, tindr√† lloc la lectura del veredicte del jurat i s'inaugurar√† l'exposici√≥ de les obres seleccionades del IV Concurs de Pintura i Escultura del Museu Arxiu.
‚è≥19.00
üìåMuseu-Arxiu de #Llavaneres
üëâhttps://t.co/kGbjroEjqD https://t.co/nCsu5JH0jh"
1068478017247293441,"@JoanBoronat Bon dia, Joan. Els sacs amb perm√≠s poden estar a la via publica fins a tres mesos, segons la llic√®ncia. Per tant, t'agrair√≠em, si us plau, que enviessis la incid√®ncia via Epp, per tal de poder-ne fer el seguiment des del departament corresponent. Moltes gr√†cies a l'avan√ßada."
1068477345953140736,Dilluns comencen les obres de construcci√≥ d'un tram de vorera a la carretera del Pont de Vilomara de #Manresa https://t.co/cZU88lDFlS https://t.co/TANu2fWBsV
1068477067283636224,Un suposat acord entre restauradors i Mercasa referent a les obres del Mercat Maignon que encara estem esperant que el Regidor ens expliqui. https://t.co/PkdWM1ICDW
1068476242817679361,"Dilluns, 3 de desembre: Tall de tr√†nsit dilluns al c/ Lluna: De les 9,15 a les 16,30h. Estar√† tallat al tr√†nsit de vehicles el carrer de la Lluna, a la cru√Ølla amb la pla√ßa de Puigmolt√≥, amb motiu d'unes obres de reparaci√≥ d'un embornal."
1068476050676563968,"Afanyeu-vos: avui, √∫ltim dia per visitar l'exposici√≥ #ProuViol√®ncia! Una mostra de fotos, quadres i textos de joves v√≠ctimes de viol√®ncia masclista com a resposta a la seva experi√®ncia. #25N #65anysdeProuViol√®ncia
‚è∞ 16.30-21h
üìå @cbarripoblenou
‚ÑπÔ∏è https://t.co/hwZvpbvdsx https://t.co/ZHhgDx3foe"
1068476045106524160,"@maytedentori @SEUR_responde A m√≠ tambi√©n me resulta incre√≠ble, m√°s que eso : me resulta surrealista . 3 d√≠as llevo esperando 2 paquetes de Sephora ,y aqu√≠ no aparece repartidor alguno . Cada pocos minutos los env√≠os est√°n en incidencia . Me temo que alguien est√° disfrutando de mis productos ,suele pasar."
1068475508365639681,"Hola @mailpro tenemos incidencia y no conseguimos contactar.
Nos pod√©is ayudar?"
1068474658423480320,"El Club Super 3% üòÇüòÅüòÑ
üî¥
Un c√†rtel opac d'empreses donava diners a CDC a canvi d'obres p√∫bliques https://t.co/QgrRxfQ8KX"
1068474438977503233,@cdmon hay alguna incidencia con los servidores? No me funciona ninguna cuenta de mail...
1068472206005624832,"El lio que es forma quan els cotxes q circulen per Josep Tarradellas volen girar a l'esquerra cap a Avinguda Sarri√†.
Veieu el taxi de la foto aturat taponant el carril bici damunt la catifa vermella?
Doncs fins a 4 cotxes aturats fent tap podeu imaginar.... https://t.co/eLEtLofFIr"
1068470259982643200,A la #Llar d'#Infants de #FEDACS√∫ria hem creat les nostres pr√≤pies obres d'art amb pintura flourescent. #CreActivitat #passi√≥xeducar #avuixdem√† #Aprenem #ElsEspaisParlen #Aula d'#Ambients https://t.co/7lcaGXLk6C
1068470150125494273,Inaugurem les obres de reurbanitzaci√≥ d'un tram de la travessera urbana de la C140z a #Call√∫s que garanteixen la continu√Øtat de l‚Äôitinerari de vianants pel marge dret amb una vorera accessible i tamb√© la del marge esquerre https://t.co/wS56L1UVkx #Som311 #DibaOberta https://t.co/4xODiKKCvr
1068466801997172736,@deltallobregat obres per a√Øllar els depredadors que tenen forma de pescador furtiu?
1068466009370226688,El Consell d'Estat desencalla les obres de l'enlla√ß entre l'A2 i l'AP7 https://t.co/KpltUqhi3z #Castellbisbal
1068465507169382401,"‚ñ∂Ô∏è Constru√Øm el futur d'Europa amb mirada feminista.

üí¨¬†S√≠lvia Aldavert i Gemma Altell, de @lassociaciodsr, participaran de la taula rodona ""Com FEM Europa des de la incid√®ncia social"", amb Montse Pineda i @npociellocay8. 

üìÖ 3 de desembre
üïò 9.00 h - 14.00 h
üìç @LaBonne_CCDFB https://t.co/CthAnF2KY0"
1068464597575876612,"L'home¬†tenia una ordre de cerca i captura amb ingr√©s a pres√≥, emesa per l'Audi√®ncia Nacional el 2016
 https://t.co/GwjC9eYLKn"
1068463651714023429,"L‚Äôala Denon, on s‚Äôexposa ‚ÄúLa Gioconda‚Äù, i l‚Äôala Sully, amb obres d‚Äôart eg√≠pcies i gregues, seran els dos espais del Louvre que es podran visitar gratu√Øtament a la nit
https://t.co/q3wSyhkgmc https://t.co/X4gubgCr7P"
1068463552879570944,@Glovo_ES contactadme para incidencia por favor
1068462074081230848,"Ara mateix a la sala Rafael Mas√≥ de la demarcaci√≥ de @COACGirona #helenahugas   
a la jornada professional: #obres subjectes a la #loe, el #projectista i la #direcci√≥ #facultativa https://t.co/J2ubV6YW9J"
1068461478955618304,"Obres de tancament de les vies del metro al seu pas per la pla√ßa Catalunya als anys 20. L'autor, Esteve Terradas Illa, era precisament el director de les obres i acostumava a documentar gr√†ficament el desenvolupament dels projectes.

@IEFC_fotografia @TMB_Barcelona @Mobilitat_AMB https://t.co/U3vPAfJD9a"
1068460281263808512,"Hola, hem tram√®s la incid√®ncia al departament corresponent (ref. 3669VCS). Pots consultar el seu estat o reclamar-la, si s'escau, aqu√≠ https://t.co/GHCm9Vd0YS Gr√†cies!"
1068459814236422145,"Dilluns 3 comencem #obres d‚Äôarranjament a la pla√ßa de Meguid√≥, a #SantGen√≠s. M√©s detalls aqu√≠ https://t.co/XQVrKNYmjk https://t.co/iRjacuUy3m"
1068459796419018753,"Amb @candelalopezt, tinenta d‚Äôalcaldia de Castellfls i coordi d @CatEnComu_Podem, Montse Pineda, coordinadora d‚Äôincid√®ncia pol√≠tica de @CreaPositiva, @NatiVeraguas, secret√†ria de feminismes i LGTBI+ a catcomu i Blanca De Riquer, assessora de Comissi√≥ d‚Äôigualtat del @Europarl_CAT"
1068458498206429184,"Visitem l'#EscolaEspectadorSagrera per con√®ixer aquesta iniciativa que vol apropar la @nauivanow al ve√Ønat del barri de #LaSagrera üöá
Ens ho expliquen #DavidMarin i @MarcChornet 

https://t.co/CxOJz8J76T"
1068457488872288257,Al carrer Mimoses de L‚ÄôHospitalet fan obres. Per on passa una persona amb mobilitat redu√Øda? #shareDiversitas #DiversitatFPT https://t.co/BEm86KUReX
1068456479655514112,"Com som els #espectadors catalans‚ùì

@oriolpuigtaule ens explica les difer√®ncies entre el #public del @teatrenacional, la @SalaFlyhard, el @maldateatre o els @TeatresODA 

Us sentiu identificats amb alguna sala en especial?üòâ

@apuntadorNUVOL @nuvol_com 

https://t.co/TfO91VQc0O"
1068456083235225600,"Un c√†rtel opac d'empreses donava diners a CDC a canvi d'obres p√∫bliques.
https://t.co/mZT9SMSXd2"
1068456017002938368,"Av√≠s:
Des d'ahir a la tarda s'ha tallat l'av. Mirador a l'al√ßada del n√∫m.38 per la pres√®ncia d'un esvoranc. Aquest tall no afecta a l‚Äôacc√©s als habitatges. S‚Äôha modificat la ubicaci√≥ dels contenidors i s'han reubicat al c/Brasil. El Valllib√∫s no veu afectat en el seu recorregut."
1068454961942577152,"Qu√® podem anar a veure el cap de setmana?üìÜ

‚úÖ 'Ever after' al @maldateatre 
‚úÖ'Una lluita constant' a la @salabeckett
‚úÖ'La omisi√≥n de la familia Coleman' al @Teatre_Romea 
‚úÖ'A.K.A.' al @teatrelliure

https://t.co/RVhBdtB3Zz"
1068454900131078144,"No es veu gaire,... Per√≤ aquest vestit me l'he fet jo!!! (La motxilla tamb√©). M'he tallat la cara perque era cara de ""odio a todo el mundo"". #handmade #hechoamano #fetama #diy‚Ä¶ https://t.co/PxfcWvR6oq"
1068454493044523014,"üîä S‚Äôinicien les obres del Pla Municipal de Prevenci√≥ d‚ÄôIncendis Forestals

‚ÑπÔ∏è https://t.co/QwZPjm986W

#actualitatcalella https://t.co/eRnwt5qgak"
1068453473203695617,"Nova edici√≥ dels @PremisButacaüì¢

Els premis de üó≥Ô∏èpopular de Catalunya ho s√≥n realment?
Anem al @TeatreAuditori per preguntar als #espectadors de la gala... 

Coincideixen els vots amb els premiats‚ùìüßê

https://t.co/f7TCn58oiW"
1068453347328430082,"L‚ÄôAjuntament valora positivament que s'hagi aprovat la modificaci√≥ del projecte de l'enlla√ß A2-AP7 que ha de permetre que es reprenguin les obres, tot i que lamenta que no hi hagi encara una data concreta d‚Äôinici dels treballs #Castellbisbal #connexi√≥ara https://t.co/ukhjbhOm3G"
1068453345524887552,"Aquest mat√≠, 4/4 desnonaments aturats a Nou Barris ‚úä
Ara anem al cap de la Guineueta a la contentraci√≥ de l'Atenci√≥ Primaria https://t.co/7oEWuUdCCg"
1068452644207960064,"Enric Llorca, Alcalde de Sant Andreu de la Barca anuncia que el consell d‚Äôestat aprova el darrer tr√†mit per re-iniciar les obres de l‚Äôenlla√ß de l‚ÄôA2 i l‚ÄôAP7 https://t.co/l1k3HkhtzI via @https://twitter.com/santandreutv"
1068452563937370112,"#ReginaGim√©nez i #XavierAren√≥s s√≥n la primera parella d'artistes del cicle ""Modernitat amagada | Pavell√≥ Sert"" del M|A|C Espai #CanPalauet a cura de #Dom√®nec + #DaniMontlle√≥.

Gaudiu de les seves obres fins al 12/12, quan donaran pas a la seg√ºent parella d'artistes.

‚ú®üíóüéØ https://t.co/GLuh4IB5II"
1068451087500410880,"L'home, de 72 anys, prenia mesures de seguret i autoprotecci√≥ ""extremes"" 

https://t.co/GwjC9eYLKn"
1068449711173107712,"@Aaronperez67 100% de acuerdo Aaron! Importante controlar todos estos aspectos porque aunque no lo parezca, tienen mucha incidencia en el juego. Un saludo!"
