"RT @dgcrespo: Hola @Blanes_cat,  Tota la documentaci√≥ presentada, tots els tr√†mits fets, l'associaci√≥, voluntaris i veterinaris preparats.‚Ä¶"
"RT @btvnoticies: üöß Les obres per construir un nou ascensor que conecti el barri del Putxet amb l'L3 del metro de Vallcarca, comen√ßaran el 2‚Ä¶"
"#GiletsJaunes a la sortida de l'autopista a Perpiny√† aquest mat√≠. Els camions, aturats. Gendarmes molt educats fent-nos passar per una √∫nica entrada de peatge (cremat i apedregat). I llavors els armilles saludant els cotxes. üí™ https://t.co/8e8sLZtHCe"
La nit del 10 de desembre es tallen diverses vies de #Montju√Øc amb motiu d'obres de pavimentaci√≥. Els talls afectaran el tram del pg. del Migdia compr√®s entre el pg. Ol√≠mpic i el cam√≠ d'acc√©s al Mirador del Migdia i els dos sentits del t√∫nel de Miramar. https://t.co/wtTRqdqhYP https://t.co/dDx9i9uIHh
"üöß Les obres per construir un nou ascensor que conecti el barri del Putxet amb l'L3 del metro de Vallcarca, comen√ßaran el 2020

https://t.co/MzU0o4QN5F"
Obres que us faran quedar b√© amb la gent que m√©s estimeu üéÑüòçüìö  https://t.co/0LCdD3XOwU
Aix√≠ va ser el tall independentista  de l'A7 coincidint amb el Dia de la Constituci√≥. https://t.co/mt5HH1mkio
"S‚Äôincendia part del material de construcci√≥ de les obres de La Teneria, al carrer Sant Bartomeu 
https://t.co/0CkQ9HuYuI"
"RT @RazzmatazzClubs: ¬°HOY!
FUEGO: Enry-K + Denyerkin + Anti-Bad + @DJ2D2
THE LOFT: @ClipMuzic &amp; @coranovoa live + @djundo
LOLITA: Beautiful‚Ä¶"
"üè† Sab√≠eu que Joan #Mir√≥ comen√ß√† el seu viatge pict√≤ric a Mont-roig del Camp? 
@MontroigMiami us proposa descobrir els racons que el geni va convertir en obres universals, a trav√©s d‚Äôaquesta ruta üö∂‚Äç‚ôÄÔ∏èüö∂üëâ https://t.co/C9pAUkogh3 @costadauradatur https://t.co/BdBPjlU0CV"
"¬°HOY!
FUEGO: Enry-K + Denyerkin + Anti-Bad + @DJ2D2
THE LOFT: @ClipMuzic &amp; @coranovoa live + @djundo
LOLITA: Beautiful Accident: Lasers Live + Fernando Lagreca Live + Brunetto DjSet
POP BAR: #Smellslike90s @albertcodedj + @ROBERTMARTEX
SUAVE: @biancaoblivion + @invokeladiabla https://t.co/VPyoLP1sUL"
El Centre Moral ha rebut 15.770 euros de donatius de diferents entitats per fer les obres de reforma de l‚Äôentitat https://t.co/TZuvTrhH37
La incidencia de la gripe en Espa√±a todav√≠a no es epid√©mica y s√≥lo est√° afectando a 15 personas de cada 100.000. https://t.co/FD4CvFURnu V√≠a: @infosalus_com https://t.co/a879BGBmvW
"5. Primeres lletres i
6. Obres de refer√®ncia.
Esperem que us interessin!
@bibliotequescat #bibliotequescat https://t.co/y5A2BBSQWa"
RT @bibliotequesSBD: Les @bibliotequesSBD us ofereixen una guia de recomanacions d‚Äôobres de literatura infantil i juvenil de qualitat que p‚Ä¶
"@Aurantiacum @Dan__Vader @Cebacega4 @seingantistenes @Peio_Basque @Carmatpor @santsfree @massaborrega @Christi36833350 @catulo2018 @DavMatMe @Juanma_Saez @tulipeltercer @isabeldangueira @Morafanova @Ororo_Pride @cositasmartinez @56Lucas5 @Donpinpon2011 @escofet_jaume @DonTenori14 @77populacho @fjechanove @Jrgen27307674 @LaVidaNoEsFtbo1 @csmpeador @martinalliue80 @catmyrfree @inma_ben @Xerxiodpo @Madmax16075757 @FreeyellowMarta @homo_politik @silvia_yucca @Trankas4 @AdrianBlanco6 @lgoritme @pradoazul @Luismita @Mr_morq @DelgadoramosD @jokulmorder_1 @crmontoro @jlinares63 @Sargantania1 @JFKx100 @CanLaika @UribeX @ZulO_eSp Cues de pansa, no panzaüò≥üò≥para la memoriaüòúüòúüòú"
"@GloriaFontLopez @Dan__Vader @Cebacega4 @seingantistenes @Peio_Basque @Carmatpor @santsfree @massaborrega @Christi36833350 @catulo2018 @DavMatMe @Juanma_Saez @tulipeltercer @isabeldangueira @Morafanova @Ororo_Pride @cositasmartinez @56Lucas5 @Donpinpon2011 @escofet_jaume @DonTenori14 @77populacho @fjechanove @Jrgen27307674 @LaVidaNoEsFtbo1 @csmpeador @martinalliue80 @catmyrfree @inma_ben @Xerxiodpo @Madmax16075757 @FreeyellowMarta @homo_politik @silvia_yucca @Trankas4 @AdrianBlanco6 @lgoritme @pradoazul @Luismita @Mr_morq @DelgadoramosD @jokulmorder_1 @crmontoro @jlinares63 @Sargantania1 @JFKx100 @CanLaika @UribeX @ZulO_eSp Cues de panza? üòÇüòÇüòÇ
A ver, no est√°s respondiendo mi pregunta, o si?"
RT @DefensemCastell: Atenci√≥ V√≠deo que pot ferir sensibilitats! Un altre esquirol mort degut a les obres de El Castell promogudes per l'Aju‚Ä¶
"Pero la cifra a tener en cuenta en el debate no es la de la baja incidencia de MS (ellos ya est√°n muertos...) sino la de cuantos identificamos en el screening : 1:300 en los j√≥venes 12-35 a√±os, en todas partes (si lo hacemos con ECG). https://t.co/Tpu7rvqFo5"
@Aurantiacum @Dan__Vader @Cebacega4 @seingantistenes @Peio_Basque @Carmatpor @santsfree @massaborrega @Christi36833350 @catulo2018 @DavMatMe @Juanma_Saez @tulipeltercer @isabeldangueira @Morafanova @Ororo_Pride @cositasmartinez @56Lucas5 @Donpinpon2011 @escofet_jaume @DonTenori14 @77populacho @fjechanove @Jrgen27307674 @LaVidaNoEsFtbo1 @csmpeador @martinalliue80 @catmyrfree @inma_ben @Xerxiodpo @Madmax16075757 @FreeyellowMarta @homo_politik @silvia_yucca @Trankas4 @AdrianBlanco6 @lgoritme @pradoazul @Luismita @Mr_morq @DelgadoramosD @jokulmorder_1 @crmontoro @jlinares63 @Sargantania1 @JFKx100 @CanLaika @UribeX @ZulO_eSp En el auto de Llarena se describen todos los colegios en los q hubo altercados. Tu pusiste el enlace. Cues de pansa??
"RT @CcivicsBCN: Aband√≥, culpa, autolesions, ansietat... 'No m'oblideu mai', segon #Improbables de la @casaelizalde, √©s una pe√ßa de teatre d‚Ä¶"
"RT @Telodefons: Fins aquest dissabte, podeu veure a la @salabeckett el darrer treball de @LaRuta40 i #CarlotaSubir√≥s. Repassen l'activisme‚Ä¶"
"RT @ugtbombers: #Bombersenlluita Avui a Catalunya 8 parcs de bombers sota m√≠nims i 33 sense comandaments.
Cada dia que pasa m√©s risc de pat‚Ä¶"
Es nota la bonan√ßa meteorol√≤gica i el pont https://t.co/TPr0V5HKUu Cues d'1 hora i mitja per pujar al El Parc Nacional d'Aig√ºestortes i Estany de Sant Maurici üì∑ @rosatalamas #324eltemps https://t.co/KWeSJVvwit
RT @DefensemCastell: Atenci√≥ V√≠deo que pot ferir sensibilitats! Un altre esquirol mort degut a les obres de El Castell promogudes per l'Aju‚Ä¶
"Aband√≥, culpa, autolesions, ansietat... 'No m'oblideu mai', segon #Improbables de la @casaelizalde, √©s una pe√ßa de teatre documental a partir de testimonis reals sobre el su√Øcidi en les primeres franges d'edat, joves i menors https://t.co/h4erwEJWaj https://t.co/OWbcyUSJTi"
"RT @monvaquero: @MiquelBuch @piarviver @transit A Catalunya √©s m√©s f√†cil ser agredit pels feixistes, mossos o per mossos ultres que morir e‚Ä¶"
RT @cultura_gi: üìΩÔ∏è Pas endavant per a la rehabilitaci√≥ del Cinema Modern i de la Casa Pastors: s'ha obert la licitaci√≥ per a la contractaci‚Ä¶
üìΩÔ∏è Pas endavant per a la rehabilitaci√≥ del Cinema Modern i de la Casa Pastors: s'ha obert la licitaci√≥ per a la contractaci√≥ de les obres al carrer Nou del Teatre i s'ha aprovat definitivament el projecte del nou Museu d'Art [Modern i Contemporani] https://t.co/D3Csx0uBtk https://t.co/O9abxYqyJN
@bicing @aitor_alvarez Ep es inadmissible i desproporcionat  demanar el DNI o passaport en una incid√®ncia com a codi d‚Äôidentificaci√≥ quan disposes del codi de la targets que ja identifica prou qui es el titular. @sindicabcn @sindicdegreuges @AEPD_es Canvieu protocol d‚Äôidentificaci√≥ i servei sense DNI
"üöß A partir de dilluns, i durant uns cinc dies, el carrer de Mas estar√† tallat per obres entre el passatge d‚ÄôOliveras i el carrer de la Riera Blanca. Es desviaran les l√≠nies üöç M12, en sentit Cornell√†, i üöçLH2, en sentit Bellvitge. #LHospitalet https://t.co/2XUHT0Mt21"
"RT @BCNmoltmes: El cementiri Nou d' #Igualada, dissenyat per Enric Miralles i Carme Pin√≥s √©s considerat una de les obres m√©s po√®tiques de l‚Ä¶"
"RT @EmpentaxPremia: Denunciem la p√®rdua de gairab√© la meitat de l'arbrat a causa de les obres de reforma de la Pla√ßa de la Rep√∫blica, a Pre‚Ä¶"
"RT @isaactiana: La setmana de @JuntsTiana en tres flaixos: 

1Ô∏è‚É£ Aparcar gratis i agafar el tren a Montgat. 
2Ô∏è‚É£ La pluja i les obres del c‚Ä¶"
"Dilluns 10 de desembre s'inicien les obres de reparaci√≥ del mur de la masia de Can Quadres. Durant uns 5 dies, al c. Sitges entre el cam√≠ de Can Quadres i la rotonda, els vehicles circularan nom√©s sentit Sitges. La parada de bus del parc Salvador Espriu no oferir√† servei #SPRibes https://t.co/1ZKwmvaRJV"
"RT @barcacentre: He is 1.69 m tall. But according to doctors he continues to grow and, with 59 KG., He is looking to gain weight, strength‚Ä¶"
. @CIBER_ESP Nuevos datos sobre la incidencia de las neoplasias linfoides en Espa√±a https://t.co/DKoGDZ6SXe https://t.co/6YdO4MJ02P
Nova licitaci√≥. DEO de les obres d'adequaci√≥ per al nou centre E20 al Carrer Capella de Barcelona https://t.co/yvNKg69S9s
RT @DefensemCastell: Atenci√≥ V√≠deo que pot ferir sensibilitats! Un altre esquirol mort degut a les obres de El Castell promogudes per l'Aju‚Ä¶
"Amb el 2+1 BTS Cercs - Bag√†, un escenari a contemplar podria ser el fet que la congesti√≥ es desplac√©s fins al T√∫nel del Cad√≠. All√†, per seguretat, TABASA (cosina germana d'AUTEMA) hauria de regular el tr√†nsit de dins el t√∫nel, fet que causaria les terribles cues a Bag√†. Vual√†. https://t.co/lZMZdHnUEm"
"üó® Tamb√© a @BibliotequesBCN ens recomanen c√≤mics gastron√≤mics, un g√®nere que ha crescut a Europa en els √∫ltims temps, per√≤ implantat a Jap√≥ des de fa anys gr√†cies a obres meravelloses com les de Jiro Taniguchi. Si en voleu saber m√©s: https://t.co/AldbBh7mSy #ataula #Velocirepte18 https://t.co/48EHdMuhIf"
"Tal dia com avui va n√©ixer #Bernini escultor, arquitecte i pintor i un dels m√†xims exponents del #barroc itali√†. Pots consultar obres sobre l'#artista al @crai_ub üëâ https://t.co/MkS6uScdVJ #OrgulloBarroco https://t.co/utm8zzEs8W"
"RT @Telodefons: A l'agenda d'aquesta setmana:
#EscapeRoom  @Teatre_Goya

#LesNoiesdeMossbankRoad #Gira @La_Villarroel

#4D√íptic @cia_laperl‚Ä¶"
RT @DefensemCastell: Atenci√≥ V√≠deo que pot ferir sensibilitats! Un altre esquirol mort degut a les obres de El Castell promogudes per l'Aju‚Ä¶
RT @AjSJDespi: Les obres de remodelaci√≥ del c. Major s√≥n a la recta final. Aquesta setmana s'han pintat marques de senyalitzaci√≥ sobre el n‚Ä¶
"RT @Orfeo_Catala: Tal dia com avui l'any 1941 mor Llu√≠s Millet i Pag√®s, fundador de l' @Orfeo_Catala i figura clau en la introducci√≥ i divu‚Ä¶"
"Agotadas las cosas sin gluten. Agotados los vasos de papel medida tall. No az√∫car moreno, ni ‚Äúcondimentos‚Äù. Un viernes a las 11:30 de la ma√±ana. Explicaci√≥n: ha volado todo por el puente. @starbucks_es"
Les obres de l‚Äôespai de coworking al Nucli Antic @Olotuit avancen. Molt aviat 16 emprenedors podran desenvolupar el seu projecte professional. Un comer√ß antic que ser√† espai per l‚Äôemprenedoria. @jmcorominas @PepBergaVayreda https://t.co/TIN8mtiXoh
"RT @Orfeo_Catala: Tal dia com avui l'any 1941 mor Llu√≠s Millet i Pag√®s, fundador de l' @Orfeo_Catala i figura clau en la introducci√≥ i divu‚Ä¶"
"RT @Telodefons: Fins aquest dissabte, podeu veure a la @salabeckett el darrer treball de @LaRuta40 i #CarlotaSubir√≥s. Repassen l'activisme‚Ä¶"
"Les obres de remodelaci√≥ del c. Major s√≥n a la recta final. Aquesta setmana s'han pintat marques de senyalitzaci√≥ sobre el nou asfalt al darrer tram d'obres, que s'ha reobert al tr√†nsit. Un carrer Major amb voreres m√©s amples, nou arbrat i m√©s punts d'il¬∑luminaci√≥ #SantJoanDesp√≠ https://t.co/CTtaVS02v0"
RT @DefensemCastell: Atenci√≥ V√≠deo que pot ferir sensibilitats! Un altre esquirol mort degut a les obres de El Castell promogudes per l'Aju‚Ä¶
"Atenci√≥ V√≠deo que pot ferir sensibilitats! Un altre esquirol mort degut a les obres de El Castell promogudes per l'Ajuntament de #Castelldefels #DefensemElCastell 
Al desapar√®ixer els pins els esquirols fugen del seu h√†bitat habitual i son atropellats. #ProuEspeculaci√≥ https://t.co/wKUHKCV4A5"
"@davidsullivannn @TMB_Barcelona Buenos d√≠as David, lamentamos la situaci√≥n, para poderla revisar agradecer√≠amos que nos detallaras la incidencia en este enlace: https://t.co/yrO1f1xMLo Muchas gracias."
"A l'agenda d'aquesta setmana:
#EscapeRoom  @Teatre_Goya

#LesNoiesdeMossbankRoad #Gira @La_Villarroel

#4D√íptic @cia_laperla29

#ThereWasAFiesta @elTantarantana

https://t.co/ivZjmJroUr"
"RT @Orfeo_Catala: Tal dia com avui l'any 1941 mor Llu√≠s Millet i Pag√®s, fundador de l' @Orfeo_Catala i figura clau en la introducci√≥ i divu‚Ä¶"
RT @CarlesVinyas: bon dia per rellegir dues obres fetes des del rigor acad√®mic i profusament documentades que contradiuen el relat id√≠l¬∑lic‚Ä¶
RT @CarlesVinyas: bon dia per rellegir dues obres fetes des del rigor acad√®mic i profusament documentades que contradiuen el relat id√≠l¬∑lic‚Ä¶
RT @CarlesVinyas: bon dia per rellegir dues obres fetes des del rigor acad√®mic i profusament documentades que contradiuen el relat id√≠l¬∑lic‚Ä¶
Estupendu. Avui podrem tastar el Ferrer de Tall a Vilanova de Sau. @MAlbercocs i la @lidiacalferrer Excursi√≥ i √†pat!
"Fins aquest dissabte, podeu veure a la @salabeckett el darrer treball de @LaRuta40 i #CarlotaSubir√≥s. Repassen l'activisme pol√≠tic en les lluites socials des del Maig del 68 fins l'actualitat. El diumenge 9, a la @SalaLaPlaneta a #Girona @temporadaalta
https://t.co/3Wxaz3ErlV"
"RT @Orfeo_Catala: Tal dia com avui l'any 1941 mor Llu√≠s Millet i Pag√®s, fundador de l' @Orfeo_Catala i figura clau en la introducci√≥ i divu‚Ä¶"
"Bon dia @mossos avui a la rotonda d sortida de #CanetDeMar una furgoneta s‚Äôha saltat un ceda i quasi provoca un accident. Un cop a la C32 ha invait l nostre carril i quasi pica el lateral del cotxe, on hi ha el meu beb√© de 4 mesos. Aix√≤ √©s denunciable o nom√©s si el nad√≥ pren mal?"
El CAP Sant Pere de Reus modifica l'acc√©s a causa de les obres d'ampliaci√≥ https://t.co/ayvq83f2B3 https://t.co/3ki5W4XgW9
El CAP Sant Pere de Reus modifica l'acc√©s a causa de les obres d'ampliaci√≥ https://t.co/Q6Ik8lkHV4 https://t.co/N9Xoi6POB7
"The Laughing Knee.
The Deerf√ºhrer.
Old Father Ho.
Papa Hot Thighs.
Red Klaus.
Gentle Nick.
Derek Trainset.
Quiet Pep-pep.
Fat Nicky Presents
The tall bossman
The Sultan of Soot.
The mincing poacher
The Creeping Elflord.
Roy Sparkleguts.
The town-comer
The Fluffy Shithouse"
PRECAUCI√ì: Retencions a l'AP-7 a #SantCugat per un accident https://t.co/7NxetTVfyZ
"RT @GU_Molinsderei: ‚õîüöß Diumenge 9 de desembre, de 9 a 14 h. romandr√† tallat el C/ Verdaguer, a l'al√ßada c/ Onze de Setembre, per treballs g‚Ä¶"
"‚õîüöß Diumenge 9 de desembre, de 9 a 14 h. romandr√† tallat el C/ Verdaguer, a l'al√ßada c/ Onze de Setembre, per treballs grua.
Restar√† senyalitzat el tall i la circumval¬∑laci√≥
El p√†rquing de la Federaci√≥ romandr√† tallat i no podran entrar ni sortir vehicles @AjMolinsdeRei https://t.co/slwiTi9qtp"
"RT @elmatidebcn: Les obres üèóÔ∏è, el transport p√∫blic üöç i la decoraci√≥ de Nadal üéÑ, entre les principals queixes dels qui no han pogut marxar d‚Ä¶"
El @LHAjuntament convoca la #Licitaci√≥ de les #Obres de renovaci√≥ de la pavimentaci√≥ de diversos carrers de la ciutat per a la millora de l'#Accessibilitat! La ‚ÑπÔ∏è relacionada amb la #Contractaci√≥P√∫blica la trobar√†s al #CIDOdiba! https://t.co/YXEHSPnzuL https://t.co/i1ulqKqUT5
"RT @Orfeo_Catala: Tal dia com avui l'any 1941 mor Llu√≠s Millet i Pag√®s, fundador de l' @Orfeo_Catala i figura clau en la introducci√≥ i divu‚Ä¶"
"Les obres üèóÔ∏è, el transport p√∫blic üöç i la decoraci√≥ de Nadal üéÑ, entre les principals queixes dels qui no han pogut marxar de pont. Ens ho explica l'@antoninoguera:

M√©s coses aqu√≠: https://t.co/H9u18AGOrW

https://t.co/89DKsTpmDl"
"El rostre com a bandera https://t.co/9nttX4SOVn via @MiradorArts_cat Estructures d‚Äôidentitat, una mostra que ofereix una panor√†mica de l‚Äôevoluci√≥ del retrat des de 1840 fins a l‚Äôactualitat, a trav√©s de les obres de la @walthercollect @fotocolectania #Barcelona"
"El 13/12 a les 20.30 h no et perdis el concert d'orgue de #SantaCec√≠lia a c√†rrec de l‚Äôorganista Pau Riur√≥, amb obres de S. Sheidt, https://t.co/iQbayfVMBE. Teleman, Ch. Burney, F. Mendelssohn. A Santa Maria de #Gr√†cia. https://t.co/6yUbzboJQ3"
Dos ve√Øns de #Granollers moren en un accident de tr√†nsit a #Vilafranca https://t.co/0gSJuYxB2U
@CercaniasVLC Gr√†cies per la resposta. Ara √©s tracta d'esmenar l'incident i recuperar la normalitat a l'estaci√≥ de #Sagunt
"RT @palaumusicacat: Dia 7 #calendariadventPalau: Tal dia com avui l'any 1941 mor Llu√≠s Millet i Pag√®s, fundador d l'@Orfeo_Catala i figura‚Ä¶"
"@carlosahidalgo5 Former @MLB Players Luisüáªüá™Valbuena, Joseüáªüá™Castillo Killed in Car Accident‚öæÔ∏è
https://t.co/LR48tHtu8a
Journalist: @JosephZucker 
Sports disgrace
@leones_cbbc @tiburones_net @caribesanz @labarrabrava @TigresOficiales @Magallanes_bbc @aguilasdelzulia @CardenalesDice https://t.co/HroOxzC9pe"
"RT @CcivicsBCN: Al @TimeOutBCN proposen una pila d'activitats, entre m√©s:
üî∫L'Improbables a @casaelizalde üëâ https://t.co/Spelg245Og
üî∫El docu‚Ä¶"
RT @Mobilitat_AMB: SANTA COLOMA DE GRAMENET: B81 Tall provisional al carrer Sant Andreu https://t.co/fmZhWwQpXS
RT @Mobilitat_AMB: SANTA COLOMA DE GRAMENET: B14 - B15 Tall provisional a l'avinguda Cataluna https://t.co/NTCpduPeH1
"‚ùóÔ∏èEstem tenint una incid√®ncia amb el servidor que allotja la nostra p√†gina web i que provoca problemes per accedir-hi. 
Estem en proc√©s de solucionar el problema. 
Seguirem operatius a Twitter i Facebook.
Disculpeu les mol√®sties. #Guixols."
üîµ #BaixLlobregat l El Consell d‚ÄôEstat desencalla les obres de l‚Äôenlla√ß entre l‚ÄôA-2 i l‚ÄôAP-7 que permetran connectar aquestes dues vies sense haver de passar pel peatge de #Martorell ‚û°Ô∏è https://t.co/UOPzWHOPy6 https://t.co/nCJcYdOpSM
RT @DefensemCastell: Segueixen apareixent esquirols morts al voltant de les obres de El Castell. Quan l'Ajuntament es carregui tots els pin‚Ä¶
"@FraJeremies @mossos @QuimTorraiPla @MiquelBuch @perearagones Demano 3 setmanes de conseller, sense sou, s√≤ls √©s q√ºesti√≥ de voluntat, la BRIMO, comen√ßant pels caps per mi ja estarien a les cues del SOC, i alguns dels d'ahir detinguts"
"RT @Orfeo_Catala: Tal dia com avui l'any 1941 mor Llu√≠s Millet i Pag√®s, fundador de l' @Orfeo_Catala i figura clau en la introducci√≥ i divu‚Ä¶"
"RT @jcodinaandreu: La resposta es no, ning√∫ ha saltat el cord√≥. De fet portavem unes 3hores en davant seu sense cap incident. Sense m√©s s'h‚Ä¶"
"#Incid√®ncies #Girona Avui, de 14.30-16.30h, i dilluns, de 8-16h, tall de circulaci√≥ a la Rambla de la Llibertat per obres, al√ßada del n¬∫ 39. I tamb√© dilluns, de 8.30-10.30h, tall al carrer del Nord https://t.co/wmsKPU763r ‚ö†Ô∏è"
"RT @JovesEnComuBDN: ‚û°Ô∏è 2 regidors del PP imputats per la facturaci√≥ d'una reforma al seu pis de la seva propietat com ""manteniment de la vi‚Ä¶"
SANTA COLOMA DE GRAMENET: B14 - B15 Tall provisional a l'avinguda Cataluna https://t.co/NTCpduPeH1
SANTA COLOMA DE GRAMENET: B81 Tall provisional al carrer Sant Andreu https://t.co/fmZhWwQpXS
BARCELONA: N9 Tall provisional al passeig Torras i Bages https://t.co/qCcUb21g6q
"@Bardaler El 21 podem donar molt x cul sense enfrontarnos als mosus, marxa lenta, tall aqui i tall alla , et fan foranar tallar un altra lloc i tornar a tallar el punt anterior, no calen hosties, estrategia, nosaltres podem  anar, venir, tornar anar , tornar a venir, tres dies, quatre,"
"RT @BarcaTimes: üì∞ [MD] | Riqui plan 

üî∂ The new pearl of La Masia has tones of talent and game vision but now they‚Äôre working on his physic‚Ä¶"
"RT @BarcaTimes: üì∞ [MD] | Riqui plan 

üî∂ The new pearl of La Masia has tones of talent and game vision but now they‚Äôre working on his physic‚Ä¶"
"RT @BarcaTimes: üì∞ [MD] | Riqui plan 

üî∂ The new pearl of La Masia has tones of talent and game vision but now they‚Äôre working on his physic‚Ä¶"
"üì¢ Recorda! Del 13 NOV al 7 GENER, l‚ÄôOAC de l‚Äô#Eixample obre en serveis m√≠nims amb cita pr√®via. M√©s informaci√≥: https://t.co/I03fXjN355 https://t.co/LISpcCtUU0"
"RT @Orfeo_Catala: Tal dia com avui l'any 1941 mor Llu√≠s Millet i Pag√®s, fundador de l' @Orfeo_Catala i figura clau en la introducci√≥ i divu‚Ä¶"
"RT @barcacentre: He is 1.69 m tall. But according to doctors he continues to grow and, with 59 KG., He is looking to gain weight, strength‚Ä¶"
"RT @Orfeo_Catala: Tal dia com avui l'any 1941 mor Llu√≠s Millet i Pag√®s, fundador de l' @Orfeo_Catala i figura clau en la introducci√≥ i divu‚Ä¶"
"RT @jcodinaandreu: La resposta es no, ning√∫ ha saltat el cord√≥. De fet portavem unes 3hores en davant seu sense cap incident. Sense m√©s s'h‚Ä¶"
"RT @BarcaTimes: üì∞ [MD] | Riqui plan 

üî∂ The new pearl of La Masia has tones of talent and game vision but now they‚Äôre working on his physic‚Ä¶"
RT Regio7:Sis persones intoxicades per un incendi en un habitatge en construcci√≥ d'Igualada https://t.co/RsmszQFYol
"RT @jcodinaandreu: La resposta es no, ning√∫ ha saltat el cord√≥. De fet portavem unes 3hores en davant seu sense cap incident. Sense m√©s s'h‚Ä¶"
Sis persones intoxicades per un incendi en un habitatge en construcci√≥ d'Igualada https://t.co/31vE6qcKGV
"RT @Orfeo_Catala: Tal dia com avui l'any 1941 mor Llu√≠s Millet i Pag√®s, fundador de l' @Orfeo_Catala i figura clau en la introducci√≥ i divu‚Ä¶"
RT @bibliotequesSBD: Les @bibliotequesSBD us ofereixen una guia de recomanacions d‚Äôobres de literatura infantil i juvenil de qualitat que p‚Ä¶
"‚û°Ô∏è 2 regidors del PP imputats per la facturaci√≥ d'una reforma al seu pis de la seva propietat com ""manteniment de la via p√∫blica"".
‚û°Ô∏è Ajudes il¬∑legals al Joventut.
‚û°Ô∏è Obres encarregades a dit sense contracte.
‚û°Ô∏è Extorsi√≥ a comerciants.
ü§î Males pr√†ctiques... CORRUPCI√ì!"
"RT @Orfeo_Catala: Tal dia com avui l'any 1941 mor Llu√≠s Millet i Pag√®s, fundador de l' @Orfeo_Catala i figura clau en la introducci√≥ i divu‚Ä¶"
RT @difusorbcn: Avui hem estat preparant les obres en risografia que Elian Chali ha creat per a #BostikMurals. L'exposici√≥ 'Copia' reunir√†‚Ä¶
"Dia 7 #calendariadventPalau: Tal dia com avui l'any 1941 mor Llu√≠s Millet i Pag√®s, fundador d l'@Orfeo_Catala i figura clau en la divulgaci√≥ d'obres com Missa en Si menor d Bach. Enguany ser√† interpretada per Collegium Vocale Gent, amb Philippe Herreweghe. https://t.co/R4jO9Wkdb7 https://t.co/JPoG99sQO9"
"RT @ugtbombers: #Bombersenlluita Avui a Catalunya 8 parcs de bombers sota m√≠nims i 33 sense comandaments.
Cada dia que pasa m√©s risc de pat‚Ä¶"
"RT @Orfeo_Catala: Tal dia com avui l'any 1941 mor Llu√≠s Millet i Pag√®s, fundador de l' @Orfeo_Catala i figura clau en la introducci√≥ i divu‚Ä¶"
"RT @Orfeo_Catala: Tal dia com avui l'any 1941 mor Llu√≠s Millet i Pag√®s, fundador de l' @Orfeo_Catala i figura clau en la introducci√≥ i divu‚Ä¶"
"RT @Orfeo_Catala: Tal dia com avui l'any 1941 mor Llu√≠s Millet i Pag√®s, fundador de l' @Orfeo_Catala i figura clau en la introducci√≥ i divu‚Ä¶"
"Tal dia com avui l'any 1941 mor Llu√≠s Millet i Pag√®s, fundador de l' @Orfeo_Catala i figura clau en la introducci√≥ i divulgaci√≥ de grans obres universals. https://t.co/W5HZA4qZWi"
"RT @jcodinaandreu: La resposta es no, ning√∫ ha saltat el cord√≥. De fet portavem unes 3hores en davant seu sense cap incident. Sense m√©s s'h‚Ä¶"
"RT @BarcaTimes: üì∞ [MD] | Riqui plan 

üî∂ The new pearl of La Masia has tones of talent and game vision but now they‚Äôre working on his physic‚Ä¶"
"#Repost @sala_trono
‚Ä¢  ‚Ä¢  ‚Ä¢  ‚Ä¢  ‚Ä¢
‚ùÑ#WinterIsHere i nosaltres tenim un plan perfecte per combatre'lüëå
3 OBRES DE TEATRE PER NOM√âS 32‚Ç¨!!!üò±üéüüéüüéü
Oferta v√†lida fins al 5 de gener!
M√©s informaci√≥‚Ä¶ https://t.co/R1NhzQXieO"
"La resposta es no, ning√∫ ha saltat el cord√≥. De fet portavem unes 3hores en davant seu sense cap incident. Sense m√©s s'han posat en formaci√≥ per carregar,la gent al principi s'ha enretirat una mica, i acte seguit, indignaci√≥ generalitzada, no habia motiu per a posarse rn formaci√≥ https://t.co/0QvEomvvba"
"@rodalies necessita millorar el protocol de informaci√≥, una ideia es, es produeix incid√®ncia, informaci√≥ amb dades incidencia, previsi√≥ inicial de durada i pla alternatiu de transport."
"RT @ugtbombers: #Bombersenlluita Avui a Catalunya 8 parcs de bombers sota m√≠nims i 33 sense comandaments.
Cada dia que pasa m√©s risc de pat‚Ä¶"
Les obres dels carrers Pr√≠nceps d'Espanya i Joan XXIII finalitzaran abans d'acabar l'any #Esparreguera https://t.co/23UokGL9JZ
"Bon dia, avui tenim obert! I com sempre hi trobar√†s el millor tall.
#somdematar√≥  #confian√ßa #proximitat #elsdetotalavida #somdematar√≥ #viumatar√≥#visitmatar√≥ #estimaelteumercat #femciutat‚Ä¶ https://t.co/7w85ZiJpSB"
Afectacions que poden superar els 15 minuts per incid√®ncia t√®cnica entre Arc de Triomf i Clot Arag√≥. Els trens poden romandre detingut
"RT @BarcaTimes: üì∞ [MD] | Riqui plan 

üî∂ The new pearl of La Masia has tones of talent and game vision but now they‚Äôre working on his physic‚Ä¶"
"RT @SalutMentalCat: Moltes gr√†cies per les m√©s de 40 obres rebudes al concurs de la postal de Nadal ""Mou-te per la salut mental"" amb @TMB_B‚Ä¶"
"RT @SalutMentalCat: Moltes gr√†cies per les m√©s de 40 obres rebudes al concurs de la postal de Nadal ""Mou-te per la salut mental"" amb @TMB_B‚Ä¶"
@Ernest1899 @rodalies Incidencia entre Clot i Arc Triomf.
RT @clubpaticongres: Aprofitant el pont i que aquest cap de setmana no hi havia cap equip que jugu√©s a casa hem decidit fer obres de millor‚Ä¶
"RT @SalutMentalCat: Moltes gr√†cies per les m√©s de 40 obres rebudes al concurs de la postal de Nadal ""Mou-te per la salut mental"" amb @TMB_B‚Ä¶"
@rodalies @rodalia1 @rod1cat Aturats a Sant Adri√† ja fa estona i sense informaci√≥. Que passa?
"¬´Era una responsabilitat molt gran, per√≤ si deia que ‚Äúno‚Äù a dirigir les obres de la Sagrada Fam√≠lia hauria disgustat el pare¬ª, Jordi Bonet Armengol, arquitecte en cap i coordinador de les obres de @sagradafamilia durant 27 anys https://t.co/ZnkOfYL0fu https://t.co/3NBCaYnSOk"
RT @CBinvaders: ES UNA MALDITA ZONA EN OBRAS CON VELOCIDAD MAXIMA 30 qu√© mierda os pasa?? https://t.co/ZsxFnqZha5 https://t.co/3ynRiJqLF1
"Aturats m√©s temp de lo habitual en diverses parades de @rodalies @rod1cat @rod1cat Matar√≥, Sant Adri√†. Malgrat avis portes encara aturats 0 informaci√≥ per variar."
"Les obres del nou CAP de la Seu s‚Äôajornen fins a la primavera https://t.co/GsLEBEpYNB

Les obres de construcci√≥ del nou centre d‚Äôatenci√≥ prim√†ria (CAP) de la Seu acumulen tres mesos de retard i la previsi√≥ √©s que no comencin fi ‚Ä¶
Ir a la fuente

Powered by WPeMatico

La ent‚Ä¶"
"Tu que tanques un diari
i els partits il¬∑legalitzes
i que l'odi l'utilitzes
perqu√® calli l'adversari;
i cap pega vas posar-hi
que pegu√©s la policia
ni tenies cap mania
que s'us√©s la claveguera
o que un tall de carretera
fos titllat de rebel¬∑lia;

#d√®cima

1/2"
RT @difusorbcn: Avui hem estat preparant les obres en risografia que Elian Chali ha creat per a #BostikMurals. L'exposici√≥ 'Copia' reunir√†‚Ä¶
RT @apabcn_cat: 10 coses que has de saber si tramites permisos d'obres a Barcelona https://t.co/FvUuvTTFev   #idoneitat #faq https://t.co/S‚Ä¶
"@renfe cercanias Catalu√±a : incidencia en origen, en propio tren, suministro el√©ctrico, obst√°culos en la v√≠a, vandalismo. As√≠ cuidan renfe y adif de la red y material m√≥vil no sea que no haya dinero para el AVE"
RT @apabcn_cat: Nova licitaci√≥. DO i CSS a les obres relacionades amb la millora de l'efici√®ncia energ√®tica de l'enllumenat exterior dels m‚Ä¶
RT @apabcn_cat: Nova licitaci√≥. Coordinaci√≥ de seguretat i salut en fase d'execuci√≥ de les obres relatives al projecte lot 3 per a la millo‚Ä¶
"RT @apabcn_cat: Nova licitaci√≥. Assist√®ncia T√®cnica per a la supervisi√≥ i gesti√≥ de la Seguretat i Salut de les Obres, gesti√≥ de les reclam‚Ä¶"
RT @apabcn_cat: Nova licitaci√≥. Direcci√≥ de les obres relatives al projecte de reurbanitzaci√≥ de diverses places al  districte de Ciutat Ve‚Ä¶
RT @apabcn_cat: Nova licitaci√≥. Serveis de DO de les obres de consolidaci√≥ estructural de l'esgl√©sia de Sant Rafael al districte de Nou Bar‚Ä¶
"Instagram highlights that it is tall, thin and attractive people who APPEAR to have a better life and more opportunity because they can model and travel the world lavishly. Just because of their features. And people obsess and fall in love with them and their life. Its toxic."
"RT @324cat: Adri√† Carrasco despr√©s de l'incident amb Borrell: "" El que no farem √©s quedar-nos callats""
https://t.co/KDLx4qxGXU https://t.co‚Ä¶"
"Aprofitant el pont i que aquest cap de setmana no hi havia cap equip que jugu√©s a casa hem decidit fer obres de millora a la nostra Pista Coberta Cristina Clota, canviant les rajoles de‚Ä¶ https://t.co/IXPMni5zcs"
"RT @MartaRGustems: Si feu un vol per Gr√†cia us convido a visitar dues galeries amb obra meva ^_^
A l'Hipermerc'Art a la @GaleriaCromo m√©s m‚Ä¶"
"Waze com a recopilador d'obres i informador del tr√†nsit podria fer desapar√®ixer els embussos de cotxes
https://t.co/R7ui07tgkB https://t.co/NUt2lK6901"
"RT @324cat: Adri√† Carrasco despr√©s de l'incident amb Borrell: "" El que no farem √©s quedar-nos callats""
https://t.co/KDLx4qxGXU https://t.co‚Ä¶"
"RT @barcacentre: He is 1.69 m tall. But according to doctors he continues to grow and, with 59 KG., He is looking to gain weight, strength‚Ä¶"
RT @bibliotequesSBD: Les @bibliotequesSBD us ofereixen una guia de recomanacions d‚Äôobres de literatura infantil i juvenil de qualitat que p‚Ä¶
EEUU |¬†En estat cr√≠tic un treballador d'Amazon per obrir per accident un pot de repel¬∑lent d'√≥ssos ---&gt; https://t.co/d98gcYcV3c https://t.co/cyBuMjE5dG
EEUU |¬†En estat cr√≠tic un treballador d'Amazon per obrir per accident un pot de repel¬∑lent d'√≥ssos ---&gt; https://t.co/Px5wdipR5c https://t.co/ZT5im1igvE
RT @contrariansmind: China‚Äôs hotel hygiene horror continues with new scandal https://t.co/P5lZSY2KMR via @scmpnews
RT @difusorbcn: Avui hem estat preparant les obres en risografia que Elian Chali ha creat per a #BostikMurals. L'exposici√≥ 'Copia' reunir√†‚Ä¶
RT @TUS_Sabadell: Afectacions del servei d‚Äôautob√∫s amb motiu del tall del c. de Sant Cugat. Divendres 7 de desembre a partir de les 9.30h i‚Ä¶
"RT @BarcaTimes: üì∞ [MD] | Riqui plan 

üî∂ The new pearl of La Masia has tones of talent and game vision but now they‚Äôre working on his physic‚Ä¶"
"RT @BarcaTimes: üì∞ [MD] | Riqui plan 

üî∂ The new pearl of La Masia has tones of talent and game vision but now they‚Äôre working on his physic‚Ä¶"
"RT @barcacentre: He is 1.69 m tall. But according to doctors he continues to grow and, with 59 KG., He is looking to gain weight, strength‚Ä¶"
"RT @barcacentre: He is 1.69 m tall. But according to doctors he continues to grow and, with 59 KG., He is looking to gain weight, strength‚Ä¶"
"Esbroncada entre CDRs i conductors a les Gavarres pel tall reivindicatiu en favor de la llibertat dels presos https://t.co/IWShPNX84g

Prop d‚Äôuna cinquantena de persones amb armilles grogues han respost aquest migdia a les mobilitzacions convocades pels CDR tarragonins reclaman‚Ä¶"
"RT @BarcaTimes: üì∞ [MD] | Riqui plan 

üî∂ The new pearl of La Masia has tones of talent and game vision but now they‚Äôre working on his physic‚Ä¶"
"RT @BarcaTimes: üì∞ [MD] | Riqui plan 

üî∂ The new pearl of La Masia has tones of talent and game vision but now they‚Äôre working on his physic‚Ä¶"
"üì∞ [MD] | Riqui plan 

üî∂ The new pearl of La Masia has tones of talent and game vision but now they‚Äôre working on his physical shape.

üî∑ He‚Äôs 1.69 m tall but according to the doctors he will continue growing and with his 59kg they‚Äôre looking on a weight gaining diet for him. https://t.co/OdxHymjte4"
"RT @smujal: Adri√† Carrasco despr√©s de l'incident amb Borrell: ""El que no farem √©s callar"" https://t.co/0wlb62zqD5"
"RT @indepe_gracia: Una desena de motos cremades aquesta nit a Virreina, Or, Verdi i Torrent de l'Olla. El passat dia 23 ja es va registrar‚Ä¶"
RT @CBinvaders: ES UNA MALDITA ZONA EN OBRAS CON VELOCIDAD MAXIMA 30 qu√© mierda os pasa?? https://t.co/ZsxFnqZha5 https://t.co/3ynRiJqLF1
"RT @indepe_gracia: Una desena de motos cremades aquesta nit a Virreina, Or, Verdi i Torrent de l'Olla. El passat dia 23 ja es va registrar‚Ä¶"
"RT @324cat: Adri√† Carrasco despr√©s de l'incident amb Borrell: "" El que no farem √©s quedar-nos callats""
https://t.co/KDLx4qxGXU https://t.co‚Ä¶"
"RT @FragmentaEd: RT @weekandsabadell: Raimon Panikkar: viure l‚Äôaventura intercultural https://t.co/Gn1H2BP03j https://t.co/mrpHbpyGa9 

üëâ O‚Ä¶"
"#sabiesque Durant el proper 2019, √©s previst inicialment que la Generalitat de Catalunya comenci les obres de construcci√≥ de la meitat d'un tram de l'Avinguda Pa√Øsos Catalans de #Manresa 

Aqu√≠ hi veur√†s els pl√†nols d'estudi preliminar del tra√ßat de l'Avinguda. https://t.co/fHVWiVw9rF"
"He is 1.69 m tall. But according to doctors he continues to grow and, with 59 KG., He is looking to gain weight, strength and volume [md]"
"Avui hem estat preparant les obres en risografia que Elian Chali ha creat per a #BostikMurals. L'exposici√≥ 'Copia' reunir√† aquestes 20 peces, que juguen amb els l√≠mits de l'autoria i ens conviden a reflexionar entorn de la idea d'originalitat.
OPENING: 8 desembre 18 h @Naubostik https://t.co/EsTkPjX9QP"
"RT @324cat: Adri√† Carrasco despr√©s de l'incident amb Borrell: "" El que no farem √©s quedar-nos callats""
https://t.co/KDLx4qxGXU https://t.co‚Ä¶"
"@PatrimoniLH @pepecastrob @patrimonigencat si LH s'hagu√©s anexionat a Barcelona ara tindriem arquitectes a totes les obres... Oh, sorpresa! qui est√† en contra d'aquesta anexi√≥??? https://t.co/xDocEN54w8"
RT @btvnoticies: Aix√≠ √©s com ha quedat un dels cotxes implicats en l'accident d'aquest migdia a la Gran Via. Hi han estat involucrats dos c‚Ä¶
"@ericsson @Julio_MedUX The difference between B2B and B2C... ‚Äòonly‚Äô some operators affected, but +60M users without service. In any case, my best wishes to the engineers working on the incident... for sure they are struggling to get things fixed ASAP."
"@mossos @transit La incid√®ncia sou vosaltres. Dissoluci√≥ de tot el cos, ja!"
"@Fxrniii_ Tienes dos opciones, o pillas router por incidencia y ma√±ana te lo ponen o compras 1 en mediamarkt y te aseguras que ma√±ana lo tienes,"
"@Fxrniii_ Abre incidencia ya, o ma√±ana no lo tienes...."
RT @remeiisabel: @PurgeCatalonia @Suedstern99 Bona iniciativa. Pro ojo que el govern espanyol no √©s el franc√®s. I estan esperant  un petit‚Ä¶
"RT @smujal: Adri√† Carrasco despr√©s de l'incident amb Borrell: ""El que no farem √©s callar"" https://t.co/0wlb62zqD5"
"Adri√† Carrasco despr√©s de l'incident amb Borrell: ""El que no farem √©s callar"" https://t.co/0wlb62zqD5"
RT @manelmarquez: #UltimaHora #urgente Fuertes cargas de los #mossos en #Terrassa en una protesta #antifeixista #amtifascista Protestando c‚Ä¶
RT @SmatsaSbd: Solucionada la incid√®ncia al Carrer Miquel √Ängel on s'ha recollit una gran quantitat de mobles. Al llarg del dia d'avui i de‚Ä¶
"Panic as the US-China #tradewar truce lasts less than a week. The arrest in Canada of #Huawei‚Äôs chief financial officer, Meng Wanzhou, who faces extradition to the US, is a diplomatic incident... | The Guardian https://t.co/c5pdt4qWwn"
"@smolhazuki i, as a fellow tall, i must protect you"
"RT @Badalona_GUB: El conductor d'una motocicleta va morir ahir a la tarda en un accident de tr√†nsit que es va produir al carrer Holanda, al‚Ä¶"
RT @TUS_Sabadell: Afectacions del servei d‚Äôautob√∫s amb motiu del tall del c. de Sant Cugat. Divendres 7 de desembre a partir de les 9.30h i‚Ä¶
RT @CBinvaders: ES UNA MALDITA ZONA EN OBRAS CON VELOCIDAD MAXIMA 30 qu√© mierda os pasa?? https://t.co/ZsxFnqZha5 https://t.co/3ynRiJqLF1
RT @CBinvaders: ES UNA MALDITA ZONA EN OBRAS CON VELOCIDAD MAXIMA 30 qu√© mierda os pasa?? https://t.co/ZsxFnqZha5 https://t.co/3ynRiJqLF1
RT @CBinvaders: ES UNA MALDITA ZONA EN OBRAS CON VELOCIDAD MAXIMA 30 qu√© mierda os pasa?? https://t.co/ZsxFnqZha5 https://t.co/3ynRiJqLF1
ES UNA MALDITA ZONA EN OBRAS CON VELOCIDAD MAXIMA 30 qu√© mierda os pasa?? https://t.co/ZsxFnqZha5 https://t.co/3ynRiJqLF1
RT @btvnoticies: Aix√≠ √©s com ha quedat un dels cotxes implicats en l'accident d'aquest migdia a la Gran Via. Hi han estat involucrats dos c‚Ä¶
RT @VilaWeb_EN: New diplomatic incident on the move? Belgian minister @SanderLoones supports Catalan political prisoners on hunger strike a‚Ä¶
"El que d√≥na solidesa a una vida no s√≥n moltes paraules, sovint superficials o buides de contingut, sin√≥ la coher√®ncia, la fidelitat en el seguiment de Jes√∫s, demostrades en les obres i el comprom√≠s fidel."
RT @SanitarisxRep: @Pipu1975 @CaixaEnginyers Un m√≠nim de 10-15 almenys. S√≥n per les territorials. Desde BCN pot arribar a ser impossible po‚Ä¶
RT @SanitarisxRep: @Pipu1975 @CaixaEnginyers Un m√≠nim de 10-15 almenys. S√≥n per les territorials. Desde BCN pot arribar a ser impossible po‚Ä¶
RT @btvnoticies: Aix√≠ √©s com ha quedat un dels cotxes implicats en l'accident d'aquest migdia a la Gran Via. Hi han estat involucrats dos c‚Ä¶
RT @joanduriu: @btveltemps @tonicarneros la culpa √©s de la gent que va amb bicicleta que genera retencions!
RT @pitarch8: La tia Lolita es va casar amb un jutge nascut a Palma que procedia d'una fam√≠lia asturiana traslladada a l'illa per formar pa‚Ä¶
RT @btvnoticies: Aix√≠ √©s com ha quedat un dels cotxes implicats en l'accident d'aquest migdia a la Gran Via. Hi han estat involucrats dos c‚Ä¶
"RT @BCNmoltmes: El cementiri Nou d' #Igualada, dissenyat per Enric Miralles i Carme Pin√≥s √©s considerat una de les obres m√©s po√®tiques de l‚Ä¶"
"RT @ugtbombers: #Bombersenlluita Avui a Catalunya 8 parcs de bombers sota m√≠nims i 33 sense comandaments.
Cada dia que pasa m√©s risc de pat‚Ä¶"
"RT @324cat: Adri√† Carrasco despr√©s de l'incident amb Borrell: "" El que no farem √©s quedar-nos callats""
https://t.co/KDLx4qxGXU https://t.co‚Ä¶"
"Aix√≠ √©s com ha quedat un dels cotxes implicats en l'accident d'aquest migdia a la Gran Via. Hi han estat involucrats dos cotxes m√©s i una moto.
T'ho expliquem üëâ https://t.co/BXzVx7wEZM https://t.co/Z1dhnDwh1O"
"RT @monvaquero: @MiquelBuch @piarviver @transit A Catalunya √©s m√©s f√†cil ser agredit pels feixistes, mossos o per mossos ultres que morir e‚Ä¶"
Les obres per millorar el cam√≠ Vell de #Terrassa a #Ullastrell ja estan en marxa https://t.co/qOw2lbmUQr
"RT @indepe_gracia: Una desena de motos cremades aquesta nit a Virreina, Or, Verdi i Torrent de l'Olla. El passat dia 23 ja es va registrar‚Ä¶"
"RT @Aj_Canyelles: Canyelles ja t√© gu√†rdies municipals
‚ñ∂Ô∏èhttps://t.co/t454e8hXQ9 https://t.co/Ze92tJChgs"
RT @MarisaArtistt: Estaci√≥ de Torres i Bages tancada per incident. No funciona cap a Fondo. @TMBinfo @TMB_Barcelona
"RT @lusibajils: @eixdiari Cal esmentar que va ser una proposta d'ERC per als pressupostos de 2016, que el govern socialista va donar un ter‚Ä¶"
Amics de @rodalies. Tren amb sortida 20:33 de Blanes (Rod 1) sentit Barcelona. Aturats a l'espera de la policia a Sant Pol segons ens diuen per megafonia. N'hi ha per molt?
RT @ArnauTordera: Els canvis socials s'aconsegueixen -en major o menor mesura- per la incid√®ncia de la viol√®ncia en el conflicte. No √©s que‚Ä¶
"RT @diariRegio7: Noves imatges de la carretera C-16 totalment col¬∑lapsada, a Berga https://t.co/lsfQFknXNW https://t.co/1hnrFgzJxg"
"@EnbicixBCN El carril bici que m'agrada molt, hauria de seguir la direcci√≥ del tr√†nsit, he estat a punto de parir un greu accident i crec que no s√≥c l'√∫nic"
"And I played that more than actuall football (I had talent, but you could see that I wasn't playing football much, even though I had great skillset.

Mind you, I'm not a very tall guy (Back then IDK if I was even 5'/155cms...
So I lacked vision,off the ball movement,stamina..."
"RT @324cat: Adri√† Carrasco despr√©s de l'incident amb Borrell: "" El que no farem √©s quedar-nos callats""
https://t.co/KDLx4qxGXU https://t.co‚Ä¶"
"@EscurcoNegre No culpo. De fet √©s tan gran que canvia paradigmes. Spotify, youtube, APM... 
NO FAIG SORNA
Jo em passo la vida TALLANT. tots fem muntatge. Ni √©s APM ni premsa. Que ens quedi el SANGUIS, HASTA ELS DIFUNTS... √âs com qui llegeix els titulars. 
Cal llegir tot tb, veure tall sencers"
@ChiefPaulinho @kromexstylez Knew you were 4 feet tallüò≠üò≠üò≠
"@AltesaAmils @Nex72599860 @moonsaluna Si lluites per a qualsevol causa lluita sense rumiar si caur√†s, et feriran o et mataran, de fet √©s aix√≠ cada dia quan anem tan sols a treballar, tan sols sortir de casa hi ha el risc de morir en un accident o altra cosa!"
RT @DefensemCastell: Segueixen apareixent esquirols morts al voltant de les obres de El Castell. Quan l'Ajuntament es carregui tots els pin‚Ä¶
"Si feu un vol per Gr√†cia us convido a visitar dues galeries amb obra meva ^_^
A l'Hipermerc'Art a la @GaleriaCromo m√©s mil obres a preus molt assequibles!
I a 5 minuts passejant @plomgallery amb les meves aquarel¬∑les plenes de criatures, poesia i joc!
I sempre tan ben envoltada!! https://t.co/04SegghX0z"
"Una deliciosa ficci√≥ narrada pel mateix Satan√†s: fins ara in√®dita en catal√†, una de les obres m√©s divertides del mestre de la s√†tira nord-americana. ""Cartes des de la Terra"", de Mark Twain https://t.co/F3cyO5WPkn https://t.co/ybU0kzGr3h"
Afectacions del servei d‚Äôautob√∫s amb motiu del tall del c. de Sant Cugat. Divendres 7 de desembre a partir de les 9.30h i fins les 19h aprox. #TusSabadell https://t.co/og76wPgdum
Mireu que bonics estan els 2 petits recollits l‚Äôaltre dia d‚Äôun pati en obres! Gr√†cies Carme per fer-lis de Mami!! üòªüòªüòªüòªüòªüòªüòªüòªüòªüòª https://t.co/FdtclWL0oK
"RT @ugtbombers: #Bombersenlluita Avui a Catalunya 8 parcs de bombers sota m√≠nims i 33 sense comandaments.
Cada dia que pasa m√©s risc de pat‚Ä¶"
"RT @lazurdatv: üéôÔ∏è Juan Batlle, militante de Naci√≥n Andaluza (@Nacion_Andaluza) y afiliado a la Coordinadora Obrera Sindical (@COSnacional)‚Ä¶"
RT @CarlesVinyas: bon dia per rellegir dues obres fetes des del rigor acad√®mic i profusament documentades que contradiuen el relat id√≠l¬∑lic‚Ä¶
"RT @ugtbombers: #Bombersenlluita Avui a Catalunya 8 parcs de bombers sota m√≠nims i 33 sense comandaments.
Cada dia que pasa m√©s risc de pat‚Ä¶"
"La tia Lolita es va casar amb un jutge nascut a Palma que procedia d'una fam√≠lia asturiana traslladada a l'illa per formar part del funcionariat. El tio Jos√© Mar√≠a, mort d'accident, no el vaig arribar a con√®ixer. Es diu que va ser l'√∫nic a Alboc√†sser a votar s√≠ l'any 1977. https://t.co/y0DK2L9WTV"
"RT @omplimlledoners: Dijous 6, res a celebrar !
Al pla hi ha performance a partir de les 12.00h a c√†rrec de ve√Øns de Badalona Montigal√† amb‚Ä¶"
RT @delcampoalcole: El 11 y 12 de diciembre impartimos formaci√≥n sobre Incidencia Pol√≠tica y Movilizaci√≥n Social a @GurePlatera Refexionare‚Ä¶
@David_Cameron @GenomicsEngland I just can't believe it! I say nothing else! 'Bond make it look like an accident...'
"RT @BCNmoltmes: El cementiri Nou d' #Igualada, dissenyat per Enric Miralles i Carme Pin√≥s √©s considerat una de les obres m√©s po√®tiques de l‚Ä¶"
Obres al cam√≠ de Casajoana de #Rellinars https://t.co/FYfvNV0yRn
RT @MarisaArtistt: Estaci√≥ de Torres i Bages tancada per incident. No funciona cap a Fondo. @TMBinfo @TMB_Barcelona
Estaci√≥ de Torres i Bages tancada per incident. No funciona cap a Fondo. @TMBinfo @TMB_Barcelona
"Adri√† Carrasco despr√©s de l'incident amb Borrell: ""El que no farem √©s callar"" https://t.co/NJZVKiio5U"
La casa de davant ha decorat tota la terrassa amb llums de Nadal i jo encara no puc posar res per les obres del menjador. Estic patint.
RT @AjuntamentSalou: Aquest mat√≠ l'alcalde de #Salou i diversos regidors han assistit a la presentaci√≥ dels equips de la #UDSalou a l'estad‚Ä¶
"RT @ugtbombers: #Bombersenlluita Avui a Catalunya 8 parcs de bombers sota m√≠nims i 33 sense comandaments.
Cada dia que pasa m√©s risc de pat‚Ä¶"
"RT @ugtbombers: #Bombersenlluita Avui a Catalunya 8 parcs de bombers sota m√≠nims i 33 sense comandaments.
Cada dia que pasa m√©s risc de pat‚Ä¶"
"RT @ActivaMent: El dimecres 19/12, organitzem una visita guiada a l‚Äôexposici√≥ ‚ÄúL‚ÄôArt Irreductible. Miratges de l‚ÄôArt Brut‚Äú, a La Model de B‚Ä¶"
"Avaria d‚Äôaigua, ja resolta, a Can Migrat. Els equips t√®cnics d‚ÄôAig√ºes de Collbat√≥ han hagut de tancar el subministrament a la zona, fins a resoldre la incid√®ncia, a les 14.30 hores. #AiguesCollbato #Collbat√≥ https://t.co/C71Q9Gye18 https://t.co/cFUNqwwaEw"
@patrick9secs  -  60m low hurdles trying to run tall fedeghb @Sevicoach #sportforever #sprint #deporte #dreampositive #deportista #fitboy #likeforlikes Gracias gabriel17go video en Centre‚Ä¶ https://t.co/Jb7U9OIQYm
RT @CarlesVinyas: bon dia per rellegir dues obres fetes des del rigor acad√®mic i profusament documentades que contradiuen el relat id√≠l¬∑lic‚Ä¶
@TMB_Barcelona Ja podrieu avisar un cop s'arriba a fabra i puig de que el tren ja no avan√ßa m√©s (L1) i que hi ha un bus. La incid√®ncia ha passat mentre era al tren i ning√∫ ha dit res.
RT @escolagoar: Ja es comencen a veure les obres dels artistes!! Moltes gr√†cies! https://t.co/xvxz5HNAp8
"RT @Vaporgastro: Tall ""argent√≠"", alberg√≠nia fumada i ""chimichurri""
Corte ""argentino"", berenjena ahumada y ""chimichurri""
Tardor - Oto√±o 2018‚Ä¶"
"RT @Culturaripollet: Finalitzem l'#AnydelLlibre amb un gran esdeveniment cultural, l'adaptaci√≥ musical d'una de les grans obres de la liter‚Ä¶"
RT @comunicat_i: Has vist alguna paperera trencada o algun mobiliari urb√† en malestat al teu #municipi? Descarrega't la nostra #APP i infor‚Ä¶
"AGUTZIL | Es concursen les obres de la baixada de Can Llobet.
https://t.co/F8Js7rnUhE #SantCugat"
RT @CarlesVinyas: bon dia per rellegir dues obres fetes des del rigor acad√®mic i profusament documentades que contradiuen el relat id√≠l¬∑lic‚Ä¶
"RT @ugtbombers: #Bombersenlluita Avui a Catalunya 8 parcs de bombers sota m√≠nims i 33 sense comandaments.
Cada dia que pasa m√©s risc de pat‚Ä¶"
"Adri√† Carrasco despr√©s de l'incident amb Borrell: ""El que no farem √©s callar"" https://t.co/3bnPzRYhkE"
The Incident Response Tracking Application: DFIRTrack https://t.co/Qu3F8LtZNg
"@annay18nay Espera't, que ara no surt cap concert de m√∫sica ni han de fer obres als lavabos. No √©s casual que ambdues vegades hi an√©s a jugar el Bar√ßa?"
RT @hbellvitge: Compartim la satisfacci√≥ de comptar amb grans professionals. 3 a tall d'exemple: la Dra. Carme Baliellas (Aparell digestiu)‚Ä¶
"RT @324cat: Adri√† Carrasco despr√©s de l'incident amb Borrell: "" El que no farem √©s quedar-nos callats""
https://t.co/KDLx4qxGXU https://t.co‚Ä¶"
@Dulors Buenas tardes. Actualmente no tenemos detectada ninguna incidencia en los espacios que nos indicas. ¬øPodr√≠as indicarnos que error te aparece o adjuntarnos una captura de pantalla? ¬°Gracias!
"RT @BCNmoltmes: El cementiri Nou d' #Igualada, dissenyat per Enric Miralles i Carme Pin√≥s √©s considerat una de les obres m√©s po√®tiques de l‚Ä¶"
"@tac12_tv Bona tarda, companys. Podr√≠em utilitzar el v√≠dios que heu penjat d'aquest tall a l'Ap7 per al nostre informatiu? Gr√†cies"
Les obres de reordenaci√≥ urban√≠stica del carrer de Pere Badia de Torredembarra encaren la recta final. Tot i els nombrosos episodis de pluja que s‚Äôhan repetit des que es va iniciar l‚Äôobra i alguna aturada per imprevistos com el soterrament d‚Äôun cablejat. https://t.co/qdbZ2Cjv0a
RT @CarlesVinyas: bon dia per rellegir dues obres fetes des del rigor acad√®mic i profusament documentades que contradiuen el relat id√≠l¬∑lic‚Ä¶
"@Lowi_es el martes pasado me abrieron una incidencia, los minutos gastados no aparecen ni en la app , ni en la web, como va la incidencia????? Un saludo."
RT @CarlesVinyas: bon dia per rellegir dues obres fetes des del rigor acad√®mic i profusament documentades que contradiuen el relat id√≠l¬∑lic‚Ä¶
RT @btvnoticies: üî¥ #√öLTIMAHORA | Tres vehicles i una moto han xocat a la Gran Via fa una estona. Els ferits han estat traslladats a l'hospi‚Ä¶
RT @CarlesVinyas: bon dia per rellegir dues obres fetes des del rigor acad√®mic i profusament documentades que contradiuen el relat id√≠l¬∑lic‚Ä¶
The AAIB have issued a new bulletin on the Leicester accident. https://t.co/Mbw7LdEmx1
"Tall ""argent√≠"", alberg√≠nia fumada i ""chimichurri""
Corte ""argentino"", berenjena ahumada y ""chimichurri""
Tardor - Oto√±o 2018

#novacuinavallesana #michelin #michelinrestaurant #bibgourmand‚Ä¶ https://t.co/5CAZHJpzJc"
"@sempresaludava √âs que la gent √©s imb√®cil, h√≤stia. La foto que volien? Per√≤ qui es pensa a aquestes altures que la realitat t√© cap incid√®ncia sobre el que diguin o deixin de dir? Quina foto? Agafen a @jcuixart i diuen que √©s terrorista i a esp. Ho  aplaudeixen: per√≤ els feia falta una puta foto?"
"RT @PLRocaValles: Aprofitant el tall de la Rambla Mestre Torrents dem√† divendres 7 de desembre coincidint amb el mercat setmanal,es canviar‚Ä¶"
"RT @bdncom: La Dram√†tica Jove de @elcircol ha presentat aquesta tarda ‚ÄúBojos pel c√≠rcol‚Äù, un espectacle d‚Äôimprovisaci√≥ on els actors han de‚Ä¶"
"RT Regio7:Alerta, continuen les retencions a la C-16, entre Berga i Cercs, i a la C-14, a Organy√† https://t.co/DPwC6IfihG"
"Alerta, continuen les retencions a la C-16, entre Berga i Cercs, i a la C-14, a Organy√† https://t.co/hxgNDzTRHb"
"RT @quimmunoztraver: He a√±adido un v√≠deo a una lista de reproducci√≥n de @YouTube (https://t.co/LRnlhIvK7S - Ecosofia l‚Äôaportaci√≥ de Raimon Panikkar a...

üëâ Obres de Raimon Panikkar a Fragmenta: https://t.co/6klyFH9B5X"
"RT @324cat: Adri√† Carrasco despr√©s de l'incident amb Borrell: "" El que no farem √©s quedar-nos callats""
https://t.co/KDLx4qxGXU https://t.co‚Ä¶"
RT @ajlagarriga: Les #obres d'arranjament dels talussos del Congost entre els ponts de la Doma i Can Noguera a #laGarriga ja estan enllesti‚Ä¶
"RT @ugtbombers: #Bombersenlluita Avui a Catalunya 8 parcs de bombers sota m√≠nims i 33 sense comandaments.
Cada dia que pasa m√©s risc de pat‚Ä¶"
"RT @324cat: Adri√† Carrasco despr√©s de l'incident amb Borrell: "" El que no farem √©s quedar-nos callats""
https://t.co/KDLx4qxGXU https://t.co‚Ä¶"
RT @DefensemCastell: Segueixen apareixent esquirols morts al voltant de les obres de El Castell. Quan l'Ajuntament es carregui tots els pin‚Ä¶
"RT @324cat: Adri√† Carrasco despr√©s de l'incident amb Borrell: "" El que no farem √©s quedar-nos callats""
https://t.co/KDLx4qxGXU https://t.co‚Ä¶"
"RT @324cat: Adri√† Carrasco despr√©s de l'incident amb Borrell: "" El que no farem √©s quedar-nos callats""
https://t.co/KDLx4qxGXU https://t.co‚Ä¶"
RT @btvnoticies: üî¥ #√öLTIMAHORA | Tres vehicles i una moto han xocat a la Gran Via fa una estona. Els ferits han estat traslladats a l'hospi‚Ä¶
"RT @324cat: Adri√† Carrasco despr√©s de l'incident amb Borrell: "" El que no farem √©s quedar-nos callats""
https://t.co/KDLx4qxGXU https://t.co‚Ä¶"
"RT @ugtbombers: #Bombersenlluita Avui a Catalunya 8 parcs de bombers sota m√≠nims i 33 sense comandaments.
Cada dia que pasa m√©s risc de pat‚Ä¶"
RT @delcampoalcole: El 11 y 12 de diciembre impartimos formaci√≥n sobre Incidencia Pol√≠tica y Movilizaci√≥n Social a @GurePlatera Refexionare‚Ä¶
"RT @collbato: @Jos6300 Jordi, em confirmen que la incid√®ncia est√† resolta. Tens ja aigua?"
"@Jos6300 Jordi, em confirmen que la incid√®ncia est√† resolta. Tens ja aigua?"
"RT @BCNmoltmes: El cementiri Nou d' #Igualada, dissenyat per Enric Miralles i Carme Pin√≥s √©s considerat una de les obres m√©s po√®tiques de l‚Ä¶"
RT @btvnoticies: üî¥ #√öLTIMAHORA | Tres vehicles i una moto han xocat a la Gran Via fa una estona. Els ferits han estat traslladats a l'hospi‚Ä¶
"üî¥ #√öLTIMAHORA | Tres vehicles i una moto han xocat a la Gran Via fa una estona. Els ferits han estat traslladats a l'hospital
https://t.co/BXzVx7wEZM"
"A les 13.30 h. Poques vegades, per no dir cap, he trobat els accessos a Berga totalment aturats. Els cotxes busquen alternatives, per√≤ no n'hi han... @transitc16 @equipviari #berga #equipviari https://t.co/EYr56ODnsU"
"RT @tac12_tv: üí¨ ""L'inici de les obres de Hard Rock es podrien avan√ßar"".

üìå D'aquest i altres temes parlem avui amb l'alcalde de #Salou, @Pe‚Ä¶"
"Atenci√≥! Fins el 14 de desembre el tram final de les escales mec√†niques de la Baixada de la Gl√≤ria, al c. Mare de D√©u del Coll, romandr√† tancat per obres de manteniment en el clavegueram. M√©s: https://t.co/0qjYMYbRe2 https://t.co/QNgDIcYlfe"
"RT @ugtbombers: #Bombersenlluita Avui a Catalunya 8 parcs de bombers sota m√≠nims i 33 sense comandaments.
Cada dia que pasa m√©s risc de pat‚Ä¶"
RT @CarlesVinyas: bon dia per rellegir dues obres fetes des del rigor acad√®mic i profusament documentades que contradiuen el relat id√≠l¬∑lic‚Ä¶
"RT @324cat: Adri√† Carrasco despr√©s de l'incident amb Borrell: "" El que no farem √©s quedar-nos callats""
https://t.co/KDLx4qxGXU https://t.co‚Ä¶"
Nova licitaci√≥. Serveis de DO de les obres de consolidaci√≥ estructural de l'esgl√©sia de Sant Rafael al districte de Nou Barris de Barcelona https://t.co/1hVGRyex8A
La important empresa que marxa de Catalunya i deixa molts aturats https://t.co/xuFgiAFHLz
RT @CarlesVinyas: bon dia per rellegir dues obres fetes des del rigor acad√®mic i profusament documentades que contradiuen el relat id√≠l¬∑lic‚Ä¶
"RT @ugtbombers: #Bombersenlluita Avui a Catalunya 8 parcs de bombers sota m√≠nims i 33 sense comandaments.
Cada dia que pasa m√©s risc de pat‚Ä¶"
"RT @324cat: Adri√† Carrasco despr√©s de l'incident amb Borrell: "" El que no farem √©s quedar-nos callats""
https://t.co/KDLx4qxGXU https://t.co‚Ä¶"
"@Akikonaj @martaroqueta Per√≤ hi han obres al T√∫nel de Rub√≠, cal anar amb compte o caldr√† fer transbord amb bus tamb√©. Vigent fins 23/12"
El Consell d'Estat desencalla el t√∫nel del coll de Lilla i les obres comen√ßaran l'any 2019 https://t.co/e5ci3iVUxt
RT @JuntsTiana: üåä @isaactiana: ‚ÄúCom pot ser que despr√©s de fer unes obres que han costat 500.000‚Ç¨ l‚Äôaigua baixi aix√≠‚Äù (i mostra el v√≠deo al‚Ä¶
"Adri√† Carrasco despr√©s de l'incident amb Borrell: ""El que no farem √©s callar"" https://t.co/SSbVEpQc27"
RT @Bcn_SSTG: Fins al 20 de desembre pots visitar al @CCivicSarria l‚Äôexposici√≥ ‚ÄòQu√® sabem dels nostres cors? Res‚Ä¶ per√≤ mostrem la seva inte‚Ä¶
"RT @324cat: Adri√† Carrasco despr√©s de l'incident amb Borrell: "" El que no farem √©s quedar-nos callats""
https://t.co/KDLx4qxGXU https://t.co‚Ä¶"
"RT @324cat: Adri√† Carrasco despr√©s de l'incident amb Borrell: "" El que no farem √©s quedar-nos callats""
https://t.co/KDLx4qxGXU https://t.co‚Ä¶"
"https://t.co/1G6i0Di4xR

El pont de la Pur√≠ssima provoca retencions C-16 i omple les pistes d'esqu√≠ https://t.co/CNm1iAn1uO"
