1069380688703627264,@1ni2s Per fi molta gent obrir√† els ulls. Aix√≤ de les eleccions a Andalusia est√† acollinint a molts (ERC i en Com√∫ no podrem). Voldran fugir d‚Äôaquest futur tant negre que s‚Äôest√† dibuixant. Un bany de realitat.
1069380682487656448,Quan els treguin el PER veurem si cantan tan! üìåüìå https://t.co/Vq2gsB2eUF
1069380647247142914,"@_Sara_Gonzalez_ S√≥c molt pessimista. No √©s un pron√≤stic, Sara. √âs proposar una altra lectura. No donar per suposat que els tres sumaran. Insistir que lo de VOX √©s molt greu i que els seus aliats quedaran tacats."
1069380640385220608,"Direu que s√≥c rencorosa per√≤ m'alegro de la patacada del PSOE,  la Susanita i el S√°nchez i tamb√© per la part que li pertoca d'Iceta.  Potser se us baixaran una mica els fums i els egos. https://t.co/aVm9BhgMuF"
1069380625881329669,"@LaHipogrifa Por no hablar de la homof√≤bia, racismo y maltrato animal... https://t.co/86EPl8ZlV1"
1069380617517842432,@jopasso @er_pllo Em sembla que t'has passat el vespre dient subnormal a la penya i has fet una feina molt lloable
1069380599205515265,"Molt bon twitt del conegut periodista turc @candundaradasi a favor dels nostres presos. Tamb√© ell va viure a la seva pell, la repressi√≥ d un pa√≠s autoritari i antidemocr√†tic.
Europa es desperta.
#freeCatalanPoliticalPrisoners https://t.co/YuRfcqkexv"
1069380584668086272,Espanya cada dia m√©s lluny. Cal correr sense parar i no mirar enrera.
1069380565479186432,"Puigdemont, al PSOE: ""Assumir la cultura de ""l'a por ello"" us ha enfonsat"" https://t.co/XLdHaf2Kzm"
1069380557719724032,@lbassets @elpais_espana Tenir un model d'estat diferent al vigent es quelcom fr√≠vol o natural en democr√†cies sanes?
1069380532440580096,"@QuicoSalles I mira que la D√≠az ens donava canya, per√≤ es veu que no era prou..."
1069380505555083264,@bcnenlluita A veure si et penses que la gent que sap negociar en conflictes complicats fa aquestes bestieses.
1069380471774216192,Fastig√≥s https://t.co/hQWVtbyR1U
1069380465747001344,@LaPotlla @Rincewindcat @RogerPala Els poden donar molt pel cul.
1069380464975273984,"@iuforn @Jurassicq Obviament SI, s√≥n exactament el mateix."
1069380455374442497,"Estic horroritzada. La gent que vota Vox s√≥n conscients que estan en contra de l‚Äôavortament, de la igualtat de g√®nere, de la diversitat sexual i de tot all√≤ que protegeix els drets de les dones i de les minories? O senzillament odien els catalans?"
1069380439356383233,"Un gran #fitnessday a #SantCugat, amb moltes activitats i premis dels clubs participants, encarant la recta final de  #santcugatciutateuropeaesport. Solidaris amb el #DiaInternacionalDiscapacitat. 
@_vaic_ @AnytimeFitness @fitnesscugat @CEValldoreix @Cataloniafundac https://t.co/BrloLGGIyC"
1069380420825956352,@JaumeAlonsoCuev Ll√†stima d'abortamen.
1069380401943273472,"Crec que avui ho deixo en aquest tuit, que la clava. Res m√©s a dir. https://t.co/QVGmCFA0jU"
1069380388492140551,@Franel_Landau @lluis_llach @SusodeToro1 @AdaColau Que dius. Potser. Are es fera amiga d'ells.
1069380372079804416,"@bcnenlluita No dir quins s√≥n els teus l√≠mits no √©s cap mentida. √âs ser intel¬∑ligent, no un loser."
1069380337191526400,@QuimTorraiPla Dons estaria be que treballesis per la independ√®ncia i deixesis les tonteries.
1069380317151223808,"üî¥‚ö´ INFANTIL MASCUL√ç NEGRE | La cr√≤nica 
‚ñ∂ @NBOlesa 43-31 @cblamerce 

üèÄ L‚Äôequip de Jonathan Lamhamdi i Marc Mart√≠ ha tornat a guanyar els martorellencs en el segon partit consecutiu aquest cap de setmana

üì∑ @enricalb22 

#123Olesa
#NBO https://t.co/xsVnczkuLw"
1069380306682155009,"@antoniobanos_ @EtniaNostra @AntonioMaestre Perd√≥??? JxCat esquerres?
Antonio, ens prens per imb√®cils?"
1069380278559358976,@jcoscu De gent potser com t√∫ https://t.co/QETAt5rA6A
1069380275984060423,"@ramirp Avui est√† molt m√©s lluny el refer√®ndum pactat, per√≤ m√©s aprop la independ√®ncia."
1069380272372793344,"F√†stic i m√©s f√†stic. Franco avui munta una festa.
#EleccionesAndalucia"
1069380265682878464,"@Desiderata_Cat Una manera de continuar amb el bonisme dels dirigents que tenim, en aquest govern tebi que continua frenant les iniciatives de la gent i no saben liderar ni navegar per fer efectiu el mandat legitim del 1-O #independencia #nopassaran #vagadefam"
1069380238747058177,@xtomas @aleixramia Jo us q√ºestiono als dos üôà https://t.co/dLAq6zwQBO
1069380234192015361,Al que em pregunti per com ha anat el finde el revento.
1069380223622361088,"@Miquel2XTI @saralidiaester @BeatrizTalegon Doncs estas de sort, a m√≠ fa un temps que em t√© blocat, encara no s√© perqu√®, tampoc no la he insultat mai,  ja s'apanyar√†.."
1069380221240057857,"@ohriol @er_pllo √âs del PSC. Com el prota del Sexto Sentido, nom√©s ells no saben que l‚Äôesquerra ha mort al PSOE."
1069380220631871488,"Perqu√® alcaldessa, fer un front contra la inseguretat de Barcelona, que est√† en el pitjor nivell dels darrers 40 anys, o del preu de l‚Äôhabitatge, o del barraquisme que s‚Äôha triplicat en els darrers 4 anys no cal oi? https://t.co/v8HMzYq52K"
1069380216492040192,Piqu√© i Demb√©l√© marquen el cam√≠ de la vict√≤ria https://t.co/AF0nB1OFcN
1069380200998289409,Madre m√≠a con el wishful thinking de la Internacional Federalista https://t.co/4ifH0SLmxb
1069380166290468864,"@Chenoaoficial total üëå bona nit, bonita. üòò"
1069380162893029378,@EnyaGR @_ethan9 @ArnauBertomeu han tret un estribillo ara per√≤ la can√ß√≥ no surt fins 2019üòÇüòÇ
1069380149060268032,INDEPEND√àNCIA
1069380144899530752,@sergipinkman I UN BOLI PREPARAT PER SI DE CAS
1069380120580886528,"@marcelmauri @miqueliceta deu estar orgull√≥s i el PSOE tamb√© , ells si que han despertat a la bestia"
1069380084644151296,@flowersigh @lluis_llach @paliuotes Que est√†s dient. Mai varen marxar. O tu qui creus q votava al PP. Dins de PSOE. Tamb√© nia vian.  Estaban esperan.  Nosaltres. No fotis.  !
1069380068475117570,@Jud1969 Gent dolenta i venjativa n'hi-ha a tot arreu.
1069380051534262272,"El meu gos, quan √©s a sobre del sof√† mossegant una joguina i li cau a terra, rasca el sof√† compulsivament com si aix√≠ hagu√©s de fer-la tornar a pujar. Molt fan d'aquest raonament."
1069380036690669568,Farem b√© d'anar esmolant les fal√ßs...
1069380018801950721,"I anar passant. L'esquerra espanyola, blanquejadora eterna del feixisme, a seguir banyant-se en el seu perpetu  fangar intelectual. https://t.co/5ve1qUHb8l"
1069379976791769091,"@jordana_joan @Virgili7 Es espectacular la lluminaria, tant com la barra que tenen."
1069379938774671362,"@yeyaboya V√†rem votar independ√®ncia i ha de ser la nostra fita. Ells han votat el ""a por ellos '"
1069379867773468672,"@vpartal @miqueliceta Iceta rius tan despr√©s dels resultats d'Andalucia, per culpa vostra."
1069379859636457474,"Que jo s√†piga un comunista sap i afirma que el patriarcat √©s producte de la societat de classes, la qual tamb√© es perpetua gr√†cies a ell. Quina mena de comunista ets per a negar l'organitzaci√≥ social necess√†ria per a perpetuar el sistema econ√≤mic actual."
1069379836320382977,"Guanya la Rep√∫blica per√≤ nom√©s han votat a Madrid 22.000 persones....
qu√® dirien si haguessin estat m√©s d'un mili√≥ com al 9N aqu√≠?
      s√≥n 4 gats malauradament
https://t.co/52sz7LpU8t"
1069379795765600256,@JaumeAlonsoCuev Son la mort i el terror. I ja els tenim aqu√≠. No podem retrocedir m√©s.
1069379773024079872,"Els Comuns van ser uns visionaris quan van dir que amb Podemos tot canviaria a Espanya, que pujarien les esquerres, i que un cop al poder, promourien un refer√®ndum a Catalunya."
1069379737410289664,"Clar i catal√†: Que els fotin als ""nostres germans republicans espanyols""  primer hem de preocupar-nos de la nostra terra, ells que s'ho fagin com puguin com estem intentant fer nosaltres i no precisament recolzats per una majoria d'ells. https://t.co/geli5fd6vk"
1069379705147580418,"ACTUALITAT: ""La Pobla es retroba amb la vict√≤ria"" https://t.co/0b9XRDSORx https://t.co/JlxPhu03G9"
1069379659392057344,"@aleixramia Q√ºestiona el que vulguis, per√≤ en m√†rqueting pol√≠tic big data = segmentaci√≥ electoral. I en aix√≤ han sigut, de llarg, els millors. I per a aix√≤ no cal pen drives de dades, ni parlar amb cap operadora de telefonia m√≤bil. El qu√® cal, √©s saber-ne."
1069379659102650369,"Aquest subnormal celebra el que pot ser la fi de la seva estimada Espanya. No us rigueu d'ell, el pobre no rep oxigen al cervell. https://t.co/eskL6BL1re"
1069379653918498816,"Totalment. La ruptura del #R√®gimdel78 igual no √©s de la manera q alguns voldr√≠em. El resultat a Andalusia √©s l'acte de ruptura amb la #Constituci√≥ m√©s gran en molt de temps a l'Estat, m√©s q els jocs florals i la gesticulaci√≥ indepe nostrada. https://t.co/hrl4l9cnAb"
1069379653876498432,"Dem√† mateix els partits independentistes catalans que volen ampliar les bases, aniran a Andalusia a conv√®ncer gent. Oi que si?
Au va...
#Unilateralitat #DUI"
