2018-08-07 17:35:38,ğŸ·ğŸ·ğŸ· Quan una persona ingereix begudes alcohÃ²liques li disminueix la capacitat dâ€™atenciÃ³ i de processar la informaciâ€¦ https://t.co/S0Y8MY5aGc
2018-08-07 16:47:42,"â„¹ El Servei CatalÃ  de TrÃ nsit coordina una nova campanya de control de la velocitat excessiva, efectiva durant totaâ€¦ https://t.co/vVcavd6zoR"
2018-08-07 15:33:18,âœ… SituaciÃ³ normalitzada en aquest punt de la C-17 @transitc17 https://t.co/y1yQDhrmKC
2018-08-07 15:08:25,âš  Accident a la C-17 @transitc17 a Montcada que talla un carril en sentit Nord i provoca mÃ©s d'un quilÃ²metre de retâ€¦ https://t.co/FFMLy88Nwl
2018-08-07 14:01:30,âœ… SituaciÃ³ normalitzada en aquest punt de la C-17 @transitc17 https://t.co/2iD69kl4EY
2018-08-07 13:59:13,RT @bomberscat: (Nota de Premsa) ActualitzaciÃ³ de l'informaciÃ³ de l'#IFCabradelCamp #bomberscat https://t.co/68nFfjoDXf https://t.co/OlUDZTâ€¦
2018-08-07 13:51:46,El Servei CatalÃ  de TrÃ nsit informa que el conductor dâ€™una furgoneta ha mort en una colÂ·lisiÃ³ frontal a lâ€™N-340 a Aâ€¦ https://t.co/8Y68zdB1XW
2018-08-07 13:34:02,"ğŸš´â€â™€ï¸ğŸš´â€â™€ï¸ğŸš´â€â™€ï¸ Ciclista, evita passar entremig dels cotxes i ves sempre en lÃ­nia recta: https://t.co/hvTKSvTvEg"
2018-08-07 13:04:04,âœ… SituaciÃ³ normalitzada en aquests punts de la C-17 @transitc17 https://t.co/op0shcKZRV
2018-08-07 12:48:02,RT @mossos: Condueix triplicant la taxa d'alcoholÃ¨mia permesa i havent consumit cocaÃ¯na i s'accidenta a Sant Feliu de GuÃ­xols. Detenim el câ€¦
2018-08-07 12:30:23,@6qcara GrÃ cies per l'avÃ­s i la informaciÃ³!
2018-08-07 12:29:30,âš  A la C-17 hi ha un carril tallat a LliÃ§Ã  d'Amunt en sentit Vic per un vehicle avariat. CongestiÃ³. Compte!â€¦ https://t.co/sJwVEDJ3OI
2018-08-07 11:59:25,âœ… SituaciÃ³ normalitzada en aquest tram de l'AP-7. @transitap7 https://t.co/VpSGONzOdN
2018-08-07 11:53:11,âš ğŸš§ A la C-17 hi ha un carril tallat a Montcada i Reixac i tambÃ© a la Llagosta en sentit Vic per obres. Retencions.â€¦ https://t.co/im8YB8hEOv
2018-08-07 11:23:16,"â€¼ï¸ ğŸ› Aquesta setmana coordinem una nova campanya de control de la velocitat excessiva. Recorda, ara i sempre, respeâ€¦ https://t.co/vmwxHDOG8d"
2018-08-07 11:17:39,âš  A l'AP-7 hi ha un carril tallat a Mollet del VallÃ¨s en sentit sud per un vehicle avariat. Intensitat. PrecauciÃ³!â€¦ https://t.co/LXoNVNeSaR
2018-08-07 11:15:38,âš  A l'A-2 hi ha un carril tallat a Esparreguera en sentit Lleida per un vehicle avariat. Intensitat. Compte!â€¦ https://t.co/eNAgNSdZhl
2018-08-07 10:22:43,RT @mossos: Denunciem el propietari i el conductor de dos camions que tenien la mateixa matrÃ­cula. El camiÃ³ amb matrÃ­cula duplicada no teniâ€¦
2018-08-07 09:48:41,"ğŸŒğŸš—Recordreu sobretot, atÃ¨s que es mantÃ© l'alerta #PROCICAT #onadadecalor: 
ğŸ’¦Hidratar-vos, portar aigua o begudes frâ€¦ https://t.co/8De4eiKOvk"
2018-08-07 09:02:02,âŒğŸ¹ğŸ» L'alcohol i les drogues provoquen alteracions en l'organisme que fan que siguin incompatibles amb unaâ€¦ https://t.co/DygLdeky0z
2018-08-07 08:41:45,âœ… Ja s'ha obert el carril tallat per #avaria a l'A-2 a Abreraâ¡Lleida @transita2 https://t.co/uU7jmXwUtR
2018-08-07 08:40:08,"ğŸŒ§Davant previsiÃ³ intensitat #pluja recorda, si et sorprÃ¨n conduint, aquests consells: 
â¡ï¸ modera velocitat 
â¡ï¸ augmâ€¦ https://t.co/5NUI1FcP6o"
2018-08-07 08:23:12,âš  L'#avaria d'un vehicle talla un carril de l'A-2 a Abrera â¡ Lleida @transita2 https://t.co/YfpKKMbAZZ
2018-08-07 08:20:43,â„¹âœ… Restablert el trÃ nsit a l'N-340 a Alcanar. Compte! Se circula amb retencions en un tram de 3km en ambdÃ³s sentitsâ€¦ https://t.co/0i4vdrkeHN
2018-08-07 07:06:00,âœ… Ja s'ha obert el carril tallat a la B-20 per aquest tram en #obres â¡Nus del Llobregat @transitb20 https://t.co/CNglOUWXcD
2018-08-07 06:59:16,âš  Ara es dÃ³na pas alternatiu â†” a l'N-340 a Alcanar per aquest #accident @transitn340 https://t.co/6XUh1wrhbh
2018-08-07 06:52:17,"RT @bomberscat: Activades 5 dotacions #bomberscat per aquest accident, en el qual han xocat forntalment una furgoneta i un camiÃ³. https://tâ€¦"
2018-08-07 06:52:01,â„¹âš â›”L'N-340 a Alcanar #MontsiÃ  es mantÃ© tallada al trÃ nsit ara per la retirada dels vehicles accidentats @transitn340 https://t.co/vUq6lPir14
2018-08-07 06:10:00,âš ğŸš§ A la Ronda de Dalt o B-20 hi ha un carril tallat a la Vall d'Hebron en sentit Llobregat per obres. 1km de retencâ€¦ https://t.co/KBBNyZfx5y
2018-08-07 06:04:01,Bon dia! âš â›” L'N-340 estÃ  tallada a Alcanar (MontsiÃ ) en tots dos sentits per un accident. PrecauciÃ³! @transitn340 https://t.co/04NgjcYqiy
2018-08-06 19:00:02,Ara hi ha molta calma a la xarxa viÃ ria catalana. Seguiu en aquest enllaÃ§ tota la informaciÃ³:â€¦ https://t.co/rMUTDkNgfE
2018-08-06 18:30:32,El consum d'alcohol i drogues combinat amb la conducciÃ³ ja es considera un dels principals factors concurrents de lâ€¦ https://t.co/g2v5XplEOw
2018-08-06 17:50:26,"@Dicveritats Hola. Ens han informat d'un accident a l'N-154 al punt quilomÃ¨tric 3,3. De moment no tenim mÃ©s dades."
2018-08-06 17:42:07,âœ… SituaciÃ³ normalitzada en aquest tram de la C-32 @transitc32sud https://t.co/ezNhtj0XfA
2018-08-06 17:38:51,[Nota] A + velocitat= + risc dâ€™accident i lesions + greus. Nova campanya de control de la velocitat: https://t.co/6IA4zEYSDp
2018-08-06 17:10:00,âš ğŸš™ğŸšğŸš— Un vehicle avariat a la C-32 a Sant Boi talla un carril en sentit Barcelona i provoca una cua de 3km. TambÃ© hiâ€¦ https://t.co/RqEUJh2y8d
2018-08-06 16:15:05,"@sitajxc Disculpa el retard. Ens indiquen que hi ha un accident a la C-65 al pk 28, a Girona, en sentit Quart. No en tenim mÃ©s dades."
2018-08-06 14:36:39,"â„¹ Per a una #ConducciÃ³Segura , conductors i ciclistes seguiu aquests consells:
https://t.co/saWNCUxsVv"
2018-08-06 14:27:40,âœ… Normalitzat el trÃ nsit en aquest punt de la xarxa viÃ ria. https://t.co/olb1u0IpZL
2018-08-06 13:44:11,Tots els carrils oberts en aquest tram de la C-14. https://t.co/tbKKpA5h2j
2018-08-06 12:29:31,âš â›” Tallada la C-14 a Coll de NargÃ³ #AltUrgell per #accident @transitc14 https://t.co/Sc4AWJ9SuE
2018-08-06 12:16:30,âœ… Completament normalitzada l'A-2 a Ã’dena en direcciÃ³ Lleida @transita2 https://t.co/SrRagHKlOj
2018-08-06 11:43:19,[Nota] El Servei CatalÃ  de TrÃ nsit coordina una nova campanya de control de la velocitat excessiva https://t.co/5qsu9OMQh8
2018-08-06 11:42:05,âš  Un carril tallat a l'A-2 a TÃ rrega â¡ Barcelona a causa d'un vehicle #avariat. Se circula amb intensitat @transita2
2018-08-06 11:27:17,"ğŸ”´ A l'A-2 a Ã’denaâ¡Lleida:
âœ… Obert el carril tallat per #avaria
âš ğŸš§ es mantÃ© un carril tallat per tram en #obres a l'â€¦ https://t.co/lXp1w4NvyK"
2018-08-06 11:03:58,"Hola @carmerieramin, en aquest tram de la C-15 no consta cap afectaciÃ³ destacada que provoqui aquesta retenciÃ³. GrÃ â€¦ https://t.co/uziWGogET2"
2018-08-06 10:45:47,âš  A la BP-5002 a Vilanova del VallÃ¨s #VallÃ¨sOriental es dÃ³na pas alternatiuâ†” per #accident https://t.co/tg5a5sDh6I
2018-08-06 10:40:50,"ğŸ›¤ Si marxes o tornes de vacances, recorda durant el trajecte:
âœ… Corda't el cinturÃ³
âœ… Corda't el casc
ğŸ“µ No utilitzisâ€¦ https://t.co/Cxc6zTmn4g"
2018-08-06 10:40:06,âœ… SituaciÃ³ normalitzada en aquest tram de la C-31. @transitc31sud https://t.co/uIG6KoMMyv
2018-08-06 10:20:19,"âš ğŸš§ A l'A-2 hi ha afectacions viÃ ries a Ã’denaâ¡Lleida:
â–¶un carril tallat per tram en #obres al quilÃ²metre 555
â–¶un carâ€¦ https://t.co/GPag1zHhQA"
2018-08-06 10:15:48,âœ… Ja s'ha obert la C-25 a Espinelves #Osonaâ¡Girona @transitc25 https://t.co/hYjJTnzIBd
2018-08-06 09:46:26,âš«ï¸ La C-25 estÃ  tallada a Espinelves (Osona) en sentit Girona per un accident. PrecauciÃ³! @transitc25
2018-08-06 09:21:20,âš«ï¸ La TV-3022 estÃ  tallada a Rasquera (Ribera d'Ebre) en tots dos sentits per l'accident. https://t.co/0iBXYQBMRZ
2018-08-06 08:49:32,âœ… Ja s'ha obert a la B-20 el carril que estava tallat a l'altura de Vall d'Hebron per un tram en #obres en direcciÃ³â€¦ https://t.co/CmZ3cgm4fl
2018-08-06 08:29:48,âš  Un #accident a la C-31 a l'Hospitalet de Llobregat talla dos carrils. NomÃ©s hi ha un d'obert en direcciÃ³ Castelldâ€¦ https://t.co/P2m78pQ100
2018-08-06 07:49:16,"Bon dia @Jponsmiguelez, grÃ cies per la informaciÃ³, s'ha fet l'avÃ­s per tal de resoldre la incidÃ¨ncia al mÃ©s aviat pâ€¦ https://t.co/eqzv7B31fE"
2018-08-06 07:01:38,"ğŸ”´ğŸŒğŸŒRecordeu prendre mesures en la conducciÃ³ davant alerta #PROCICAT #onadadecalor:
ğŸ’¦Hidrata't, porta aigua o begudeâ€¦ https://t.co/KnQ9ufTFae"
2018-08-06 06:42:49,â„¹ Ara consten trams de retencions a l'A-2 a St Joan DespÃ­â¡Barcelona enllaÃ§ C-32/B-20 i a les Rondesâ¡Nus del Llobregâ€¦ https://t.co/YqW40J97x2
2018-08-06 06:26:16,âœ… Normalitzada la circulaciÃ³ a l'N-230 a Vilaller #AltaRibagorÃ§a a on es donava pas alternatiuâ†”per #avariaâ€¦ https://t.co/AJGU5jv6qG
2018-08-06 06:02:53,âš ğŸš§ A la Ronda de Dalt o B-20 hi ha un carril tallat a la Vall d'Hebron en sentit Llobregat per obres. Uns 3km de reâ€¦ https://t.co/v4o04j4owG
2018-08-06 05:57:50,Bon dia! âš ï¸ A l'N-230 es dÃ³na pas alternatiu a Vilaller (Alta RibagorÃ§a) per un camiÃ³ avariat. PrecauciÃ³! @transitn230
2018-08-05 19:00:00,"A partir d'ara, podeu seguir l'evoluciÃ³ de les incidÃ¨ncies viÃ ries al web ğŸ‘‰ https://t.co/uZFoqxRnXQ Bona nit i moltâ€¦ https://t.co/yBADawRlLw"
2018-08-05 18:54:51,ğŸ”´ Retencions a la C-55 a CastellgalÃ­ â¡ï¸ sud @transitc55
2018-08-05 18:53:49,âš«ï¸ Tallada la C-28 a Naut Aran per #esllavissades https://t.co/lQtAhmoi7d
2018-08-05 18:00:54,ğŸ“„ BalanÃ§ de les incidÃ¨ncies viÃ ries mÃ©s destacades del cap de setmana del 3 al 5 d'agost ğŸ‘‰ https://t.co/UGxftkMozAâ€¦ https://t.co/g79HUWL8ym
2018-08-05 17:11:00,"â„¹ï¸ En aquests moments, es produeixen #retencions en diversos trams de l'AP-7, N-340, C-16 o C-65, entre d'altres. Câ€¦ https://t.co/A0ELz4032B"
2018-08-05 16:17:29,"@esolerma En aquests moments, hi ha 1-2 km retencions intermitents per arribar a la Roca"
2018-08-05 16:16:18,âš«ï¸ Tallada l'N-240 a Montblanc per una manifestaciÃ³ @transitn240 https://t.co/wkgP9fLj2D
2018-08-05 16:14:14,ğŸ”´ #retencions a la C-16: 4 km a la Nou de BerguedÃ  i 5 km a Berga â¡ï¸ sud @transitc16 #mobilitat #retorn
2018-08-05 13:52:02,â€˜Game Overâ€™: accidents que poden evitar altres accidents ğŸ‘‰ https://t.co/r0VnsKJMfC @IGuttmann @JuliGendrau https://t.co/rBAaV6H4mZ
2018-08-05 13:45:53,âš ï¸ Un carril tallat a l'AP-2 al Pla de Santa Maria â¡ï¸ Lleida per un #incendi proper a l'autopista @transitap2â€¦ https://t.co/xbRAUAJEQd
2018-08-05 13:41:26,âœ… Normalitzada tambÃ© la circulaciÃ³ a la C-31 al Vendrell @transitc31sud https://t.co/TjGo15o3D8
2018-08-05 12:38:53,â„¹ Els #ciclistes sÃ³n mÃ©s vulnerables. Seguiu aquests consells i normes de seguretat viÃ ria. Practiquem tots unaâ€¦ https://t.co/yyWUoiRv9q
2018-08-05 12:33:49,âœ… CirculaciÃ³ normalitzada en aquest punt @transitc14 https://t.co/PU2V12mBuU
2018-08-05 11:55:19,âš«ï¸ La C-31 estÃ  tallada al Vendrell per aquest #incendi @transitc31sud  #precauciÃ³ https://t.co/WLfj2LpqgN
2018-08-05 11:39:29,âš ï¸ Es dÃ³na pas alternatiu a la C-14 a Montblanc per un #accident @transitc14  #precauciÃ³
2018-08-05 11:18:15,ğŸ“„ El Servei CatalÃ  de TrÃ nsit informa que dos ciclistes han mort en una colÂ·lisiÃ³ a la T-310 a MontbriÃ³ del Camp (Bâ€¦ https://t.co/jYzc7R5h0b
2018-08-05 10:17:52,"RT @icscat: Aquestes vacances, segueix els consells de seguretat i sobretot molta precauciÃ³ quan agafis el cotxe! #EntreTotsFemSeguretat @tâ€¦"
2018-08-05 10:17:28,âœ… Reoberta la circulaciÃ³ en aquest punt de la T-310 https://t.co/GF4OvNgVf4
2018-08-05 09:33:17,ğŸ“„ El Servei CatalÃ  de TrÃ nsit informa que la passatgera posterior dâ€™una motocicleta va morir ahir en una colÂ·lisiÃ³â€¦ https://t.co/zSC7oN86VJ
2018-08-05 08:04:25,"âš«ï¸ Tallada (fins a les 23 h) la TV-3421 a Mas de Barberans en els dos sentits, per la celebraciÃ³ de la fira 16Ã¨ Racâ€¦ https://t.co/bG8lKTtNk4"
2018-08-05 08:02:59,âš«ï¸ Tallada la carretera T-310 a MontbriÃ³ del Camp per #accident. Es fan desviaments senyalitzats https://t.co/xzCecWgroN
2018-08-04 18:10:53,"â„¹ï¸ A partir d'ara, segueix l'evoluciÃ³ del #trÃ nsit al web d'incidÃ¨ncies ğŸ‘‰ https://t.co/VDdUO0UjoB Bona nit i molta prudÃ¨ncia a la carretera!"
2018-08-04 18:06:22,"@transit
ğŸš´â€â™€ï¸ Ciclista: sigues visible i previsible! Segueix aquests consells per circular amb seguretat ğŸ‘‰â€¦ https://t.co/MisGWsl3DF"
2018-08-04 18:01:21,"@jordicodol @jmartinoy @transitap7 SÃ­, ja s'ha reobert la circulaciÃ³ en sentit sud"
2018-08-04 17:50:50,âœ… Reoberta la circulaciÃ³ a l'AP-7 a la frontera amb FranÃ§a â¡ï¸ sud @transitap7 https://t.co/31jUGISfUE
2018-08-04 17:30:06,"âš ï¸ En aquests moments, hi ha 2 carrils tallats â†” en cada sentit i #retencions 2 km â¡ï¸ GIR i 4 km â¡ï¸ BCNâ€¦ https://t.co/YJhdmO8Ftm"
2018-08-04 17:21:13,ğŸ”´ 3 km #retencions a l'AP-7 a la Jonquera â¡ï¸ FranÃ§a @transitap7
2018-08-04 17:18:38,"@e_llimos @bomberscat Bona tarda, es preveu que es pugui restablir el trÃ nsit en sentit sud en breu"
2018-08-04 17:17:56,"@jmartinoy @transitap7 Bona tarda, ens informen que es preveu que es pugui reobrir el trÃ nsit de l'AP-7 en sentit sud en breu"
2018-08-04 17:11:39,ğŸ”´ Retencions a la C-32 a Argentona en â†” els dos sentits de marxa @transitc32nord
2018-08-04 17:03:36,âœ… CirculaciÃ³ normalitzada en aquest punt @transitn2 https://t.co/XLDwceDPuG
2018-08-04 16:23:57,â„¹ï¸ Ara l'AP-7 nomÃ©s estÃ  âš«ï¸ tallada a la frontera amb FranÃ§a â¡ï¸ sud @transitap7 https://t.co/7dSIZcAth5
2018-08-04 16:02:51,âš«ï¸ Es mantÃ© tallada l'N-II al Far d'EmpordÃ  en els dos sentits per #accident @transitn2
2018-08-04 16:00:44,âš«ï¸ L'AP-7 estÃ  tallada ara en els dos sentits a la Jonquera. El trÃ nsit en sentit FranÃ§a es desvia cap a l'N-IIâ€¦ https://t.co/Je1M5LDsvB
2018-08-04 15:53:04,ğŸ”´ 2 km #retencions a l'N-II a la Jonquera â¡ï¸ FranÃ§a per aquest #incendi @transitn2 https://t.co/tDgwz4I2wD
2018-08-04 15:50:00,âš«ï¸ Tallada l'AP-7 a la Jonquera (al km 0) â¡ï¸ BCN per aquest #incendi @transitap7 https://t.co/tDgwz4I2wD
2018-08-04 14:54:18,âœ… Reoberta la circulaciÃ³ en aquest punt de la C-14. Queda #trÃ nsit intens a la zona @transitc14 https://t.co/HPIQS3TJJc
2018-08-04 14:24:53,âš ï¸ Un carril tallat a l'A-7 a Mont-roig del Camp â¡ï¸ sud per l'incendi d'un vehicle @transita7
2018-08-04 14:22:22,âš«ï¸ La C-14 estÃ  tallada a Reus en els dos sentits per aquest incendi #precauciÃ³ @transitc14 https://t.co/VXWahF3PUS
2018-08-04 12:29:54,â„¹ï¸ Millora general de la circulaciÃ³ a la xarxa viÃ ria catalana. Consulteu les afectacions viÃ ries del moment al webâ€¦ https://t.co/G8ESIIqJdS
2018-08-04 11:48:05,"RT @MiquelBuch: Aquest matÃ­, amb la consellera @TeresaJorda, hem dit adÃ©u al voluntari de lâ€™AgrupaciÃ³ de Defensa Forestal d'Avinyonet del Pâ€¦"
2018-08-04 11:47:25,âœ… Millora de la circulaciÃ³ en el tram Sant Cugat - Papiol de l'AP-7 @transitap7 https://t.co/2jgaaOgvHS
2018-08-04 11:46:32,âœ… CirculaciÃ³ normalitzada en aquest tram de SarriÃ  de Ter @transitap7 https://t.co/4puEfVxo0A
2018-08-04 11:42:33,"ğŸ“„ El Servei CatalÃ  de TrÃ nsit informa que el passatger davanter dâ€™un tractor, menor d'edat, va morir ahir en un sinâ€¦ https://t.co/NWJcHvd1Np"
2018-08-04 11:15:47,"âš«ï¸ Tallada (fins a les 23 h) la TV-3421 a Mas de Barberans en els dos sentits, per la celebraciÃ³ de la fira 16Ã¨ RacÃ³ dels Artesans"
2018-08-04 11:10:07,"ğŸ”´ Es mantenen trams de lentitud i aturades fragmentades a l'AP-7 entre Sant Cugat del VallÃ¨s i Castellbisbal, i a Mâ€¦ https://t.co/pDLjmzJ47D"
2018-08-04 11:08:16,ğŸ”´ Es mantenen trams de lentitud i aturades fragmentades a l'AP-7 entre Mollet del VallÃ¨s i la Roca â¡ï¸ GIR @transitap7
2018-08-04 11:04:58,"â„¹ï¸ Ara nomÃ©s queda un carril tallat, perÃ² encara ğŸ”´ 4km #retencions â¡ï¸ FranÃ§a @transitap7 https://t.co/evJZXv8MGA"
2018-08-04 10:17:36,âš ï¸ Un carril obert a l'AP-7 a SarriÃ  de Ter â¡ï¸ FranÃ§a per #accident @transitap7 #retencions 2 km
2018-08-04 10:03:55,ğŸ”´ Retencions a l'AP-7 a Martorell â¡ï¸ TGN @transitap7 #mobilitat #capdesetmana
2018-08-04 10:02:15,"â„¹ï¸ El carril ja Ã©s obert, perÃ² queden ğŸ”´ #retencions intermitents ara entre Sant Cugat i el Papiol â¡ï¸ TGN @transitap7 https://t.co/KpwyCz5tAq"
2018-08-04 09:57:24,"â„¹ï¸ Tots els carrils oberts, perÃ² resten #retencions intermitents ğŸ”´ de Santa PerpÃ¨tua de Mogoda a Vilanova del VallÃ¨â€¦ https://t.co/8yXLAIUh2R"
2018-08-04 09:55:19,ğŸ”´ Cues a la C-32 als TÃºnels del Garraf â¡ï¸ TGN per regulaciÃ³ del trÃ nsit. Hi ha 4 km #retencions des de Castelldefelâ€¦ https://t.co/RbF9OuE0s8
2018-08-04 09:38:23,âœ… CirculaciÃ³ normalitzada en aquest tram de la B-23 @transitb23 https://t.co/xwHD69uUHv
2018-08-04 09:28:32,âš ï¸ Un carril tallat a l'AP-7 a Sant Cugat del VallÃ¨s per #accident â¡ï¸ TGN 4 km #cues des de Cerdanyola @transitap7
2018-08-04 09:26:01,ğŸ”´ 4 km #aturades a l'AP-7 a la Jonquera â¡ï¸ FranÃ§a @transitap7
2018-08-04 09:24:46,"â„¹ï¸ Les ğŸ”´ #cues augmenten a 10 km, entre Mollet i la Roca del VallÃ¨s â¡ï¸ GIR @transitap7 https://t.co/3FFmErJObd"
2018-08-04 09:23:06,"ğŸ”´ Trams de lentitud amb #retencions intermitents a l'AP-7 a Cerdanyola, a Sant Cugat i del Papiol a Martorell â¡ï¸ TGN @transitap7"
2018-08-04 08:53:48,ğŸ”´ Retencions a l'N-145 a les Valls de Valira â¡ï¸ Andorra @transitn145 #mobilitat #capdesetmana
2018-08-04 08:52:31,âš ï¸ 2 carrils tallats a l'AP-7 a la Roca del VallÃ¨s â¡ï¸ GIR per un #accident 6 km #retencions @transitap7 https://t.co/ZxQfSjCZu6
2018-08-04 08:19:35,"RT @govern: Amb el bon temps, augmenta la quantitat de motoristes que circulen per carreteres i ciutats 

ğŸš˜ Si vas en cotxe, respecta les mâ€¦"
2018-08-04 08:19:23,ğŸ”´ TrÃ nsit lent amb #aturades al llarg de 2 km a l'N-340 al Vendrell â¡ï¸ TGN @transitn340 #mobilitat #capdesetmana
2018-08-04 08:18:15,ğŸ”´ 6 km #retencions a la B-23 des de l'Av. Diagonal a Sant Feliu de Llobregat â¡ï¸ Martorell per #obres que tallen 2 carrils @transitb23
2018-08-03 19:01:36,"â„¹ A partir d'aquesta hora, segueix informat de l'estat del trÃ nsit consultant el web d'incidÃ¨ncies viÃ ries. Bona niâ€¦ https://t.co/7A9BYGqC06"
2018-08-03 18:59:03,ğŸ”´ La situaciÃ³ ha millorat en aquest tram perÃ² encara hi ha 1km de cua a l'A-2 a Igualada en sentit Barcelona.â€¦ https://t.co/5NayS3wQuo
2018-08-03 18:57:48,"ğŸ”´ Obert el carril tallat a la B-10 al Port en sentit Llobregat. Amb tot, 5,5km de retenciÃ³ des de Bac de Roda. Compâ€¦ https://t.co/gJFUQ20qwq"
2018-08-03 18:54:48,ğŸ”´ A l'AP-7 ara hi ha retencions entre Figueres i Llers i entre Agullana i la Jonquera en sentit FranÃ§a. @transitap7 https://t.co/l41kMFSBvd
2018-08-03 18:43:10,"âš  A la B-10 hi ha un carril tallat al Port en sentit Llobregat per un accident. 3,5km de congestiÃ³ des de Poble Nouâ€¦ https://t.co/6MKov8RS1q"
2018-08-03 18:41:10,"RT @bomberscat: #bomberscat hem treballat amb 5 dotacions en l'incendi d'un camiÃ³ a l'A2 (pk 702), al seu pas per Caldes de Malavella. Focâ€¦"
2018-08-03 18:39:22,ğŸ”´ A l'AP-7 ara ens consten 5km de congestiÃ³ entre Vilafant i Llers en sentit FranÃ§a. @transitap7 https://t.co/0BnfhO84vE
2018-08-03 18:22:04,"ğŸ”´ L'A-2 ja estÃ  del tot oberta a Igualada en tots dos sentits. Amb tot, hi ha 5km de congestiÃ³ en sentit Barcelona.â€¦ https://t.co/dRRhKhuXZ8"
2018-08-03 18:21:03,âš  Un carril tallat a l'A-2 a Caldes de Malavella â¡ BCN per l'incendi d'un vehicle #precauciÃ³ @transita2
2018-08-03 18:03:09,âš ğŸ”´ Finalitzen els desviaments pels camions a l'AP-7 a la sortida 3 en sentit nord. En aquesta via es mantenen els 1â€¦ https://t.co/lYzSnE1LZR
2018-08-03 17:37:58,@PaulaSolSal Hola! âš ğŸ”´ L'A-2 estÃ  tallada a Igualada en sentit Barcelona i nomÃ©s hi ha un carril obert en sentit Lleâ€¦ https://t.co/L57xO8w1cv
2018-08-03 17:35:32,@9boira10 Hola! ğŸ”´ A l'AP-7 ara hi ha 10km de congestiÃ³ des de passat GarrigÃ s fins a Llers en sentit FranÃ§a. A l'alâ€¦ https://t.co/vMO9YbDnad
2018-08-03 17:20:58,âš  Pas alternatiu a la C-14 a Alcover per #accident #precauciÃ³ @transitc14 https://t.co/kXPNsxxtRt
2018-08-03 16:53:42,"@chisto1975 Bona tarda, grÃ cies per l'avÃ­s! Et refereixes a la carretera N-240?"
2018-08-03 16:48:04,"@HolaMariola @equipviari @Catinformacio Bona tarda, efectivament, Ã©s el que comenta la @MariLuzGx2 A causa d'un camâ€¦ https://t.co/7JcwQcnivI"
2018-08-03 16:30:31,ğŸ”´ 3 km #retencions a l'N-340 al Vendrell â¡ TGN @transitn340 https://t.co/HcUpGxNorj
2018-08-03 16:17:07,"âš ğŸ”´ A l'AP-7 ara hi ha 8km de retenciÃ³ entre BorrassÃ  i Llers en sentit nord. A l'altura de la sortida 3, s'estÃ  desâ€¦ https://t.co/siS6Cl8wZA"
2018-08-03 16:10:00,ğŸ‘‰ â€˜Game Overâ€™: accidents que poden evitar altres accidents https://t.co/r0VnsKsaR2 #EducaciÃ³ViÃ ria https://t.co/mJ0gigAqWR
2018-08-03 15:58:19,"@comadelorri Bona tarda, Ã©s correcte; hi ha 6 km de cues fins arribar a la sortida 3 en sentit FranÃ§a, punt on s'esâ€¦ https://t.co/REOjD2vH7y"
2018-08-03 15:56:27,"@Xexu85 Bona tarda, a causa d'un camiÃ³ incendiat en territori francÃ¨s, hi ha retencions a l'AP-7, especialment a l'â€¦ https://t.co/EjQjfMiZ0g"
2018-08-03 15:47:36,"â„¹ Es mantenen ğŸ”´ retencions per aquesta incidÃ¨ncia a l'A-2 en els dos sentits; especialment â¡ BCN, amb mÃ©s de 3 kmâ€¦ https://t.co/9zMCMXMCqE"
2018-08-03 15:32:56,"RT @VINCIAutoroutes: #A9 Accident entre Le Boulou et Perpignan Sud : point de situation Ã  17h15.
@Radio1077 @A9Trafic https://t.co/gVeZ1hQBâ€¦"
2018-08-03 15:25:31,"RT @icscat: ComenÃ§a el cap de setmana i per molts tambÃ© les #vacances! 
En els teus desplaÃ§aments segueix aquests consells de seguretat i sâ€¦"
2018-08-03 15:11:27,âš â›” Ara estÃ  tallada l'A-2 a Igualada en sentit Barcelona per aquest accident perÃ² es fan desviaments. Pel que fa aâ€¦ https://t.co/ogzypoxqj2
2018-08-03 14:56:03,"@andreumuns @transitap7 @transitn2 Bona tarda, l'alternativa a l'AP-7 seria l'N-II, perÃ² heu de tenir en compte queâ€¦ https://t.co/bTGs6MLqzl"
2018-08-03 14:49:49,âœ… SituaciÃ³ normalitzada a la C-58. El bus-VAO ha tornat al seu funcionament habitual d'entrada a Barcelona (2 o mÃ©sâ€¦ https://t.co/C3MhfrHO44
2018-08-03 14:36:30,"âš  ğŸ”´ AtenciÃ³: congestiÃ³ a l'A-9, en territori francÃ¨s, per l'incendi d'un camiÃ³. AixÃ² provoca 2km de cues a l'AP-7 iâ€¦ https://t.co/R2mdOp8rfi"
2018-08-03 14:21:39,"ğŸ”´ Ja no hi ha cap carril tallat a la B-20 a la zona de Meridiana/Nus de la Trinitat en sentit BesÃ²s. Amb tot, hi haâ€¦ https://t.co/kabUPyRr4d"
2018-08-03 14:13:57,"ğŸ”´ Ja s'ha retirat el vehicle avariat a  la C-58 a Montcada i Reixac en sentit Barcelona. Amb tot, encara hi ha 2,5kâ€¦ https://t.co/C70TZBpFgB"
2018-08-03 14:00:10,âœ… SituaciÃ³ normalitzada en aquest tram de l'A-2 del Bruc en sentit Barcelona. @transita2 https://t.co/L96GMB9gUj
2018-08-03 13:45:33,"@pepsoleV @transita2 Bona tarda, grÃ cies pel missatge! Es mantÃ© un sol carril obert en aquest punt i 1-2 km retencions en sentit BCN"
2018-08-03 13:43:45,"â„¹ Per descongestionar el trÃ nsit a la C-58, s'ha obert el bus-VAO per a tots els vehicles -excepte camions- d'entraâ€¦ https://t.co/U1VokvWRaW"
2018-08-03 13:42:06,âš  Es mantÃ© un carril tallat a l'A-2 al Bruc â¡ BCN per #accident @transita2 https://t.co/BvC4b4mcdh
2018-08-03 13:28:58,El desviament de camions ara es fa per la sortida 3 nomÃ©s de l'AP-7 en sentit nord. @transitap7 https://t.co/6AVkCqFXIy
2018-08-03 13:16:04,âš  L'A-9 continua tallada en territori francÃ¨s per l'incendi d'un camiÃ³. AixÃ² provoca congestiÃ³ tant a l'AP-7 com aâ€¦ https://t.co/UUpXGhnv4K
2018-08-03 12:54:42,"âš  A causa d'un accident a l'A-2 a Igualada, nomÃ©s hi ha un carril obert en sentit Lleida i retencions de mÃ©s d'un qâ€¦ https://t.co/F4ylOLPDe5"
2018-08-03 12:50:02,"La incidÃ¨ncia de la Ronda de Dalt a Meridiana afecta la C-58, amb retencions de 5km des de Ripollet, i a la Pota Noâ€¦ https://t.co/JFXUIJnA3k"
2018-08-03 12:47:08,"@Malalt9 @mossos A causa d'una incidÃ¨ncia a l'autopista en territori francÃ¨s, hi ha tallat el tram des del peatge dâ€¦ https://t.co/cAAF3iwBeU"
2018-08-03 12:43:18,"Molta atenciÃ³, ara hi ha retencions de 10km des de Pedralbes fins a Meridiana. https://t.co/MaYAJoATnj"
2018-08-03 11:51:38,"âš  L'incendi d'un vehicle a la Ronda de Dalt @transitb20 a l'altura de Meridiana, provoca retencions de mÃ©s de 5km dâ€¦ https://t.co/DV8NSzINKT"
2018-08-03 11:16:45,RT @govern: La Generalitat publica la resoluciÃ³ de restriccions de vehicles pesants a l'N-340 i l'N-240 i insta Foment a aprovar les bonifiâ€¦
2018-08-03 11:12:34,ğŸ”´ Un camiÃ³ #avariat en territori francÃ¨s provoca el tall d'un carril a l'AP-7 en aquest punt en direcciÃ³ FranÃ§a i tâ€¦ https://t.co/Om9xcB7SsO
2018-08-03 10:37:31,ğŸš›ğŸš™ğŸšš Ara hi ha 3km de retencions a l'AP-7 a la Jonquera en direcciÃ³ FranÃ§a.
2018-08-03 09:59:01,"Davant l'alerta #PROCICAT per #onadacalor @emergenciescat recorda en la conducciÃ³:
ğŸ’¦Hidrata't, porta aigua o begudeâ€¦ https://t.co/yOlkcoEcaO"
2018-08-03 09:46:31,âœ… Ja s'ha obert el carril de l'A-2 tallat a Sant Joan DespÃ­ en senti Lleida per #accident. CirculaciÃ³ normalitzadaâ€¦ https://t.co/FSr9PezOqd
2018-08-03 09:22:52,RT @territoricat: Reforcem el servei de bus dels dissabtes i del mes d'agost al Maresme https://t.co/2L5sitcFJ5
2018-08-03 09:08:22,(Nota de Premsa) La Generalitat publica la resoluciÃ³ de restriccions de vehicles pesants a l'N-340 i l'N-240 i instâ€¦ https://t.co/M5V9jpUPlg
2018-08-03 08:23:09,âš  Hi ha un carril tallat a l'A-2 a Sant Joan DespÃ­ â¡ Lleida a causa d'un #accident @transita2 https://t.co/cMFdyjccCg
2018-08-03 07:41:06,âš  Un accident a l'AP-7 a MontornÃ¨s del VallÃ¨s provoca 3km de retencions en sentit Sud. https://t.co/vcP4rnOctI
2018-08-03 07:32:27,El Servei CatalÃ  de TrÃ nsit informa que la conductora dâ€™un turisme va morir ahir en un sinistre viari a la BV-2135â€¦ https://t.co/CZFjOrKq1X
2018-08-03 07:07:10,"RT @BCN_Mobilitat: Del 4 d'agost al 7 de setembre, obres al lateral mar de la gran via de les Corts Catalanes en el tram entre el c. MÃ¨xicâ€¦"
2018-08-03 06:59:07,âœ… Ja s'ha obert la sortida 2 de l'AP-7 a la Jonquera que estava tallada per tasques de neteja de la via @transitap7 https://t.co/wghMAMlIyP
2018-08-03 06:51:54,"Des de l'SCT ens unim tambÃ© a les mostres de condol i volem acompanyar als seus familiars, amics i companys en aqueâ€¦ https://t.co/dr0oR52nLU"
2018-08-03 06:45:28,"RT @bomberscat: AssistÃ¨ncia #bomberscat per camiÃ³ amb fuita mercaderia perillosa. Petit vessament d'Ã cid clorhÃ­dric, neutralitzat. Tota laâ€¦"
2018-08-03 06:32:15,âš â›” Tallada la sortida 2 de l'AP-7 a la Jonquera en sentit sud per tasques de neteja de la via #Compte! @transitap7 https://t.co/AXeM1QjgX2
2018-08-03 06:26:44,âœ… CirculaciÃ³ normalitzada a la C-17 a Granollersâ¡Barcelona a on hi havia un carril tallat per #avaria @transitc17 https://t.co/9sXrbRWDxb
2018-08-03 06:16:29,ğŸš§ğŸš§ Les obres a la Ronda de Dalt @transitb20 a la Vall d'Hebron tallen un carril en sentit Llobregat i provoquen 3kmâ€¦ https://t.co/N8RW0cpo7w
2018-08-03 06:12:14,âš  Un vehicle #avariat talla un carril a Granollers â¡ Barcelona #PrecauciÃ³! @transitc17 https://t.co/miP0cgYKXm
2018-08-03 06:03:35,"Bon dia @varverde, GrÃ cies per la teva informaciÃ³ i per seguir-nos!"
2018-08-03 06:02:08,Bon dia! Aquest matÃ­ de divendres consten retencions destacades a l'AP-7 al Papiol i a la C-58 a BarberÃ  del VallÃ¨sâ€¦ https://t.co/vVJhjFo88g
2018-08-02 18:58:21,"â„¹ A partir d'aquesta hora, podeu seguir l'estat del #trÃ nsit a la xarxa viÃ ria al web d'incidÃ¨ncies ğŸ‘‰â€¦ https://t.co/U94W1oCGQd"
2018-08-02 18:48:12,âœ… Obert el #trÃ nsit de nou en aquest tram de l'A-7. Queda circulaciÃ³ intensa @transita7 https://t.co/ymnqHxphT0
2018-08-02 18:23:42,"âš« Tallada l'A-7 a Vila-seca en els dos sentits, a causa d'un #accident @transita7"
2018-08-02 18:06:29,ğŸ“„ El Servei CatalÃ  de TrÃ nsit informa que el conductor dâ€™un camiÃ³ ha mort en una sortida de via a lâ€™N-340 a lâ€™ArboÃ§â€¦ https://t.co/rgJ1hofrcm
2018-08-02 18:03:11,ğŸ”´ Oberta ja l'N-340 perÃ² hi ha congestiÃ³ a l'ArboÃ§ en tots dos sentits. Compte! @transitn340 https://t.co/wRqUMu6Lx9
2018-08-02 17:58:03,âœ… SituaciÃ³ normalitzada en aquest tram de l'AP-7 al Papiol en sentit sud. @transitap7 https://t.co/PHn5BVPWbE
2018-08-02 17:57:21,"ğŸ”´ Obert el carril tallat a l'AP-7. Amb tot, 4km de cua entre BarberÃ  i Sant Cugat del VallÃ¨s en sentit sud. Precaucâ€¦ https://t.co/EXmP7b0SM8"
2018-08-02 17:07:08,âš  Un carril tallat a l'AP-7 a Sant Cugat del VallÃ¨s â¡ TGN per #accident @transitap7 #retencions des de Cerdanyola
2018-08-02 16:52:17,"ğŸ”´ Obert el carril tallat a la B-10. Amb tot, ara hi ha 5km de retenciÃ³ de la Zona Franca a la Barceloneta en sentitâ€¦ https://t.co/QpWj6GnBh1"
2018-08-02 16:32:32,"ğŸ”´ Obert el carril tallat a l'AP-7. Amb tot, encara hi ha 3,5km de retenciÃ³ entre Sant Cugat i el Papiol en sentit sâ€¦ https://t.co/2edIdVkyzf"
2018-08-02 16:01:05,âš  A la Ronda Litoral o B-10 hi ha un carril tallat al Port en sentit BesÃ²s per un accident. Uns 2km de retenciÃ³ desâ€¦ https://t.co/BzldBV3aLl
2018-08-02 15:57:29,âš  A l'AP-7 hi ha un carril tallat al Papiol en sentit Tarragona i Barcelona per un vehicle avariat. AixÃ² provoca unâ€¦ https://t.co/vJH6NNIQA9
2018-08-02 15:18:30,âš  En aquest tram de l'ArboÃ§ de l'N-340 ara es dÃ³na pas alternatiu. CongestiÃ³ en tots dos sentits. @transitn340 https://t.co/0sBp7dYgoF
2018-08-02 15:02:56,âš â›” L'N-340 estÃ  tallada a L'ArboÃ§ (Baix PenedÃ¨s) en tots dos sentits per un accident. Aturades. PrecauciÃ³!â€¦ https://t.co/fnchsYVTSU
2018-08-02 13:55:43,âœ… SituaciÃ³ normalitzada en aquest tram de l'N-II. @transitn2 https://t.co/DGxpPIp2DR
2018-08-02 13:29:40,âš  A l'N-II es dÃ³na pas alternatiu a Girona per un accident. Retencions en tots dos sentits. PrecauciÃ³! @transitn2
2018-08-02 12:05:21,âœ… SituaciÃ³ normalitzada en aquest tram de l'AP-7. @transitap7 https://t.co/nVHKZFkR0d
2018-08-02 11:46:17,âš  Un accident a l'AP-7 a la zona d'Hostalric talla un carril en sentit Barcelona i provoca un parell de quilÃ²metresâ€¦ https://t.co/zGWHknKJ3F
2018-08-02 11:07:31,"RT @mossos: Detenim un camioner que havia perdut la cÃ rrega del camiÃ³, per circular amb una taxa d'alcoholÃ¨mia 4 vegades superior a la permâ€¦"
2018-08-02 11:07:13,"RT @salutcat: Quan les temperatures sÃ³n anormalment altes â˜€ï¸ğŸŒ¡ï¸, la #calor excessiva pot ser un perill per a la #salut. Saps quÃ¨ cal fer davâ€¦"
2018-08-02 09:52:20,"RT @emergenciescat: Alerta del Pla de #ProteccioCivil de Catalunya per #onadadecalor ğŸŒgeneralitzada

https://t.co/8tB6LnXXpO https://t.co/gâ€¦"
2018-08-02 09:50:42,RT @emergenciescat: #ProteccioCivil activa el Pla #PROCICAT per #OnadaCalor generalitzada a Catalunya excepte al terÃ§ nord-oest #apc
2018-08-02 09:46:18,"ğŸš´â€â™€ï¸ğŸšµâ€â™‚ï¸ Ciclistaâ— Equipa't bÃ© quan surtis a la carretera ğŸ‘Œ#siguesvisibleiprevisible #EntreTotsFemSeguretat
https://t.co/hvTKSvTvEg"
2018-08-02 09:04:48,âœ… SituaciÃ³ normalitzada en aquest punt de l'A-2. https://t.co/fPih58VQGS
2018-08-02 08:35:24,âš  A l'A-2 al Bruc hi ha un carril tallat per l'#avaria d'un camiÃ³â¡Lleida #PrecauciÃ³! @transita2 https://t.co/u3TsyPU4dA
2018-08-02 08:17:07,ğŸŒğŸŒğŸŒğŸš™ğŸš— Davant l'avÃ­s de #calor recorda que en la conducciÃ³ les altes temperatures poden provocar fatiga i somnolÃ¨nciâ€¦ https://t.co/YnmfJwOxBH
2018-08-02 06:59:54,"â— Conductor, a la carretera una petita distracciÃ³ pot generar un gran #accident 
ğŸ‘‰ Evita #distraccions
ğŸ‘‰ Viatja segâ€¦ https://t.co/ExOtXzf4W1"
2018-08-02 06:07:39,âš ğŸš§ A la Ronda de Dalt (B-20) hi ha un carril tallat per un tram en #obres a l'altura de Vall d'Hebron que provoca râ€¦ https://t.co/5hH8WYVmDq
2018-08-02 06:05:19,â„¹ğŸš™ğŸš—ğŸšš Bon dia! Retencions habituals aquest matÃ­ a les principals carreteres de l'Ã rea metropolitana d'accÃ©s a #BCN iâ€¦ https://t.co/c2w1tDm25I
2018-08-01 19:00:00,âœ… TrÃ nsit fluid a les principals carreteres i autopistes catalanes. Seguiu des d'ara la informaciÃ³ en aquest enllaÃ§â€¦ https://t.co/esMyQKys7A
2018-08-01 18:11:06,âœ… SituaciÃ³ normalitzada en aquest tram de la B-20 en sentit Llobregat. @transitb20 https://t.co/Komqg4lYnD
2018-08-01 18:06:23,ğŸ“¢ğŸš² #Sabiesque quan els ciclistes van en grup cal considerar-los una unitat en rotondes i interseccions? AquÃ­ tens aâ€¦ https://t.co/wTGhabkwMt
2018-08-01 17:50:45,"âœ… Ha millorat molt el trÃ nsit a la Ronda de Dalt @transitb20 en sentit BesÃ²s, nomÃ©s queden algunes zones lentes. https://t.co/GmByq9amDo"
2018-08-01 17:50:08,"RT @emergenciescat: NO deixis MAI un infant tancat dins del vehicle, ni per uns minuts. Les conseqÃ¼Ã¨ncies poden ser fatals. #ProteccioCivilâ€¦"
2018-08-01 16:55:16,ğŸ”´ A la B-20 tambÃ© hi ha 9km de lentitud i aturades entre SarriÃ  i la Via JÃºlia en sentit BesÃ²s. @transitb20
2018-08-01 16:20:33,RT @barcelona_GUB: Els manifestants del sector del taxi ocupen 1 carril del Pg. de GrÃ cia en sentit muntanya entre el carrer de la Diputaciâ€¦
2018-08-01 16:20:18,RT @barcelona_GUB: Pg. de GrÃ cia sentit muntanya tallat entre Casp i Gran Via de les Corts Catalanes. Pg. GrÃ cia en sentit mar desviamentsâ€¦
2018-08-01 16:20:12,"RT @barcelona_GUB: ActualitzaciÃ³ de les afectacions al trÃ nsit per la manifestaciÃ³ del sector del taxi. 

Gran Via de les Corts Catalanes câ€¦"
2018-08-01 15:46:05,ğŸ“ğŸš² ğŸš— QuÃ¨ heu de tenir en compte els ciclistes i la resta de conductors per garantir una mobilitat segura i una bonaâ€¦ https://t.co/vsX9lATcAJ
2018-08-01 15:31:27,â„¹âš  A la B-20 hi ha un carril tallat a la zona de Valldaura en sentit Llobregat per obres. 1km de retenciÃ³. Precauciâ€¦ https://t.co/RtEOjrktEb
2018-08-01 14:09:46,âœ… SituaciÃ³ normalitzada en aquest tram de la C-17. https://t.co/YdJbBPQ5oA
2018-08-01 12:48:39,âœ… SituaciÃ³ normalitzada en aquest tram de la C-66. @transitc66 https://t.co/XgLLiC68Yk
2018-08-01 12:26:06,âš  A la C-17 es dÃ³na pas alternatiu a Tona (Osona) per un vehicle que ha perdut la cÃ rrega que transportava. Retenciâ€¦ https://t.co/xHzjcnQFAX
2018-08-01 12:19:04,âœ… CirculaciÃ³ normalitzada en aquest punt @transitc65 https://t.co/cwVoRMrSDH
2018-08-01 12:02:24,âš  Es dÃ³na pas alternatiu a la C-66 a Forallac per un #accident #precauciÃ³ https://t.co/DIUTbYpj0O
2018-08-01 11:27:27,ğŸš´â€â™€ï¸ Ciclista: sigues visible i previsible! Segueix aquests consells per circular amb seguretat ğŸ‘‰â€¦ https://t.co/bOVABc2G0l
2018-08-01 10:47:15,"RT @icssantacoloma: Vacances i desplaÃ§aments. Aquest estiu, cuideu la vostra salut i seguretat. Consells per a una conducciÃ³ saludable httpâ€¦"
2018-08-01 10:12:10,RT @FAC_ae_cat: https://t.co/ff4Yhaz9kC Tecnologia al servei del ciutadÃ  als nous panells de missatgeria variable @FAB_AE_BCN @aaetgna @assâ€¦
2018-08-01 10:09:46,âœ… CirculaciÃ³ finalment normalitzada en aquest punt @transitap7 https://t.co/v6iNwNZOuj
2018-08-01 09:32:27,âœ…ğŸš™ğŸš—ğŸšš Obert el carril tallat per un #accident a l'AP-7 a Cerdanyola del VallÃ¨s en direcciÃ³ Tarragona. Hi ha aturadesâ€¦ https://t.co/ZD5vAjydzI
2018-08-01 09:23:14,RT @mossos: Circula sota els efectes de lâ€™alcohol i drogues a 200 km/h i envesteix el control policial que el volia aturar. Dos agents feriâ€¦
2018-08-01 09:17:24,âš  Hi ha un carril tallat per #accident a l'AP-7 a Cerdanyola del VallÃ¨s â¡ Tarragona Compte! @transitap7 https://t.co/2pF5d5m2el
2018-08-01 07:39:43,âš  A la C-65 a Girona es dÃ³na pas alternatiu â†” a causa d'un vehicle #avariat #PrecauciÃ³! @transitc65 https://t.co/EWh4cPkZIt
2018-08-01 07:10:07,RT @hospitaldelmar: ComenÃ§a el mes d'#agost i potser marxeu de #vacances i heu de conduir. Feu-ho amb precauciÃ³. Volem que torneu i ens expâ€¦
2018-08-01 06:49:18,Ja s'ha obert el carril de l'AP-7 tallat per #accident a BarberÃ  del VallÃ¨s â¡ GIR. Encara hi ha congestiÃ³ en un traâ€¦ https://t.co/EClxIvYnEF
2018-08-01 06:38:38,âš  Un carril tallat a l'AP-7 a BarberÃ  del VallÃ¨s â¡ GIR per #accident @transitap7 #retencions des de Cerdanyola del VallÃ¨s
2018-08-01 06:03:40,â„¹âš  A la B-20 es mantÃ© tallat un carril â¡ Nus del Llobregat. Hi ha retencions en un tram d'uns 2km entre Vall d'Hebrâ€¦ https://t.co/nG8uAHLC4g
2018-08-01 05:58:32,"RT @BCN_Mobilitat: Per mobilitzacions del sector del taxi continuen els talls de trÃ nsit a gran via de les Corts Catalanes, des d'EntenÃ§a fâ€¦"
2018-08-01 05:58:23,"â„¹ Bon dia! CirculaciÃ³ amb retencions als punts habituals de les principals vies de l'Ã rea metropolitana, sobretot dâ€¦ https://t.co/27bgWfC7aI"
2018-07-31 18:58:55,"â„¹ A partir d'aquesta hora, segueix informat de l'estat del trÃ nsit consultant el web d'incidÃ¨ncies viÃ ries. Bona niâ€¦ https://t.co/pNRqiVkMkd"
2018-07-31 16:48:26,"â„¹ Ja es troben tots els carrils oberts en aquest punt de l'AP-7, tot i que resten #aturades a la zona i a la B-30â€¦ https://t.co/W1mcoglywr"
2018-07-31 16:41:13,â— Una colÂ·lisiÃ³ a 50 km/h equival a una caiguda des de 10 metres dâ€™altura. Lâ€™increment de la #velocitat augmenta laâ€¦ https://t.co/wS8UAKcY1V
2018-07-31 16:27:29,ğŸ”´ Afectada tambÃ© la B-30 amb 6 km #retencions fins a BarberÃ  â¡ GIR @transitb30 https://t.co/bJcNOdNEke
2018-07-31 16:21:48,ğŸ”´ Retencions a l'AP-7 de Cerdanyola a BarberÃ  del VallÃ¨s â¡ GIR per un #accident 1 carril tallat #precauciÃ³â€¦ https://t.co/p6gd002Y8t
2018-07-31 15:41:42,â„¹ Per on han de circular els #ciclistes? Com han de procedir la resta de vehicles quan es troben amb un ğŸš´â€â™€ï¸ ciclisâ€¦ https://t.co/xaXXxsKgfH
2018-07-31 12:40:40,âœ… SituaciÃ³ normalitzada en aquest punt de l'AP-7. https://t.co/xV1wCVXYjZ
2018-07-31 11:37:48,â„¹âš  Ara hi ha un carril obert a l'AP-7 a Aiguaviva per aquest #accident @transitap7 https://t.co/xV1wCVXYjZ
2018-07-31 11:18:51,"âš â›” L'AP-7 estÃ  tallada a Aiguaviva #GironÃ¨s â¡ sud cap a Tarragona, a causa d'un #accident #PrecauciÃ³! @transitap7 https://t.co/d4tiLC1tB6"
2018-07-31 10:58:16,âœ… Ja s'ha obert el carril de l'AP-7 a la Jonqueraâ¡FranÃ§a tallat per aquest #incendi de vegetaciÃ³. CirculaciÃ³ amb reâ€¦ https://t.co/4ubZGvjNJb
2018-07-31 10:54:02,"RT @bomberscat: L'incendi a la mitjana de l'AP-7, a la Jonquera, ja estÃ  EXTINGIT i #bomerscat ens retirem. Segons les primeres estimacionsâ€¦"
2018-07-31 10:48:33,"ğŸ”¥âš  A causa d'un petit incendi de vegetaciÃ³, a l'AP-7 a la Jonquera hi ha un carril tallat en sentit Nord. Molta pruâ€¦ https://t.co/PpVOblV11G"
2018-07-31 09:33:38,"RT @emergenciescat: âš ğŸ”†AvÃ­s per #calor: des d'avui i fins diumenge s'esperen temperatures mÃ ximes extremes a les comarques de Ponent, Gironaâ€¦"
2018-07-31 08:37:58,RT @meteocat: L'SMC informa que el 31/07/2018 08:32 s'ha publicat un AvÃ­s per Intensitat de pluja https://t.co/YAKP17l79z #meteocat
2018-07-31 08:37:41,"ğŸ›¤ Si ja has sortit de vacances, recorda durant el trajecte:
âœ… Cordar-te el cinturÃ³
âœ… Cordar-te el casc
ğŸ“µ No utilitzâ€¦ https://t.co/uiTiBo5Sj3"
2018-07-31 07:26:22,"â„¹ En aquests moments se circula amb fluÃ¯desa, resten retencions a les rondes #BCN en sentit Llobregat i a la C-58 aâ€¦ https://t.co/zBptn9LoKA"
2018-07-31 06:33:05,"â— Conductor, aquest estiu tampoc abaixis la guÃ rdia i recorda:
ğŸ‘‰ Les mans, al volant
ğŸ‘‰ El mÃ²bil, desconnectat
ğŸ‘‰ Lâ€™aâ€¦ https://t.co/FPuE1Vgf76"
2018-07-31 06:08:52,âš ğŸš§ A la B-20 hi ha un carril tallat entre Vall d'Hebron i Via JÃºlia per un tram en #obres â¡ Nus del Llobregatâ€¦ https://t.co/TYN31ui9iK
2018-07-31 06:04:50,"â„¹ğŸššğŸš™ğŸš— Bon dia! Retencions habituals a les vies principals de l'Ã rea metropolitana sobretot d'accÃ©s a #BCN: A-2, AP-7â€¦ https://t.co/Wfei7BrKeS"
2018-07-30 18:59:44,"â„¹ A partir d'aquesta hora, segueix informat de l'estat del trÃ nsit consultant el web d'incidÃ¨ncies viÃ ries. Bona niâ€¦ https://t.co/wcbmMMvaNO"
2018-07-30 18:57:40,ğŸ”´ A la Ronda Litoral o B-10 hi ha 3km de retenciÃ³ entre la Zona Franca i el Port en sentit BesÃ²s. @transitb10
2018-07-30 18:46:59,âš â›” La C-16 estÃ  tallada a Viladecavalls (VallÃ¨s Occidental) en sentit Barcelona per un camiÃ³ avariat. PrecauciÃ³! @transitc16
2018-07-30 17:32:01,"RT @meteocat: Descarreguen nous ruixats a cavall de les comarques del BerguedÃ  i del SolsonÃ¨s. En les immediates hores en podran aparÃ¨ixer,â€¦"
2018-07-30 16:45:13,ğŸ”´ Alguns problemes de trÃ nsit sobretot a l'Ã rea metropolitana de Barcelona. Recorda que pots informar-te de l'estatâ€¦ https://t.co/cUzdLaryPp
2018-07-30 16:21:34,"El director de @transit @JuliGendrau s'ha reunit avui a Madrid amb el director de la @DGTes, Pere Navarro, i la dirâ€¦ https://t.co/DoI6GyUxZN"
2018-07-30 16:11:34,âœ… SituaciÃ³ normalitzada en aquest tram de la C-58. @transitc58 https://t.co/fErJhiCvaJ
2018-07-30 14:48:30,"ğŸ”´ Obert el carril tallat a la C-58 a Ripollet en sentit nord. Amb tot, es mantÃ© la retenciÃ³. PrecauciÃ³! https://t.co/OfF5EXDpRY"
2018-07-30 14:23:24,âš  ğŸ”´ Ara hi ha 5km de congestiÃ³ a la C-58 des de la sortida de Barcelona fins a Ripollet en sentit nord. Encara hi hâ€¦ https://t.co/sbYc664LaI
2018-07-30 14:02:08,âœ… Oberta la C-25 a ArbÃºcies en sentit Vic. @transitc25 https://t.co/QEGoZuih4e
2018-07-30 13:55:58,âš  A la C-58 hi ha un carril tallat a Ripollet en sentit Manresa per una pÃ¨rdua de cÃ rrega. 2km de congestiÃ³ en sentâ€¦ https://t.co/ni7xxsWW0x
2018-07-30 13:42:28,@Festuketa Aquesta via estÃ  tallada a ArbÃºcies en sentit Vic per un vehicle avariat. @transitc25
2018-07-30 13:40:57,âš â›” La C-25 estÃ  tallada a ArbÃºcies (Selva) en sentit Vic per un vehicle avariat. PrecauciÃ³! @transitc25 https://t.co/dx8JXQ4zlP
2018-07-30 12:47:48,ğŸš—ğŸš™ğŸš A la C-58 @transitc58 queden un parell de quilÃ²metres de retencions a Sant Quirze en sentit Nord. https://t.co/tRnYQmGJnI
2018-07-30 12:08:42,@AnnaFilomeno Hola. De moment no ens consten afectacions especials per anar a l'aeroport. PerÃ² recomanem estar infoâ€¦ https://t.co/sHyjGB927z
2018-07-30 11:46:35,â„¹âš  Obert el carril de la C-58 a Sant Quirze del VallÃ¨s pel vehicle incendiat en direcciÃ³ Manresa. CirculaciÃ³ amb coâ€¦ https://t.co/kO0LFBnieS
2018-07-30 11:08:36,âš  L'#incendi d'un vehicle talla un carril de la C-58 a Sant Quirze del VallÃ¨s #VallÃ¨sOccidental en direcciÃ³ Manresaâ€¦ https://t.co/KZSeoXY2F2
2018-07-30 11:01:19,RT @interiorcat: En Ã¨poca d'estiu tingues en compte les diferents recomanacions que tâ€™ofereixen els serveis de seguretat i emergÃ¨ncies de #â€¦
2018-07-30 11:01:15,"â„¹ El carril #BusVAO, obert a Montcada i Reixac en direcciÃ³ Barcelona, torna al seu Ãºs habitual, obert nomÃ©s per a vâ€¦ https://t.co/F6sXxBfBXk"
2018-07-30 10:26:04,â„¹ğŸš—ğŸš™ğŸšš Oberts tots els carrils de la B-10 a Santa Coloma de Gramenetâ¡Llobregat a on s'havia produÃ¯t un #accident. Encâ€¦ https://t.co/G6JWnLb105
2018-07-30 10:10:24,"RT @mossos: Alguns marxen de vacances, altres ja tornen. Fes-ho sempre amb seguretat, volem vacances amb final feliÃ§ #volemquetornis https:â€¦"
2018-07-30 09:30:11,"RT @barcelona_GUB: Per manifestaciÃ³ del sector del taxi, tallat al trÃ nsit el Pg de GrÃ cia sentit muntanya entre Rda. Sant Pere i Diagonal.â€¦"
2018-07-30 09:16:50,"ğŸ‘ Si tens pensat sortir de viatge sigui quan sigui, recorda aquests consells @transit:
ğŸ”§ Revisar el vehicle
ğŸºâ›” No câ€¦ https://t.co/mM2XyvalZt"
2018-07-30 08:50:12,"A causa de l'accident a la Ronda Litoral, s'ha obert el carril Bus-Vao de la C-58 per a tothom excepte camions de mâ€¦ https://t.co/oYnzVsTRS5"
2018-07-30 07:55:10,"RT @mossos: Per mÃ©s info sobre afectacions d'avui relacionades amb les mobilitzacions seguiu a: 
âœ…@barcelona_GUB 
âœ…@BCN_Mobilitat https://tâ€¦"
2018-07-30 07:44:52,"âš  Aquest accident a la Ronda Litoral afecta la C-58, amb retencions de 2km des de Montcada d'entrada a Barcelona. https://t.co/Wi2aSuuYqq"
2018-07-30 07:42:36,âš  A la B-10 hi ha un carril obert a Santa Coloma de Gramenet â¡ Nus del Llobregat a causa d'un #accident @transitb10 https://t.co/zBO8sgndD6
2018-07-30 07:16:49,(Nota de Premsa) L'SCT informa que ahir va morir una persona en un accident a la C-35 a Llinars del VallÃ¨sâ€¦ https://t.co/NW1jQy3TQy
2018-07-30 06:51:28,@cristianof76 Hola. De moment no ens consten afectacions especials per anar a l'aeroport. Ara hi ha les aturades haâ€¦ https://t.co/lgX72mBdbH
2018-07-30 06:38:47,@AnnaFilomeno Bon dia. De moment no ens consten afectacions especials per anar a l'aeroport. Ara hi ha les retencioâ€¦ https://t.co/sMgkcORNHy
2018-07-30 06:34:20,âš  A la B-20 (Ronda de Dalt) hi ha un carril tallat entre Vall d'Hebron i Avinguda Meridiana per un tram en #obres â¡â€¦ https://t.co/NFoWwh8nPP
2018-07-30 06:23:54,âš â›” Tallada la C-26 a Vilada #BerguedÃ  en ambdÃ³s sentits de la marxa per l'#accident d'un camiÃ³ que ha bolcatâ€¦ https://t.co/PYqGtxVPED
2018-07-30 06:14:33,Bon dilluns! Retencions habituals a aquesta hora per acumulaciÃ³ de trÃ nsit en algunes de les vies principals Ã rea mâ€¦ https://t.co/1C1F6twmqw
2018-07-29 18:59:35,A partir d'aquesta hora pots continuar informant-te sobre l'estat de la xarxa viÃ ria catalana consultant el web d'iâ€¦ https://t.co/7pdBPyYek2
2018-07-29 18:36:19,RT @barcelona_GUB: DemÃ  dilluns continuaran les afectacions a la mobilitat per la manifestaciÃ³ del sector del taxi. Recordeu que roman tallâ€¦
2018-07-29 18:24:43,"#Retencions #retorn #capdesetmana:
AP-7: 18 km entre St Celoni i Granollers
C-31: 5 km Sta. Cristina d'Aro
C-65: 4â€¦ https://t.co/lR2rY7bCFe"
2018-07-29 18:10:01,[NOTA ]BalanÃ§ de les incidÃ¨ncies viÃ ries mÃ©s destacades del cap de setmana del 27 al 29 de juliol: 4 persones en moâ€¦ https://t.co/Z1aveZoklQ
2018-07-29 17:34:41,Ara la retenciÃ³ a l'AP-7 arriba als 18 km entre Sant Celoni i Granollers en sentit sud #retorn #capdesetmana
2018-07-29 16:35:29,"#Retencions #retorn #capdesetmana:
AP-7: 7 km Roca del V.
C-31: 4 km Sta. Cristina d'Aro
C-65: 3 km Llagostera
N-34â€¦ https://t.co/AEXV3SqcmT"
2018-07-29 16:01:13,A l'AP-7 hi ha retencions en un tram de 5 km a La Roca del V. en sentit sud #retorn #capdesetmana
2018-07-29 15:59:11,@Adalaisa87 a la Ronda de Dalt hi ha 1 carril tallat per obres i a la Litoral 1 carril tallat per un accident. Potsâ€¦ https://t.co/43pZFtdvZk
2018-07-29 15:58:01,â›” EstÃ  tallada la C-35 a Llinars del VallÃ¨s en ambdÃ³s sentits per un #accident amb diversos vehicles implicats https://t.co/Pw8KWyVjHh
2018-07-29 15:52:43,"â„¹ Per facillitar l'#operaciÃ³ #retorn de #capdesetmana hem disposat mesures especial a diverses vies: AP-7, C-65, C-â€¦ https://t.co/qBoXdGpuAx"
2018-07-29 15:18:18,ğŸ¥ Aquest cap de setmana hem intensificat amb @mossos els controls de #velocitat: https://t.co/ayK2lBc13K Durant elâ€¦ https://t.co/JciTUZea5n
2018-07-29 15:12:51,ComenÃ§a a haver-hi circulaciÃ³ intensa a la C-65 a Sta. Cristina d'Aro en direcciÃ³ AP-7 #retorn #capdesetmana https://t.co/ZpEelW9eZn
2018-07-29 14:38:34,@esper642017 en aquests moments no ens consten afectacions als accessos a l'aeroport
2018-07-29 13:58:40,âš  Un vehicle avariat talla un carril al TÃºnel de Bracons (@transitc37) en sentit Vic
2018-07-29 13:55:53,A l'AP-7 hi ha 1 carril tallat a SarriÃ  de Ter en sentit sud per un #accident #precauciÃ³ https://t.co/qmohaTBT56
2018-07-29 13:06:29,ğŸš— MÃ xima prudÃ¨ncia en els desplaÃ§aments de #retorn. Si has d'agafar el cotxe consulta l'estat del #trÃ nsit aâ€¦ https://t.co/9m8oFWJbDm
2018-07-29 12:52:36,S'ha normalitzat la circulaciÃ³ en aquest punt de la xarxa viÃ ria https://t.co/IyVcWVl9jJ
2018-07-29 12:13:46,Es fa pas alternatiu a la C-66 a CelrÃ  (GironÃ¨s) a causa d'un #accident https://t.co/fRC2GN3nJ8
2018-07-29 12:11:46,A l'AP-7 a Suburats (Alt PenedÃ¨s) hi ha 1 carril tallat en sentit nord per un #accident #precauciÃ³ https://t.co/gFY7Qt1jMW
2018-07-29 12:08:11,@Biomonti hi ha un accident que talla un carril
2018-07-29 10:52:54,"RT @mossos: A lâ€™estiu i en plena onada de calor com lâ€™actual, no deixis menors ğŸ‘¶dins el vehicle tancats. MAI Ã©s un moment ğŸ•›. Dins el cotxeâ€¦"
2018-07-29 10:52:18,#Sabiesque els EMIV (equip mÃ²bil dâ€™informaciÃ³ viÃ ria) ens ajuden a completar la informaciÃ³ viÃ ria i a fer el seguimâ€¦ https://t.co/oRVy4g1tj8
2018-07-29 09:34:34,â€¼ï¸ ğŸ› Lâ€™excÃ©s de #velocitat Ã©s una conducta de risc i tÃ© conseqÃ¼Ã¨ncies trÃ giques a les carreteres. Aquest cap de setâ€¦ https://t.co/P4T701jzIU
2018-07-29 09:05:48,[NOTA] Aquesta matinada un motorista ha mort en una sortida de via a la BP-1413 a Cerdanyola del VallÃ¨s (VallÃ¨s Occâ€¦ https://t.co/Nma7TodhwC
2018-07-29 08:26:43,"RT @mossos: Durant el viatge: beure aigua sovint, utilitzar ulleres de sol, descansar cada dues hores... i evitar que et robin a lâ€™Ã rea deâ€¦"
2018-07-29 08:26:22,"RT @govern: Amb el bon temps, augmenta la quantitat de motoristes que circulen per carreteres i ciutats 

ğŸš˜ Si vas en cotxe, respecta les mâ€¦"
2018-07-29 08:26:11,A causa d'unes #obres hi ha retencions a la Pota nord @transitb20 a Santa Coloma en direcciÃ³ Trinitat. Es fan desviâ€¦ https://t.co/uKFEME111G
2018-07-28 16:56:54,A partir d'aquesta hora pots continuar informant-te sobre l'estat de la xarxa viÃ ria catalana consultant el web d'iâ€¦ https://t.co/aBu0eXy8Ph
2018-07-28 16:11:03,[NOTA] El conductor d'un turisme ha mort en una accident a la C-32 a Sant Pere de Ribes aquest matÃ­ (Garraf)â€¦ https://t.co/YxmdOkP3hk
2018-07-28 15:54:26,"RT @govern: El Govern reforÃ§a el servei de metro que connecta Barcelona i l'aeroport del Prat davant la vaga del sector del taxi
https://t.â€¦"
2018-07-28 15:52:45,"RT @BCN_Mobilitat: Afectacions per manifestacions del sector del taxi:

CalÃ§ada central de Gran Via: tallat el trÃ nsit d'EntenÃ§a a BailÃ¨n.â€¦"
2018-07-28 15:32:18,En aquests moments nomÃ©s hi ha retencions a l'AP-7 i a la N-II a la Jonquera en direcciÃ³ FranÃ§a https://t.co/KPMpcbhDVX
2018-07-28 14:47:22,@DinahCalvo en aquests moments no ens hi consta afectaciÃ³ viÃ ria
2018-07-28 14:33:03,"â—ï¸ğŸ› Quan corres, el risc d'accident i de patir conseqÃ¼Ã¨ncies greus augmenta. Aquest cap de setmana intensifiquem amâ€¦ https://t.co/fmd2ss1aUG"
2018-07-28 14:00:53,@h2_marta per afectacions viÃ ries a la ciutat de Barcelona t'has de posar en contacte a amb @barcelona_GUB @BCN_Mobilitat
2018-07-28 12:35:12,RT @interiorcat: El conseller @MiquelBuch  i la consellera @elsa_artadi s'han reunit aquest matÃ­ al CECOR per analitzar el conflicte amb elâ€¦
2018-07-28 12:32:17,"En aquests moments nomÃ©s queden retencions a l'AP-7 a La Jonquera (6,5 km) en direcciÃ³ FranÃ§a, a la N-145 per entraâ€¦ https://t.co/dNGYOF2TIE"
2018-07-28 12:11:15,"Millora la situaciÃ³ viÃ ria a l'AP-7: ja nomÃ©s queden #retencions a Gelida en sentitd sud (3,5 km) i a la Jonquera eâ€¦ https://t.co/K1UXF8fWOI"
2018-07-28 11:28:54,"@LauraCanovasM sÃ­, encara hi ha retencions, ara en un tram de 2,5 km"
2018-07-28 11:23:43,"âš  Davant les possibles afectacions viÃ ries derivades per les protestes dels taxistes, recomanem que si heu d'anar aâ€¦ https://t.co/FDGI9veiXD"
2018-07-28 11:16:59,RT @mossos: Hi ha un petit acte que et pot salvar literalment la vida. I potser Ã©s el mÃ©s habitual i quotidiÃ  quan et desplaces en vehicleâ€¦
2018-07-28 11:05:12,"RT @govern: Govern. Generalitat @govern
ğŸ“¢ El cap de setmana, alerta mÃ xima a la carretera â—

ğŸ Motorista, respecta les normes i no corris râ€¦"
2018-07-28 10:53:54,"Es mantenen els problemes per #operaciÃ³ #sortida #capdesetmana  a diverses vies com l'AP-7, la C-32 sud, la N-145,â€¦ https://t.co/9kE6Wd1iaS"
2018-07-28 10:16:47,@Lola_dc a St Pere de Ribes ara hi ha 4 km perÃ² tambÃ© hi ha 6 km a Sitges on es fa regulaciÃ³ del trÃ nsit als TÃºnels del Garraf
2018-07-28 10:00:57,"RT @mossos: Ãˆpoca de festes majors a molts indrets de Catalunya, gaudeix amb els amics, perÃ² si beus alcohol no condueixis. No posis en risâ€¦"
2018-07-28 09:44:13,S'ha obert 1 carril. Hi ha 3 km de congestiÃ³ https://t.co/JXFh2sK07B
2018-07-28 09:34:19,"TambÃ© hi ha #retencions per #operaciÃ³ #sortida a vies de la Costa Daurada i Costa Brava: N-340, C-65, C-35 i GI-600â€¦ https://t.co/BVsAO7PQR4"
2018-07-28 09:29:01,#RetenciÃ³ a l'AP-7 nord en sentit Girona entre Sta. PerpÃ¨tua i Vallgorguina #sortida #capdesetmana https://t.co/mN8aqHYIQs
2018-07-28 09:24:55,â„¹ Es fa regulaciÃ³ del trÃ nsit als TÃºnels del Garraf @transitc32sud en sentit sud
2018-07-28 09:23:25,@anabini7 @bomberscat @mossos hi ha hagut un accident. EstÃ  tallada al pk 26
2018-07-28 09:23:01,La C-32 estÃ  tallada a St. Pere de Ribes en sentit sud per un #accident https://t.co/W1s3h2qouj
2018-07-28 09:19:43,La #retenciÃ³ a l'AP-7 sud va ara de Gelida fins a Sant Cugat en direcciÃ³ TGN #sortida #capdesetmana https://t.co/FlNuqaRvZM
2018-07-28 08:58:53,@djofref en aquests moments no ens consta. Pots consultar les afectacions viÃ ries actualitzades al web https://t.co/7bzpWB9BQj
2018-07-28 08:58:16,A l'AP-7 nord es registren trams d'aturades en sentit Girona a Mollet del V. i entre La Roca i Llinars
2018-07-28 08:44:06,[NOTA* El conductor dâ€™un turisme va morir ahir a la nit en una sortida de via a lâ€™AP-7 a Vilablareix (GironÃ¨s)â€¦ https://t.co/4Znw4S7eNA
2018-07-28 08:41:43,S'ha obert el carril tallat perÃ² continua la retenciÃ³ https://t.co/hAyid124hA
2018-07-28 08:33:39,Hi ha 1 carril tallat per un vehicle avariat a l'AP-7 a Gelida en sentit sud. 6 km de #retenciÃ³ https://t.co/sopGU5C8Xe
2018-07-28 07:49:20,"RT @mossos: Detenim un conductor per provocar   un accident mÃºltiple al PerellÃ³, quan circulava amb el lateral del seu vehicle destrossat iâ€¦"
2018-07-28 07:00:00,"ğŸ“ğŸ“† Comences vacances? Si has de marxar en cotxe ğŸš—, tingues en compte aquests #consells de #seguretatviÃ riaâ€¦ https://t.co/p2Fb6MjtRA"
2018-07-27 19:05:00,A partir d'aquesta hora pots continuar informant-te sobre l'estat de la xarxa viÃ ria catalana consultant el web d'iâ€¦ https://t.co/sY9nC1FPiT
2018-07-27 18:51:58,A la C-65 hi ha 8 km d'aturades intermitents a Llagostera en direcciÃ³ PalamÃ³s. TambÃ© hi ha cues a la C-35 per enllaâ€¦ https://t.co/E2nLr3lgbB
2018-07-27 18:45:15,"ğŸš— MÃ xima prudÃ¨ncia en els desplaÃ§aments del cap de setmana! #EntreTotsFemSeguretat 
âŒNo corris
âŒNo et distreguis
âŒğŸ¹â€¦ https://t.co/PLnqwTWxqG"
2018-07-27 18:41:57,S'ha normalitzat la circulaciÃ³ a la C-58 on hi havia una marxa lenta. A la Ronda Litoral encara hi ha 3 km de retenâ€¦ https://t.co/WAwykgCqZW
2018-07-27 18:22:01,â„¹ Millora la situaciÃ³ viÃ ria a diverses vies de l'Ã€rea Metropolitana de Barcelona. Ara els principals problemes esâ€¦ https://t.co/tgiN1BxbUd
2018-07-27 18:18:25,âœ… Ja s'ha normalitzat la circulaciÃ³ a l'AP-7 @transitap7 https://t.co/k1DwcvDVVi
2018-07-27 18:09:53,âš  Hi ha una marxa lenta a la C-58 a Badia del V. en sentit nord. AixÃ² afecta de retruc a la B-10 on hi ha retencionâ€¦ https://t.co/DMdxWQ0kKo
2018-07-27 17:50:16,âš  A la C-32 hi ha un carril tallat a CornellÃ  de Llobregat en sentit Sitges per un accident. 2km de retenciÃ³. PrecauciÃ³! @transitc32sud
2018-07-27 17:45:10,@bcnperfecta ara mateix no ens consten afectacions
2018-07-27 17:44:27,Un camiÃ³ avariat talla 1 carril a la C-17 a LliÃ§Ã  d'Amunt en sentit Vic. Hi ha 3 km de #retencions https://t.co/fmqj1fJV9K
2018-07-27 17:24:45,@sisa_gc grÃ cies per l'avÃ­s
2018-07-27 17:18:46,En aquests moments la retenciÃ³ a l'AP-7 nord en sentit Girona Ã©s de 12 km entre Mollet del V. i la Roca https://t.co/QjBldZ5naG
2018-07-27 17:15:59,@PiluPgr en aquests moments el millor Ã©s anar per l'AP-7 fins a RubÃ­ i desprÃ©s agafar la C-16. En principi nomÃ©s trâ€¦ https://t.co/Iz6gmznGBy
2018-07-27 17:10:41,@PiluPgr per quina via tens previst anar?
2018-07-27 17:07:37,S'ha normalitzat la circulaciÃ³ en aquesta via https://t.co/itc5iTGcuF
2018-07-27 16:49:45,@lluisaaguilera hi ha 5 km de retencions a l'altura de Castellbisbal
2018-07-27 16:48:58,"â„¹ SitauciÃ³ complicada per #operaciÃ³ #sortida #capdesetmana, sobretot a l'AP-7 nord, C-31 i Rondes de Barcelona. Conâ€¦ https://t.co/8ClJiTP90m"
2018-07-27 16:29:02,@miinaminamina hi ha retencions des de Diagonal fins a Trinitat
2018-07-27 16:27:54,"@bernatmartineez no, no hi tÃ© res a veure"
2018-07-27 16:15:54,âš â›” La C-63 estÃ  tallada a Vidreres en tots dos sentits per una manifestaciÃ³. Retencions. Compte!
2018-07-27 16:14:46,"ğŸ”´ La C-31 estÃ  oberta a Viladecans en tots dos sentits. Amb tot, retencions en tots dos sentits. PrecauciÃ³!â€¦ https://t.co/blA0UL0U9K"
2018-07-27 16:08:56,@ANADELRIO4 a l'AP-7 hi ha retencions entre el Papiol i Mollet i mÃ©s endavant 7 km a la Roca
2018-07-27 15:39:42,âš â›” La C-31 torna a estar tallada a Viladecans en tots dos sentits per una manifestaciÃ³. Uns 2km d'aturades en totsâ€¦ https://t.co/GrzCKHLkOi
2018-07-27 15:13:59,ğŸ”´ A la B-10 ara hi ha 15km de retenciÃ³ entre Can Tunis i el Nus de la Trinitat en sentit BesÃ²s. Es mantenen tallatsâ€¦ https://t.co/MWcFCu4EjN
2018-07-27 15:12:55,"ğŸ”´ Ara es deixa passar pel voral de la via. Tot i aixÃ², hi ha 3km d'aturades. https://t.co/NpA4FNY9Ww"
2018-07-27 15:12:06,âœ… SituaciÃ³ normalitzada en aquest tram de la C-17. @transitc17 https://t.co/iAze9ER7vB
2018-07-27 15:07:15,â›” Tallada la Ronda Litoral a la Zona Franca en sentit BesÃ²s per un #accident
2018-07-27 15:05:50,ğŸ”´ Obert el carril tallat de l'A-2 a CastellolÃ­ en sentit Lleida. Amb tot mÃ©s de 7km de retenciÃ³. PrecauciÃ³!â€¦ https://t.co/1VM3NGfDsk
2018-07-27 15:04:32,"ğŸ”´ Oberta la sortida cap a l'aeroport de la C-31 a Viladecans en sentit nord. Amb tot, encara hi ha 2km de retenciÃ³â€¦ https://t.co/FuCV1G3x5j"
2018-07-27 14:51:50,Ja s'han obert els carrils tallats perÃ² ara hi ha 10 km de #retencions entre La Roca i Cardedeu https://t.co/m9WAAiXuVe
2018-07-27 14:49:20,"ğŸ”´ A la Ronda Litoral, a Trinitat, hi ha 2 carrils tallats de sortida de Barcelona per un #accident. Hi ha 7 km de retenciÃ³"
2018-07-27 14:47:55,"âš â›” A la C-31 ara hi ha tallada la sortida cap a l'aeroport a Viladecans en sentit nord. 1km de cua. En sentit sud,â€¦ https://t.co/tRxOOg75W2"
2018-07-27 14:40:57,S'ha reobert la C-31 a Viladecans https://t.co/SmV17PSLXP
2018-07-27 14:35:38,ğŸ”´ La C-31 es mantÃ© tallada a Viladecans en sentit Barcelona. Aturades en tots dos sentits per manifestaciÃ³.â€¦ https://t.co/JZ15g01M3h
2018-07-27 14:34:27,âš  A l'AP-7 hi ha dos carrils tallats a Cardedeu en sentit Girona per un accident. Uns 2km de retenciÃ³. PrecauciÃ³!â€¦ https://t.co/lsUP927nB2
2018-07-27 14:27:43,âš  A l'A-2 hi ha un carril tallat a TÃ rrega en sentit Lleida per un accident. 1km de retenciÃ³. Compte! @transita2 https://t.co/gV9M62M0qw
2018-07-27 14:24:55,ğŸ”´ A la B-20 hi ha 12km de retenciÃ³ entre Diagonal i el Nus de la Trinitat en sentit BesÃ²s i 5km mÃ©s entre el Nus deâ€¦ https://t.co/4cRdiiDDVf
2018-07-27 14:23:16,ğŸ”´ A la B-10 hi ha 13km de retenciÃ³ entre Sant AdriÃ  i la Zona Franca en sentit Llobregat. TambÃ© hi ha congestiÃ³ a lâ€¦ https://t.co/XOOK9tonLA
2018-07-27 14:18:16,"âš ğŸ”´ A l'AP-7 hi ha 19,5km de congestiÃ³ entre Sant Cugat i Mollet del VallÃ¨s en sentit Girona. Ja no hi ha cap carrilâ€¦ https://t.co/VNlhMI2Qi6"
2018-07-27 14:14:19,ğŸ”´ A l'A-2 tambÃ© hi ha uns 4km de cua entre CornellÃ  i Sant Feliu de Llobregat i 6km de retenciÃ³ a la zona de Pallejâ€¦ https://t.co/Uxf6mya7Ls
2018-07-27 14:12:05,âš  A l'A-2 hi ha un carril tallat a CastellolÃ­ en sentit Lleida per un accident. Hi ha uns 4km de congestiÃ³. Compte!â€¦ https://t.co/yY1EfHiuw8
2018-07-27 14:09:25,âš â›” La C-31 estÃ  tallada a Viladecans en tots dos sentits per una manifestaciÃ³. Aturades. PrecauciÃ³! @transitc31sud
2018-07-27 13:32:28,Hi ha 2 carrils tallats a la Ronda Litoral @transitb10 a la Zona Franca en sentit Trinitat a causa d'un #accident
2018-07-27 13:03:52,"RT @delgovbarcelona: Aquest #capdesetmana els @mossos faran controls intensius de velocitat, en una campanya coordinada per @transit https:â€¦"
2018-07-27 12:55:52,"ğŸ”´ Carrils oberts en aquest punt de l'A-2 a Castellbisbal en sentit Lleida. Malgrat tot, es registren 6 km d'aturadeâ€¦ https://t.co/85hs3GONBl"
2018-07-27 12:38:31,âš  A l'AP-7 sols hi ha un carril obert a l'altura de Mollet del VallÃ¨s en sentit Girona a causa d'un #accident. Es râ€¦ https://t.co/sRa9OjMbf0
2018-07-27 11:50:46,âš  A l'AP-7 hi ha 2 carrils tallats a Mollet del VallÃ¨s en sentit Martorell a causa d'un #avaria. Compte! @transitap7 https://t.co/WcZqNoUI9R
2018-07-27 11:46:48,âš  A l'A-2 hi ha 2 carrils tallats a l'altura de Castellbisbal en sentit Lleida a causa d'un #accident. Es registrenâ€¦ https://t.co/ngIY8l96s5
2018-07-27 11:42:45,"RT @govern: A les portes del cap de setmana, alerta mÃ xima a la carretera â—

A les interseccions i a les incorporacions en forma de T Ã©s onâ€¦"
2018-07-27 11:42:11,âš ğŸš– Ara la marxa lenta es dirigeix des de El Prat de Llobregat cap a Barcelona per la C-31 provocant aturades d'unsâ€¦ https://t.co/6XC7NHJZQU
2018-07-27 11:26:22,âš ğŸš– Marxa lenta a la C-31 a la zona de El Prat de Llobregat que provoca retencions en sentit Castelldefels.â€¦ https://t.co/enlKrHVwPw
2018-07-27 10:55:00,âš  A la C-17 hi ha un carril tallat a l'altura de Centelles en sentit Ripoll a causa d'una #avaria. Compte!â€¦ https://t.co/ZC4AAOObiD
2018-07-27 10:38:06,ğŸš™ Vehicles EMIV: mÃ©s ulls a les carreteres ğŸ‘‰ https://t.co/XF4sPvcJUz #mobilitat #InformaciÃ³ViÃ ria https://t.co/GORnHjWWHg
2018-07-27 10:08:20,âœ… SituaciÃ³ normalitzada en aquest tram de l'A-2 a Sant Feliu de Llobregat en sentit Barcelona. @transita2 https://t.co/FgByPSY8YY
2018-07-27 09:46:15,"ğŸ”´ Carrils oberts en aquest tram de l'A-2 a Sant Feliu de Llobregat en sentit Barcelona. Malgrat tot, encara hi ha 3â€¦ https://t.co/ilW2sW0Ihf"
2018-07-27 09:24:10,ğŸš— La velocitat agreuja les conseqÃ¼Ã¨ncies d'un accident. Aquest cap de setmana s'intensifiquen els controls de la veâ€¦ https://t.co/pNNrwox9h0
2018-07-27 08:41:20,â„¹ El director @juligendrau ha anunciat a @elmonarac1 que els @mossos efectuaran aquest cap de setmana controls focaâ€¦ https://t.co/YVbi0jnBcc
2018-07-27 08:22:11,âš  A l'A-2 hi ha 2 carrils tallats a l'altura de Sant Feliu de Llobregat en sentit Barcelona a causa d'un #accident.â€¦ https://t.co/6iikCBQeF4
2018-07-27 08:16:32,âœ… SituaciÃ³ normalitzada en aquest tram de la C-17 a Tona en sentit Ripoll. @transitc17 https://t.co/GnILnaom7W
2018-07-27 08:15:37,âš  A l'N-420 es dÃ³na pas alternatiu a l'altura de Pradell de la Teixeta a causa d'un #accident. Compte! @transitn420 https://t.co/iX157cEtva
2018-07-27 08:03:19,"ğŸ™ Avui estem als estudis d'@elmonarac1 per parlar de la #mobilitat a l'estiu, l'augment de la sinistralitat i les mâ€¦ https://t.co/sxsTpXOyjk"
2018-07-27 07:38:00,âš ğŸš§ Les #obres de la B-20 a la Vall d'Hebron ja provoquen retencions de 7km en sentit Llobregat. PrecauciÃ³!â€¦ https://t.co/NSSdA6nh2O
2018-07-27 07:32:12,RT @govern: ğŸ El #conseller @jordiPuignero se suma a la campanya de conscienciaciÃ³ viÃ ria de @transit #RutaCapAlCanvi amb el gest de salutaâ€¦
2018-07-27 07:13:57,âš  A la C-17 hi ha un carril tallat a l'altura de Tona en sentit Ripoll a causa d'un #accident. Es registren 2km d'aâ€¦ https://t.co/jQaEWQTEFQ
2018-07-27 06:01:25,â„¹ Primeres retencions habituals a la xarxa viÃ ria: https://t.co/uZFoqxRnXQ https://t.co/6eXGWvCd0U
2018-07-26 19:04:25,"â„¹ A partir d'aquesta hora, segueix informat de l'estat del trÃ nsit consultant el web d'incidÃ¨ncies viÃ ries. Bona niâ€¦ https://t.co/F2ivvK7W2s"
2018-07-26 18:57:43,âš  A la C-44 ara es dÃ³na pas alternatiu a VandellÃ²s i l'Hospitalet de l'Infant per l'incendi forestal. https://t.co/5JI1CNQDrs
2018-07-26 18:31:19,RT @govern: La #consellera d'@empresacat @angelschacon se suma a la campanya #RutaCapAlCanvi per millorar la seguretat viÃ ria dels motoristâ€¦
2018-07-26 18:18:17,âœ… L'N-230 ja estÃ  oberta al Pont de Suert en tots dos sentits. @transitn230 https://t.co/qAZFUyjMiL
2018-07-26 18:05:34,âœ… Obert el carril tallat per un vehicle avariat a la C-58 a Montcada en sentit nord. SituaciÃ³ normalitzada.â€¦ https://t.co/z3NFJrAhMV
2018-07-26 17:48:29,âš â›” L'N-230 estÃ  tallada al Pont de Suert (Alta RibagorÃ§a) en tots dos sentits per un accident. PrecauciÃ³!â€¦ https://t.co/EIdTT3Quaz
2018-07-26 17:37:34,"âš  A la C-58 hi ha un carril tallat a Montcada i Reixac, just sortint de Barcelona, en sentit nord, per un vehicle aâ€¦ https://t.co/7WxFyERQoc"
2018-07-26 16:56:12,âœ… SituaciÃ³ normalitzada a l'A-2 al Bruc en sentit Lleida. @transita2 https://t.co/Qfro3s9y5I
2018-07-26 16:41:52,"ğŸ”´ Obert el carril tallat a la C-58 a Sant Quirze del VallÃ¨s en sentit Barcelona. Amb tot, retencions en tots dos seâ€¦ https://t.co/5WA7oPkC58"
2018-07-26 16:33:47,âš  A l'AP-7 hi ha 5km de congestiÃ³ a Sant Cugat del VallÃ¨s en sentit Tarragona per un accident. Ja no hi ha cap carrâ€¦ https://t.co/6kspJVcPbn
2018-07-26 16:28:20,âœ… SituaciÃ³ normalitzada a l'AP-7 a Mollet en sentit nord. @transitap7 https://t.co/nMEXM52NHk
2018-07-26 15:44:41,"ğŸ”´ Obert el carril tallat a l'AP-7 a Mollet en sentit Girona. Amb tot, es mantÃ© la retenciÃ³ des de Santa PerpÃ¨tua deâ€¦ https://t.co/LkICTwqF7A"
2018-07-26 15:38:24,âš  Un carril tallat a la C-58 a Sant Quirze del VallÃ¨s â¡ BCN per #accident 3 km #retencions @transitc58 https://t.co/L8w9nzKLke
2018-07-26 15:18:59,@novament3 Bona tarda! La C-44 estÃ  tallada entre VandellÃ²s i Tivissa en tots dos sentits per un incendi forestal. PrecauciÃ³!
2018-07-26 15:14:51,âš  A l'A-2 hi ha un carril tallat al Bruc en sentit Lleida per un vehicle avariat. Intensitat. Compte! @transita2 https://t.co/DhiAnZcfaH
2018-07-26 15:12:29,âš  A l'AP-7 hi ha un carril tallat a Mollet del VallÃ¨s en sentit Girona per un vehicle avariat. 4km de congestiÃ³ desâ€¦ https://t.co/KW2LLA1gD7
2018-07-26 14:40:47,âœ… SituaciÃ³ normalitzada a la C-32 al Vendrell en sentit Barcelona tambÃ©. @transitc32sud https://t.co/Sv4rZVNSLi
2018-07-26 14:39:50,âœ… SituaciÃ³ normalitzada a la B-30 en sentit Martorell. @transitb30 https://t.co/5KMiyKjKaA
2018-07-26 14:38:05,âœ… SituaciÃ³ normalitzada en aquest tram de la C-58. Carril ja obert. @transitc58 https://t.co/kYTb07Mol0
2018-07-26 14:32:06,"ğŸ”´ A la C-32 es mantÃ© 1km de retenciÃ³ al Vendrell en sentit Barcelona per obres. âœ… En sentit Tarragona, situaciÃ³ norâ€¦ https://t.co/y7aLrOvl98"
2018-07-26 14:20:27,âœ… Oberta la C-14 a Reus en sentit sud. SituaciÃ³ normalitzada. @transitc14 https://t.co/AiqIBaBW67
2018-07-26 14:20:17,@belens39 @transitap7 La incidÃ¨ncia de l'AP-7 ha estat per un accident i ara ja estÃ  oberta. Les cues de la C-32 alâ€¦ https://t.co/QG7y2pPgOu
2018-07-26 14:18:59,"@mgiron24 Bona tarda, hi ha unes obres a la C-32 al Vendrell que provoquen 3 km cues sentit BCN i 2 km sentit TGN"
2018-07-26 14:18:09,"@MNCcst Bona tarda, hi ha unes obres a la C-32 al Vendrell que provoquen cues en els dos sentits"
2018-07-26 14:14:23,"âš ğŸš§ A la C-32, al Vendrell, hi ha 3km de retenciÃ³ en sentit Barcelona i 2km mÃ©s en sentit Tarragona per obres. Precaâ€¦ https://t.co/1NjhYTAggY"
2018-07-26 14:10:54,"âš  A la C-58 hi ha mÃ©s d'1km de retenciÃ³ a Montcada i Reixac en sentit sud per un accident. En aquest tram, hi ha unâ€¦ https://t.co/qbukWR7AEh"
2018-07-26 14:00:11,"ğŸ”´ Obert el carril tallat a la B-10 al Nus de la Trinitat en sentit BesÃ²s. Amb tot, encara hi ha retencions des de Gâ€¦ https://t.co/YMJlfBS07L"
2018-07-26 13:43:34,âœ… Restablerta ja la circulaciÃ³ en aquest punt de l'AP-7 @transitap7 https://t.co/c0ATTJ376e
2018-07-26 13:43:23,âœ… SituaciÃ³ normalitzada en aquest tram de la C-31. @transitc31sud https://t.co/m7oZGghknM
2018-07-26 13:39:38,âš  A la B-10 hi ha un carril tallat al Nus de la Trinitat en sentit BesÃ²s. 3km de retenciÃ³ des de GuipÃºscoa. Precaucâ€¦ https://t.co/CR6DpolLdW
2018-07-26 13:36:29,"â„¹ La B-30 torna a estar oberta, tot i que resten ğŸ”´ #aturades â¡ sud @transitb30 https://t.co/mz19uUoeHP"
2018-07-26 13:35:34,âš â›” La C-14 estÃ  tallada a Reus (Baix Camp) en sentit sud per un accident. Desviaments per la C-14z. Compte! @transitc14
2018-07-26 13:30:43,âš â›” L'AP-7 estÃ  tallada a Roda de BerÃ  (TarragonÃ¨s) en sentit sud per un accident. PrecauciÃ³! @transitap7
2018-07-26 13:26:16,RT @bomberscat: Els #bomberscat hem donat per controlat l'incendi de vehicle i vegetaciÃ³ al costat de la B-30 a Cerdanyola del VallÃ¨s
2018-07-26 12:39:16,âœ… CirculaciÃ³ normalitzada en aquest tram de la C-17 a Aiguafreda. https://t.co/uoJokzEk1Y
2018-07-26 12:37:42,âœ… SituaciÃ³ normalitzada en aquest tram de la GI-524 a Sant Miquel de Campmajor. https://t.co/o0bilwJrtA
2018-07-26 12:34:53,"â„¹ğŸ”´ A causa de l'#incendiforestal no es pot enllaÃ§ar des de l'AP-7 a la C-44 cap a Tivissa.
@bomberscat https://t.co/5JI1CNQDrs"
2018-07-26 12:33:49,âœ… Via oberta en tots dos sentits. SituaciÃ³ normalitzada a la GI-524. https://t.co/o0bilwJrtA
2018-07-26 12:31:16,âš ğŸ”´ A la C-31 hi ha 1km de retenciÃ³ al Prat de Llobregat en sentit Castelldefels per una marxa lenta. PrecauciÃ³! @transitc31sud
2018-07-26 11:55:10,âš â›” La C-44 es troba tallada en tots dos sentits entre VandellÃ²s i Tivissa a causa d'un #incendiforestal. PrecauciÃ³!â€¦ https://t.co/jyNXFX5Xnp
2018-07-26 11:10:00,"@RubenTardio Hola. Des del dissabte a les 23:00 fins al diumenge a les 13:00, estarÃ  tallat per obres el ramal queâ€¦ https://t.co/W6c4EkjIUp"
2018-07-26 11:06:19,âš ğŸ”´ La B-30 es troba tallada a l'altura de Cerdanyola del VallÃ¨s en sentit Martorell a causa de l'incendi d'un vehicâ€¦ https://t.co/7oXcXu0lqR
2018-07-26 11:00:37,"@juliogcb88 grÃ cies, en tenim constÃ ncia i estem actualitzant la informaciÃ³"
2018-07-26 10:06:47,â›” La GI-524 es troba tallada a l'altura de Sant Miquel de Campmajor a causa de la retirada d'un vehicle. https://t.co/BXZrGPROJf
2018-07-26 09:25:26,âœ… SituaciÃ³ normalitzada en aquest tram de l'A-2 a PallejÃ  en sentit Lleida. @transita2 https://t.co/52EzjiIBzU
2018-07-26 08:55:13,"Estrenem 5 nous Panells de Missatgeria Variable (PMV) d'Ãºltima tecnologia a la B-23, C-58, AP-7, C-31 i C-32. T'hoâ€¦ https://t.co/YE0pSnYqcr"
2018-07-26 08:01:13,@quimta Bon dia. Suposem que si Ã©s a Aiguafreda et refereixes a la C-17. Ens consten unes obres que provoquen un paâ€¦ https://t.co/zMXPnxvErH
2018-07-26 07:59:07,âš ğŸš§ Unes obres a la C-17 @transitc17 a Aiguafreda provoquen un parell de quilÃ²metres de retencions en sentit Barceloâ€¦ https://t.co/nkXSZHFsBV
2018-07-26 07:21:24,âš  A l'A-2 hi ha un carril tallat a l'altura de PallejÃ  en sentit Lleida a causa d'una #avaria. Compte! @transita2 https://t.co/kEG9N46tPX
2018-07-26 06:48:02,âš  A la GI-524 es dÃ³na pas alternatiu a l'altura de Sant Miquel de Campmajor a causa d'un #accident. PrecauciÃ³! https://t.co/IQVUlivtQz
2018-07-26 06:23:47,RT @mossos: Si tâ€™avisen dâ€™una avaria mentre circules VIGILA Intenta aturar-te en llocs concorreguts i controla les teves coses MAI tâ€™aturisâ€¦
2018-07-26 06:13:12,âš ğŸš§ Les obres a la Ronda de Dalt @transitb20 a la Vall d'Hebron ja provoquen retencions de 6km en sentit Llobregat dâ€¦ https://t.co/PGUAEzPL1H
2018-07-26 06:03:26,â˜€ Bon dia! Primeres retencions habituals a la xarxa viÃ ria: https://t.co/uZFoqxRnXQ https://t.co/cm29fDGegf
2018-07-25 19:15:00,"â„¹ A partir d'aquesta hora, segueix informat de l'estat del trÃ nsit consultant el web d'incidÃ¨ncies viÃ ries ğŸ‘‰â€¦ https://t.co/9BLPRpZn9G"
2018-07-25 19:11:52,ğŸ“„ El Servei CatalÃ  de TrÃ nsit informa que dos conductors han mort en un xoc frontal entre dos turismes a lâ€™N-II a Bâ€¦ https://t.co/jgyRFTA2IM
2018-07-25 18:28:22,"âœ… La C-31 ja estÃ  oberta a Vilanova i la GeltrÃº en sentit sud. Amb tot, hi ha intensitat en aquest tram. PrecauciÃ³!â€¦ https://t.co/c3U2vNvIeg"
2018-07-25 17:51:41,âš  Torna a haver-hi un carril tallat en aquest tram de Sant Feliu de Llobregat en sentit Lleida. PrecauciÃ³!â€¦ https://t.co/tfQINhuJPF
2018-07-25 17:50:14,"âš â›” En aquests moments, l'A-2 estÃ  tallada a Sant Feliu de Llobregat en sentit Lleida per aquest accident. Retencionâ€¦ https://t.co/ZxqBxy9dOU"
2018-07-25 17:34:17,âš  Un carril tallat a l'A-2 a Sant Feliu de Llobregat â¡ Lleida per #accident @transita2 2 km de #cues https://t.co/pzHQr1GN18
2018-07-25 17:13:37,RT @interiorcat: El conseller @Miquelbuch presideix la ComissiÃ³ Catalana @transit i seguretat viÃ ria on analitzem l'evoluciÃ³ de l'Ãºltim anyâ€¦
2018-07-25 17:08:58,âœ… SituaciÃ³ del tot normalitzada en aquest tram de l'A-2. @transita2 https://t.co/Un5Ze1KyO3
2018-07-25 17:08:23,â„¹ Es reobre parcialment el #trÃ nsit i ara es dÃ³na pas alternatiu @transitc37 https://t.co/qhcXVXeRbI
2018-07-25 16:57:38,âš â›” La C-31 estÃ  tallada a Vilanova i la GeltrÃº (Garraf) en sentit Tarragona per un accident. Compte! @transitc31sud https://t.co/C8YHb703ro
2018-07-25 16:42:58,âš â›” La C-37 estÃ  tallada a Querol (Alt Camp) en tots dos sentits per un accident. PrecauciÃ³! @transitc37 https://t.co/6EQFWFVIuv
2018-07-25 16:26:52,"ğŸ“„ La ComissiÃ³ Catalana de #TrÃ nsit i #SeguretatViÃ ria aprova el programa d'activitats 2018. En la ComissiÃ³, es presâ€¦ https://t.co/Nu5maNFJoz"
2018-07-25 16:26:49,âœ… L'N-II ja estÃ  oberta a Vilamalla en tots dos sentits. @transitn2 https://t.co/pX7tknUwgx
2018-07-25 14:46:06,âœ… SituaciÃ³ normalitzada en aquest tram de l'A-2. @transita2 https://t.co/S7wdhFSQuw
2018-07-25 14:13:53,"@RamonSalinas95 @fomentogob @transita2 @equipviari Bona tarda, efectivament hi ha hagut un accident i hi ha 2-3 kmâ€¦ https://t.co/KFFbyskhhz"
2018-07-25 14:11:01,"@marionapique Bona tarda, grÃ cies per l'avÃ­s!"
2018-07-25 14:03:38,âš  1 carril tallat a l'A-2 a Bell-lloc d'Urgell â¡ BCN per #accident @transita2 2 km #retencions #precauciÃ³ https://t.co/Eeqt6UhmRB
2018-07-25 14:00:41,âš  Un carril tallat a l'A-2 a Sant VicenÃ§ dels Horts â¡ Lleida per un vehicle avariat @transita2 https://t.co/MweDKw4qpY
2018-07-25 13:41:06,âš â›” La via ara estÃ  tallada en ambdÃ³s sentits. Compte! https://t.co/YPRKmeP5I5
2018-07-25 13:37:06,âš â›” L'N-II estÃ  tallada a Vilamalla (Alt EmpordÃ ) en sentit sud per un accident. Desviaments per l'N-IIa i l'AP-7. Pâ€¦ https://t.co/kU9UWvAdFl
2018-07-25 13:12:56,"ğŸ”´ Oberts els carrils tallats a la C-32 a MatarÃ³ en sentit sud perÃ² es mantÃ© la retenciÃ³ d'1,5km. PrecauciÃ³!â€¦ https://t.co/HJrnX9cZD2"
2018-07-25 13:02:30,âœ… L'N-141 ja estÃ  oberta a BossÃ²st en tots dos sentits. https://t.co/oSKi0aHLGx
2018-07-25 12:56:41,RT @meteocat: A hores d'ara hi ha alguns ruixats ğŸŒ¦ a punts del Pirineu i del Prepirineu; localment sÃ³n moderats i van acompanyats de tempesâ€¦
2018-07-25 12:52:20,âš  A la C-32 hi ha 2 carrils tallats a l'altura de MatarÃ³ en sentit Barcelona a causa d'un #accident. Es registren 2â€¦ https://t.co/qGBitXW1wd
2018-07-25 12:02:10,âœ… SituaciÃ³ normalitzada en aquest tram de la C-17 a Aiguafreda en sentit Barcelona. @transitc17 https://t.co/d5Wq0WVtC7
2018-07-25 11:04:52,âœ… CirculaciÃ³ normalitzada en aquest tram de l'N-240 a Torregrossa. @transitn240 https://t.co/znwJqWTSDm
2018-07-25 10:02:52,âœ… SituaciÃ³ normalitzada en aquest tram de l'A-2 a Lleida en sentit Barcelona. @transita2 https://t.co/VBEesWuaL8
2018-07-25 09:37:32,@crisroga1 EstÃ  previst que el tall de la via duri fins a les 14:30.
2018-07-25 09:21:59,âœ… SituaciÃ³ normalitzada en aquest tram de la C-58 a Badia. @transitc58 https://t.co/CFWif0zPbG
2018-07-25 08:52:17,âš ğŸš§ Unes obres a la C-17 a Aiguafreda tallen un carril en sentit Barcelona i provoquen una cua de 2km. https://t.co/azOHaKqplD
2018-07-25 08:48:56,âš  Un accident a la C-58 a Badia provoca 3km de retencions en sentit Barcelona. https://t.co/G6YnGKhEEV
2018-07-25 08:30:36,âœ… CirculaciÃ³ normalitzada en aquest tram de l'N-340 al PerellÃ³. @transitn340 https://t.co/GGQwVoKnGr
2018-07-25 08:10:20,@ramonjosv grÃ cies per l'avÃ­s. Ho comuniquem al titular de la via @diba
2018-07-25 07:41:38,âš â›” ğŸš²ğŸš²ğŸš² Fins aquest migdia continuarÃ  tallada la N-141 a BossÃ²st (Vall d'Aran) pel pas del @LeTour https://t.co/fPW5XodKub
2018-07-25 07:33:19,âš ğŸš§ A l'A-2 hi ha un carril tallat a l'altura de Lleida en sentit Barcelona a causa d'unes #obres. Es registren 2kmâ€¦ https://t.co/J9fwCeS65K
2018-07-25 07:33:17,"âš  Accident a la N-240 a Torregrossa, es dona pas alternatiu i hi ha aturades d'entre 1 i 2 quilÃ²metres. https://t.co/Or6iZeDXp1"
2018-07-25 07:02:05,âœ… TrÃ nsit normalitzat a l'A-2. A l'enllaÃ§ de la B-23 encara queden algunes retencions. https://t.co/SzDQys8zEt
2018-07-25 06:55:22,"âš âš  Accident a la N-340 al PerellÃ³, es dona pas alternatiu, retencions sobretot en sentit Nord de 4km. https://t.co/gTrwyyVsFv"
2018-07-25 06:38:03,"Tots els carrils oberts al trÃ nsit, perÃ² continuen les retencions. https://t.co/SzDQys8zEt"
2018-07-25 06:35:57,El conductor dâ€™una motocicleta va morir ahir en un sinistre viari a la TV-2126 a Calafell (Baix PenedÃ¨s)â€¦ https://t.co/AO6qOm5pvN
2018-07-25 06:31:52,âš  Un accident a l'A-2 a Sant Feliu talla un carril en sentit Barcelona i provoca 3km de retencions. TambÃ© afecta laâ€¦ https://t.co/qe4p0rhLxu
2018-07-25 06:16:43,ğŸš§ğŸš§ Les obres a la Ronda de Dalt @transitb20 a la Vall d'Hebron provoquen entre 3 i 4 km de retencions en sentit Lloâ€¦ https://t.co/l3KsD6Khnq
2018-07-25 06:01:13,RT @bomberscat: L'any 2017 #bomberscat vam treballar en 7.383 accidents de @transit. En molts d'aquests accidents vam haver d'excarcerar ocâ€¦
2018-07-25 06:00:26,Bon dia! #Retencions habituals als principals accessos a la capital catalana. Pots consultar totes les afectacionsâ€¦ https://t.co/dOr77mMZ68
2018-07-24 19:36:49,RT @meteocat: L'SMC informa que el 24/07/2018 19:35 s'ha finalitzat l'episodi de Intensitat de pluja https://t.co/YAKP17l79z #meteocat
2018-07-24 19:36:24,"â„¹ A partir d'aquesta hora, segueix informat de l'estat del trÃ nsit consultant el web d'incidÃ¨ncies viÃ ries. Bona niâ€¦ https://t.co/n91WqaKvTB"
2018-07-24 19:35:31,âœ… La TV-2126 ja estÃ  oberta a Calafell (Baix PenedÃ¨s) en tots dos sentits.
2018-07-24 18:20:47,âš â›”  La TV-2126 estÃ  tallada a Calafell (Baix PenedÃ¨s) en tots dos sentits per un accident. PrecauciÃ³! https://t.co/xugBui5bAD
2018-07-24 16:57:35,Ja s'ha obert el carril tallat perÃ² es mantenen les retencions en sentit Trinitat en un tram de 14 km https://t.co/eyQu4Zwlra
2018-07-24 16:46:45,"âš  â›ˆâ›ˆ Si circules amb #pluja, recorda:
â¡ï¸ modera la velocitat 
â¡ï¸ augmenta la distÃ ncia de seguretat entre vehiclesâ€¦ https://t.co/StDP2qD2xu"
2018-07-24 16:17:31,â„¹ Retencions habituals per hora punta a l'Ã€rea Metropolitana de Barcelona. Els prinicipals problemes es concentrenâ€¦ https://t.co/d8W5Hzl63E
2018-07-24 16:17:07,Ara sÃ³n 14 els km de retencions intermitents entre Zona Franca i el Nus de la Trinitat sentit BesÃ²s https://t.co/lfSInAfH8R
2018-07-24 15:43:47,ğŸ”´ Ara hi ha 9km de congestiÃ³ a la B-10 entre la Barceloneta i el Nus de la Trinitat en sentit BesÃ²s. Es mantÃ© un caâ€¦ https://t.co/b1g7I3HChh
2018-07-24 15:38:19,âœ… Via ja oberta per a tots els vehicles. @transitn230 https://t.co/cBjabnNwex
2018-07-24 15:27:14,âš  A la Ronda Litoral o B-10 hi ha un carril tallat al Nus de la Trinitat en sentit BesÃ²s per un accident. 4km de coâ€¦ https://t.co/5C6r3yaaKd
2018-07-24 15:18:54,âœ… SituaciÃ³ normalitzada a l'A-2 a Aiguaviva en sentit sud. @transita2 https://t.co/TUeW0Jk9Xb
2018-07-24 15:10:31,Es mantenen els 2 carrils tallats per l'avaria d'un camiÃ³ a l'AP-7 a Vilafant en sentit sud. Ara hi ha 4 km deâ€¦ https://t.co/SB9yfknYjM
2018-07-24 15:02:00,Hi ha 1 carril tallat a l'A-2 a Aiguaviva en sentit sud per un #accident  @transita2 https://t.co/ABchENopma
2018-07-24 14:41:02,"RT @emergenciescat: Prealerta #INUNCAT: Actualment la #tempesta s'estÃ  desplaÃ§ant cap a la Selva. 

â˜‚ Es demana precauciÃ³ per les possiblesâ€¦"
2018-07-24 14:40:45,"RT @transit: â›” Restringida la circulaciÃ³ de camions + 7.500 kg a l'N-230 per la celebraciÃ³ del #TourdeFrance:

ğŸ”´ De la boca sud del TÃºnel dâ€¦"
2018-07-24 14:21:57,âš ğŸŒ§ AtenciÃ³ si us desplaceu per l'AP-7 a l'alÃ§ada de Girona. Entre els pks 60 i 65 la visibilitat Ã©s reduÃ¯da i hi haâ€¦ https://t.co/3G6h7RC16b
2018-07-24 13:35:16,âœ… Ja s'ha obert del tot  l'A-2 a Esparreguera en sentit Lleida. @transita2 https://t.co/9qbIWLCsWS
2018-07-24 13:31:09,âœ… SituaciÃ³ normalitzada en aquest tram de l'AP-7. @transitap7 https://t.co/sVKNwi4lfh
2018-07-24 13:29:41,[Nota] La conductora d'un turisme ha mort en una sortida de via a la BV-4135 a AviÃ  (el BerguedÃ ). Enviem el nostreâ€¦ https://t.co/wNqAlEHirj
2018-07-24 12:36:21,âš  A l'AP-7 hi ha un carril tallat a l'altura de Mollet del VallÃ¨s en sentit Girona a causa d'una #avaria.â€¦ https://t.co/CCSbODQFVY
2018-07-24 12:31:16,âœ… SituaciÃ³ normalitzada en aquest tram de la C-17 a Centelles en sentit Vic. @transitc17 https://t.co/PyxzNGFZ8o
2018-07-24 12:11:13,âš  A l'AP-7 hi ha 2 carrils tallats a l'altura de Vilafant en sentit Barcelona a causa d'un #avaria. Es registren 2kâ€¦ https://t.co/ortRHr2G2u
2018-07-24 12:00:41,âš  A la C-17 hi ha un carril tallat a l'altura de Centelles en sentit Vic a causa d'un #accident. Compte! @transitc17 https://t.co/b8pdPDRRls
2018-07-24 11:41:00,âœ… CirculaciÃ³ normalitzada en aquest tram de la B-10 entre Gran Via i el Nus de la Trinitat. @transitb10 https://t.co/EiI7DVs3Xx
2018-07-24 11:40:12,âš  A l'A-2 hi ha un carril tallat a l'altura d'Esparreguera en sentit Lleida a causa d'un #accident. PrecauciÃ³!â€¦ https://t.co/t0jgmJnN0S
2018-07-24 11:16:38,"ğŸ”´ Carril obert en aquest tram de la B-10 entre Gran Via i el Nus de la Trinitat. Malgrat tot, continuen les aturadeâ€¦ https://t.co/YpCUuNziOr"
2018-07-24 10:44:18,âš  A la B-10 hi ha un carril tallat entre Gran Via i el Nus de la Trinitat en sentit nord a causa d'una #avaria. Esâ€¦ https://t.co/e4esnTLlab
2018-07-24 09:41:30,âœ… SituaciÃ³ normalitzada en aquest tram de la BV-5201 a Sant SadurnÃ­ d'Osormort. https://t.co/Ebnijtny9l
2018-07-24 09:00:16,âœ… CirculaciÃ³ normalitzada en aquest punt de l'AP-7 a l'altura de La Roca en sentit nord. @transitap7 https://t.co/aT3wIx4bVE
2018-07-24 08:59:26,âœ… SituaciÃ³ normalitzada en aquest tram de la C-32 a CornellÃ  en sentit sud. @transitc32sud https://t.co/PdJ0CynVFf
2018-07-24 08:11:50,ğŸğŸš™ğŸš— Un accident a la C-32 @transitc32sud a CornellÃ  en sentit Sud ha deixat 2km de retencions. https://t.co/SoHxwr7yui
2018-07-24 07:47:26,âš ğŸš§ Les obres a la Ronda de Dalt @transitb20 a la Vall d'Hebron tallen un carril en sentit Llobregat i provoquen 5kmâ€¦ https://t.co/jZrb4hHdtN
2018-07-24 07:40:49,"âš  Accident a l'AP-7 @transitap7 a l'altura de La Roca en sentit Nord, que talla un carril i provoca retencions d'1â€¦ https://t.co/uKHM72Za00"
2018-07-24 06:44:06,"â›” Restringida la circulaciÃ³ de camions + 7.500 kg a l'N-230 per la celebraciÃ³ del #TourdeFrance:

ğŸ”´ De la boca sudâ€¦ https://t.co/haKGIGTaM4"
2018-07-24 06:36:35,âš  Retencions importants a la C-32 @transitc32sud de mÃ©s de 5km entre GavÃ  i Sant Boi en sentit Barcelona. https://t.co/CA7SyRuPSf
2018-07-24 06:07:29,"â›” Es mantÃ© tallada l'N-141, de BossÃ²st a la frontera francesa per la celebraciÃ³ del #TourdeFrance. MÃ©s informaciÃ³ ğŸ‘‰â€¦ https://t.co/4IKpz8u9b3"
2018-07-24 06:00:19,âš« Tallada la carretera BV-5201 a Sant SadurnÃ­ d'Osormort per la retirada d'un vehicle https://t.co/ooA0BzqQH6
2018-07-24 05:56:21,"Bon dia! En aquests moments, trobareu #retencions a diversos trams de la xarxa viÃ ria. Podeu consultar totes les afâ€¦ https://t.co/fxshGMU4O5"
2018-07-23 19:00:29,"â„¹ A partir d'aquesta hora, segueix informat de l'estat del trÃ nsit consultant el web d'incidÃ¨ncies viÃ ries. Bona niâ€¦ https://t.co/n0S5der8bg"
2018-07-23 18:57:34,âœ… SituaciÃ³ normalitzada a l'N-340 a Alcanar (MontsiÃ ) en tots dos sentits. Via del tot oberta. @transitn340
2018-07-23 17:21:28,âš  A l'N-340 es dÃ³na pas alternatiu a Alcanar (MontsiÃ ) per retirar un camiÃ³ accidentat aquest matÃ­. Retencions en tâ€¦ https://t.co/RJTG2A3fAv
2018-07-23 17:04:11,"ğŸ”´ A hores d'ara, hi ha alguns problemes de trÃ nsit sobretot a l'Ã rea metropolitana de Barcelona. Consulta les afectâ€¦ https://t.co/jhcPDX0XHA"
2018-07-23 17:00:34,ğŸ”´ A la B-10 ara hi ha congestiÃ³ de Zona Franca a Poble Nou i de GuipÃºscoa a Bon Pastor en sentit BesÃ²s. TambÃ© hi haâ€¦ https://t.co/dExIHarvPI
2018-07-23 16:24:42,âš â›” ğŸš²ğŸš²ğŸš² La carretera N-141 estÃ  tallada a BossÃ²st (Vall d'Aran) pel pas del Tour de FranÃ§a. https://t.co/QaifMamnV0
2018-07-23 15:15:01,âš â›” La carretera BV-5201 estÃ  tallada a Sant SadurnÃ­ d'Osormort (Osona) en tots dos sentits per un accident. Precaucâ€¦ https://t.co/YtA0ancUoR
2018-07-23 14:30:44,"ğŸ”´ Ja no hi ha cap carril tallat a la B-10 a Sant AdriÃ  en sentit BesÃ²s. Amb tot, congestiÃ³ des de la Zona Franca. Câ€¦ https://t.co/uTvT1bB2Je"
2018-07-23 14:22:07,âœ… SituaciÃ³ normalitzada a la C-58 de Montcada a Barcelona en sentit sud. @transitc58 https://t.co/jwLIQbkF89
2018-07-23 14:07:28,"ğŸ”´ Ja no hi ha cap carril tallat a la C-58 al Nus de la Trinitat d'entrada a Barcelona. Amb tot, hi ha 2km de circulâ€¦ https://t.co/E1iUzN31S6"
2018-07-23 14:00:29,âš  A la Ronda Litoral o B-10 hi ha un carril tallat a Sant AdriÃ  en sentit BesÃ²s per un accident. CongestiÃ³ des de lâ€¦ https://t.co/n3Y8YpBShf
2018-07-23 12:34:42,RT @bomberscat: Imatge de l'actuaciÃ³ dels #bomberscat en l'accident de Tivissa. Hem taponat la fuita de gasoil del camiÃ³ https://t.co/7TuOJâ€¦
2018-07-23 12:32:40,âœ… Ja estÃ  oberta la C-12 en aquest. https://t.co/QNGcZIYDKw
2018-07-23 12:31:31,@mamoros8 Ens indiquen que ara ja s'ha obert la via.
2018-07-23 12:29:25,"ğŸ‘‰ Si estÃ s conduint, no et distreguis amb el mÃ²bil! ğŸ“µ Descarrega't gratuÃ¯tament l'#app 'Conduint' (Android) i utiliâ€¦ https://t.co/l7jtkxatik"
2018-07-23 12:11:17,ğŸ”´ Ara sols hi ha un carril tallat a la C-58 a l'altura del Nus de la Trinitat en sentit Barcelona a causa d'unaâ€¦ https://t.co/sxPIAeDlrw
2018-07-23 12:04:41,âœ… CirculaciÃ³ normalitzada en aquest tram de l'A-2 a Sant Feliu de Llobregat en sentit Lleida. @transita2 https://t.co/yXMXXfIdVx
2018-07-23 11:55:38,"@mamoros8 Tallada la C-12 a Tivissa, es fan desviaments."
2018-07-23 11:48:47,âœ… SituaciÃ³ normalitzada en aquest tram de l'A-2 a Sant VicenÃ§ dels Horts en sentit Barcelona. @transita2 https://t.co/BHJlgKDhdF
2018-07-23 11:47:51,âš â›” A l'A-2 hi ha 4km d'aturades a l'altura de Sant Feliu de Llobregat en sentit Lleida i cap a l'enllaÃ§ a la B-23 aâ€¦ https://t.co/UOSmY1Q0ue
2018-07-23 11:38:38,"@victorft83 @transitc12 Bon dia, ens indiquen que es fan desviaments en sentit sud cap a la C-44 i en sentit nord aâ€¦ https://t.co/XFmX5bXOf4"
2018-07-23 11:25:55,"â„¹ Carril Bus-VAO obert per a tots els vehicles, excepte camions, per aquest accident a la C-58 a l'altura del Nus dâ€¦ https://t.co/OHTVgm8wpR"
2018-07-23 11:15:30,âš  A l'A-2 hi ha dos carril tallat a l'altura de Sant VicenÃ§ dels Horts en sentit Barcelona a causa d'un #accident.â€¦ https://t.co/WzhHLv5C7m
2018-07-23 11:01:25,"RT @SERLleida: Per la 16a etapa de la 105a ediciÃ³ del Tour de France, entre Carcassonne i BagnÃ¨res de Luchon, @transit informa que avui, deâ€¦"
2018-07-23 10:52:58,âš  A la C-58 hi ha 3 carrils tallats a l'altura del Nus de la Trinitat en sentit sud a causa d'un #accident. Es regiâ€¦ https://t.co/MlSsBDPNa7
2018-07-23 10:37:03,âš â›” La C-12 es troba tallada en tots dos sentits a l'altura de Tivissa a causa d'un #accident. PrecauciÃ³! @transitc12 https://t.co/WWhWSoWWkK
2018-07-23 10:22:12,ğŸš²ğŸš²ğŸš² Recorda que des d'avui i fins dimecres hi haurÃ  restriccions a les carreteres lleidatanes pel pas del Tour de Fâ€¦ https://t.co/eMTBKjEWL9
2018-07-23 10:20:13,âœ… SituaciÃ³ normalitzada en aquest tram de la C-14 a Oliana. @transitc14 https://t.co/29yqCO43g9
2018-07-23 10:19:26,âœ… CirculaciÃ³ normalitzada en aquest tram de la C-17 entre Aiguafreda i Centelles. @transitc17 https://t.co/b94Q2JhF7s
2018-07-23 09:47:26,ğŸ›µğŸš™ğŸš• Retencions importants a la Ronda de Dalt  @transitb20 de 7km entre el Nus de la Trinitat i Vallcarca en sentitâ€¦ https://t.co/ifg4pImPps
2018-07-23 09:40:41,"âš  Per una retirada de vehicle, a la C-14 a Oliana es dona pas alternatiu als vehicles. https://t.co/ULZYVenkBa"
2018-07-23 09:11:17,Hi ha un carril tallat a la circulaciÃ³ i el trÃ nsit Ã©s mÃ©s intens. https://t.co/WL2gbH40rA
2018-07-23 08:48:31,âœ… CirculaciÃ³ normalitzada  a l'N-340 @transitn340 https://t.co/ynspSSRAaq
2018-07-23 08:46:10,âœ… CirculaciÃ³ normalitzada en aquest punt @transitc32sud https://t.co/ZLlWx50UI6
2018-07-23 08:32:32,âš ğŸš§ Unes obres a la C-17 @transitc17 entre Aiguafreda i Centelles tallen un carril en sentit Nord i provoquen 2km deâ€¦ https://t.co/ts8nrC17Ip
2018-07-23 08:18:50,â„¹ Es mantenen ğŸ”´ #retencions a la C-32 als TÃºnels del Garraf (Sitges)  â¡ BCN @transitc32sud
2018-07-23 08:17:42,âš  Un carril tallat a la C-32 a Castelldefels â¡ BCN per #accident @transitc32sud
2018-07-23 08:14:15,âš  Un carril tallat a la C-31 a Badalona â¡ BCN per #accident 1 carril tallat #precauciÃ³ @transitc31nord
2018-07-23 08:10:08,âš  Accident a la N-340 a Alcanar que provoca un parell de quilÃ²metres de retencions en sentit Barcelona. https://t.co/YHTMspMvKC
2018-07-23 08:05:38,ğŸš™ğŸš›ğŸš— Retencions importants de mÃ©s de 6km a les Costes del Garraf en sentit Barcelona. https://t.co/CekUGHcUsU
2018-07-23 07:01:04,âœ… Tots els carrils oberts. Millora ja la circulaciÃ³ en aquest tram de Castelldefels de la C-32 @transitc32sud https://t.co/Iquemgc111
2018-07-23 06:54:03,â„¹ Es mantenen ğŸ”´ #retencions a la C-32 a Castelldefels â¡ BCN per l'#accident @transitc32sud 1 carril tallat https://t.co/CDre7PMrgE
2018-07-23 06:34:33,"@SanzVeciana Bon dia, s'estÃ  regulant la circulaciÃ³ al darrer tÃºnel en sentit BCN per raons de seguretat. MÃ©s endavâ€¦ https://t.co/SWcjg7QsjA"
2018-07-23 06:28:48,âš  Un #accident a la C-32 a Castelldefels â¡ BCN genera #retencions de 2-3 km @transitc32sud 1 sol carril obert #precauciÃ³
2018-07-23 06:16:58,"â„¹ En aquests moments, trobareu #retencions a trams de l'AP-7, C-17, C-58, B-23, A-2, C-32, B-20 i B-10, entre d'altâ€¦ https://t.co/OEA5cDgxD1"
