"['extingit', 'incendi', 'vehicl', 'voral', 'ap7', 'pk', '104', 'sentit', 'nord', 'sant', 'celoni', 'activat', 'dotació', 'bomberscat', 'httpstcocyhskdpcgm']"
"['ruixat', 'tarda', 'local', 'tempesta', 'pirineu', 'prepirineu', 'occident', 'podeu', 'seguir', 'imatg', 'radar', 'httpstcoldwjnrdhzr', 'meteocat', 'httpstcocrzesrx5zm']"
"['2', 'carril', 'tallat', 'ap7', 'celoni', 'girona', 'vehicl', 'incendiat', 'httpstcoyytouga98c']"
"['perevian', 'atzucac1', 'animalsmaresm', 'emergenciescat', 'mosso', 'passat', 'aví', 'titular']"
"['conduint', 'distraccion', 'alcohol', 'drogu', 'compat', 'fem', 'niteuropeasenseaccidentsni', 'femho', 'dia', 'evitemosqueserepita', 'transit', 'interiorcat', 'apatpat']"
"['actualització', 'afectacion', 'viàri', 'inuncat', 'protecciócivil', 'nnomé', 'queda', 'tallada', 'c12', 'tortosa', 'fan', 'desviament', 'senyalitzat']"
"['protecciocivil', 'desactiva', 'alerta', 'inuncat', 'millora', 'condicion', 'meteorològiqu', 'queden', 'incidènci', 'rellev', 'httpstcozxzogfm58p', 'httpstconk42gknl3a']"
"['atzucac1', 'animalsmaresm', 'emergenciescat', 'mosso', 'gràci', 'aví']"
"['kastri84', 'disculpa', 'vist', 'tuit']"
"['actualització', 'afectacion', 'viàri', 'inuncat', 'protecciócivil', 'c12', 'tortosa', 'desviament', 'alternatiu', 'tp3311', 'galera']"
"['normalitzat', 'circulació', 'tv3421']"
"['c25', '1', 'carril', 'tallat', 'coloma', 'farner', 'vic', 'avaria', 'vehicl']"
"['c17', '1', 'carril', 'tallat', 'montcada', 'reixac', 'vic', 'accid']"
"['foccoach', 'avisar', 'bcnmobilitat']"
"['precaució', 'desplaça', 'httpstcorhsrlflxcm']"
"['balanç', 'incidènci', 'alerta', 'inuncat', 'protecciocivil', 'httpstcogt2r6khqht', 'httpstco3asmyy0fsw']"
"['marianchik7', 'restringida', 'circulació', 'n340']"
"['ℹ', 'afectacion', 'viàri', 'terresebr', 'alerta', 'inuncat', 'protecciocivil', 'tortosa', 'desviament', 'senyalitzat', 'roquet', 'barberansn', 'ulldecona', 'fregin', 'galera', 'sènia']"
"['ℹ', 'resum', 'afectacion', 'viàri', 'terresebr', 'alerta', 'inuncat', 'protecciocivil', 'tv3313', 'httpstco3m1jlikrj3']"
"['partir', 'informart', 'afectacion', 'xarxa', 'viària', 'travé', 'web', 'httpstcouzfoqxrnxqnmolta', 'precaució', 'desplaça', 'montsià', 'baixebr', 'alerta', 'inuncat', 'protecciocivil', 'httpstcojqss6bfnpo']"
"['nota', 'premsa', 'sct', 'informa', 'conductor', 'vehicl', 'obr', 'tipu', 'dumper', 'mort', 'bolcada', 'farrera', 'pallarssobirà', 'traslladem', 'condol', 'sincer', 'família', 'amicsnhttpstcoow0b4jr3on']"
"['terresebr', 'tallad', 'trànsit', 'inundacion', 'tv3318', 'alcanarnt331', 'direcció', 'bàrbarant332', 'direcció', 'c12', 'tortosa', 'tv3313', 'ulldecona', 'direcció', 'galerancompt', 'alerta', 'inuncat', 'protecciocivilnhttpstcouzfoqxrnxq', 'httpstcog29rjwxgan']"
"['eviteu', 'mobilitat', 'montsià', 'ebr', 'proper', 'fent', 'servei', 'vehicl', 'atrapat', 'acumulació', 'aigua', 'carreter', 'protecciocivil', 'alerta', 'inuncat']"
"['accid', 'c58', 'talla', 'carril', 'sabadel', 'terrassa', 'transitc58', 'httpstcokn41g7zb93']"
"['atenció', 'nprotecciocivil', 'gencat', 'demana', 'evitar', 'mobilitat', 'montsià', 'baixebr', 'proper', 'nnhttpstcoitefkjrowm', 'httpstco8larncnooj']"
"['obert', 'carril', 'tallat', 'c58', 'accid', 'sant', 'quirz', 'vallè', 'sentit', 'sudnel', 'carril', 'busvaoeco', 'torna', 'habitu', 'pel', 'vehicl', '2', 'ocup', 'transitc58', 'httpstcor9fgwcvycr']"
"['bona', 'carol44863625', 'fent', 'desviament', 'c12', 'transitc12', 'transitn340']"
"['accid', 'c58', 'sant', 'quirz', 'vallè', 'direcció', 'barcelona', 'talla', 'carril', 'transitc58', 'httpstcolkt5hdfjal']"
"['causa', 'accid', 'c58', 'barcelona', 'direcció', 'nu', 'trinitat', 'obert', 'carril', 'busvaoeco', 'vehicl', 'independent', 'nombr', 'ocup', 'pel', 'camion', '75tone', 'transitc58', 'httpstcovspijizq9q']"
"['motivo', 'la', 'fuert', 'precipitacion', 'torreblanca', 'salida', '44', 'hospitalet', 'infant', 'salida', '38', 'desvía', 'tráfico', 'autopista', 'ap7', 'cost', 'alguno', 'peaj', 'para', 'usuario', 'afectado', 'hasta', 'restablezca', 'situación', 'temporallluvia', 'httpstcojcphxfdtzl']"
"['hola', 'josepcarcel', 'tram', 'tallat', 'alcanar', 'sentit', 'marxa', 'fent', 'desviament', 'c12', 'precaució', 'transitn340', 'transitc12']"
"['16h', '19h', 'bomberscat', 'rebut', '64', 'aviso', 'relacionat', 'pluja', 'del', '49', 'reterresebr', '36', 'municipi', 'alcanar', 'remnord', '9', 'remsud', '4', 'retarragona', '2', 'inundacion', 'baixo', 'soterrani', 'arbr', 'caigut', 'alerta', 'inuncat']"
"['112', 'majoria', 'trucad', 'inundacion', 'baixo', 'caigud', 'arbr', 'branqu', 'rescat', 'vehicl', 'despreni', 'inuncat', 'protecciocivil']"
"['telèfon', '112', 'rebut', '209', 'trucad', '151', 'incidènci', 'relacionad', 'pluge', '1830h', '49', 'trucad', 'montsià', '31', 'camp', '28', 'alcanarnprotecciocivil', 'inuncat', 'httpstcoh7lohwecab']"
"['obert', 'carril', 'ap7', 'jonquera', 'tallat', 'direcció', 'frança', 'obr', 'transitap7', 'httpstcouzjkh5dafx']"
"['ℹ', 'desviament', 'fan', 'c12', 'httpstcotxsnn3mntz']"
"['pluge', 'superat', '40', 'lm2', '30', 'minut', 'montsià', 'fort', 'tempest', 'afectaran', 'ebr', 'proper', 'horesnnmolta', 'precaució', 'montsià', 'pluge', 'descarreg', 'intensitatninuncat', 'protecciocivil', 'httpstcow9kcsx7syq']"
"['tallada', 'n340', 'alcanar', 'inundacion', 'fan', 'desviament', 'senyalitzat', 'inuncat', 'emergenciescat', 'httpstcoqrc02dncyv']"
"['treballat', '3', 'dotacion', 'bomberscat', 'accid', 'camió', 'topat', 'pont', 'passa', 'c12', 'pk', '67', 'garcia', 'ribera', 'ebr', 'conductor', 'netejat', 'calçada', 'revisat', 'pont', 'juntament', 'tècnic', 'adif', 'httpstcoytfeerzrht']"
"['112', 'policia', 'local', 'alcanar', 'tallat', 'accé', 'camí', 'virol', 'fondo', 'case', 'alcanar', 'feu', 'ca', 'senyal', 'prohibició', 'seguretatninuncat', 'protecciocivil']"
"['protecciocivil', 'recomana', 'ciutadania', 'terresdelebr', 'restringeixin', 'mobilitat', 'desplaça', 'imprescind', 'especi', 'montsia', 'alerta', 'inuncat', 'httpstcobekfj5hahi']"
"['protecciocivil', 'enviat', 'recomanació', 'municipi', 'passa', 'riu', 'sènia', 'tanquin', 'accesso', 'llera', 'punt', 'baixo', 'creuament', 'sènia', 'alcanar', 'ulldeconan', 'demana', 'ciutadania', 'respecti', 'senyalització', 'tancament', 'puntsninuncat', 'httpstcomkikas5dud']"
"['ramacabici', 'ciclista', 'invita', 'vídeo', 'conscienciar', 'vulnerabilitat', 'del', 'ciclist', 'avança', 'perilloso', 'recorda', 'realitzeu', 'avança', 'població', 'deixar', 'separació', 'later', 'inferior', '150', 'httpstco9ghs8da99h']"
"['participació', 'sct', 'setmana', 'sant', 'andreu', 'solo', 'bici', 'festiv', 'by', 'shimano', '2018', 'organitzat', 'rpm', 'race', 'sant', 'andreu', 'barca', 'httpstcosr5alumtwp']"
"['director', 'sct', 'juligendrau', 'junt', 'director', 'dgte', 'pere', 'navarro', 'assisteix', 'presentació', 'campanya', 'apatpat', 'evitemosqueserepita', 'niteuropeasenseaccid', 'httpstcoftj1yubnpc']"
"['travesseu', 'zona', 'inundada', 'zona', 'urbana', 'aigua', 'podria', 'arrossegarvo', 'nnhttpstcofpebt3fgb4nprotecciocivil', 'inuncat']"
"['atenció', 'fa', 'estona', 'plou', 'terr', 'ebr', 'precaució', 'mobilitat', 'baixebr', 'montsià', 'amposta', 'xàfec', 'intenso', 'poden', 'produir', 'incidència', 'n340', 'toll', 'aigua', 'punt', 'ninuncat', 'protecciocivil', 'httpstcoxvv5n34tzf']"
"['risc', 'accid', 'patir', 'conseqüènci', 'greu', 'augmenta', 'increment', 'velocitatnsabiesqu', 'xoc', '160', 'kmh', 'equiv', 'caiguda', '101', 'límit', 'velocitat', 'nentretotsfemseguretatnconducciósegura', 'httpstcoawc9kzbdb1']"
"['meteocat', 'informa', 'del', 'registr', 'pluja', 'acumulada', 'n1953', 'lm2', 'pn', 'portsn118', 'lm2', 'alcanarn1158', 'lm2', 'ulldeconan1062', 'lm2', 'barberansn852', 'lm2', 'horta', 'sant', 'joannalerta', 'inuncat', 'protecciocivil', 'httpstcoprjxzfuriw']"
"['tallat', 'carril', 'b20', 'altura', 'llobregat', 'accid', 'transitb20', 'httpstcoee6zptspz7']"
"['cue', 'destacad', 'rond', 'bcn', 'direcció', 'besò', 'nb10', 'barceloneta', 'zona', 'franca', 'consten', '11kmnb20', '7km', 'aturad', 'esplugu', 'llobregat', 'httpstcoimakissrs6']"
"['ℹ', 'retencion', 'àrea', 'metropolitana', 'bcn', 'consulta', 'afectacion', 'httpstco7bzpwb9bqj', 'httpstcohpcks6tu5v']"
"['obert', 'carril', 'ap7', 'tallat', 'roda', 'berà', 'tarragonè', 'sentit', 'nord', 'avaria', 'vehicl', 'transitap7', 'httpstcoimhmvcqkpm']"
"['fabienpalem', 'gràci', 'informació', 'tracta', 'accid', 'camion', 'implicat', 'a9', 'peatg', 'part', 'francesa', 'vinciautorout', 'lindepend']"
"['sentit', 'frança', '1', 'km', 'retenció', 'ap7', 'jonquera', 'causa', 'obr', 'territori', 'francè', 'restringeixen', '1', 'carril']"
"['accid', 'camion', 'implicat', 'a9', 'frontera', 'peatg', 'pertú', 'retencion', 'part', 'francesa', 'autopista', 'frontera', 'httpstcouuhtk6ln3r']"
"['accid', 'b20', 'roquet', 'provocat', 'tall', 'carril', 'direcció', 'nu', 'llobregat', 'obert', 'retencion', 'tram', '2km', 'transitb20', 'httpstco9zxmtcetuq']"
"['1', 'carril', 'tallat', 'ap7', 'roda', 'barà', 'nord', 'vehicl', 'avariat', 'httpstcobarjsjkmcx']"
"['aiguacat', 'informa', 'manté', 'alerta', 'part', 'final', 'precaució', 'zona', 'propera', 'llera', 'punt', 'baixo', 'riu', 'mantenen', 'cabal', 'superior', 'habitu', 'evolucionen', 'baixa', 'inuncat', 'protecciocivil', 'httpstcokcarhituh6']"
"['protecciocivil', 'manté', 'alerta', 'inuncat', 'episodi', 'pluja', 'afecta', 'terr', 'ebr', 'camp', 'tarragona', 'httpstco7lokmzsgzi', 'httpstcoypdbyfub4c']"
"['incidència', 'b10', 'zona', 'franca', 'sentit', 'besò', 'provoca', 'retencion', 'inici', 'ronda', 'litor', 'tram', 'a2', 'cornellà', 'httpstco14t6kphji']"
"['tallada', 'carretera', 'local', 'tv3146', 'vilaseca', 'sentit', 'aigua', 'calçada', 'httpstcomegrxbu3hd']"
"['òscar', 'llatj', 'coordinador', 'seguretat', 'viària', 'mobilitat', 'sct', 'analitza', 'sinistralitat', 'del', 'motorist', 'carreter', 'catalan', 'fòrum', 'barcelona', 'seguretatviària', 'httpstco6s2aw2wsrr']"
"['ℹ', 'nota', 'dissabt', 'sct', 'participa', 'sant', 'andreu', 'solo', 'bici', 'festiv', 'presència', 'millor', 'ciclista', 'català', 'purito', 'rodríguez', 'httpstcothkqxlbsy9', 'httpstcommljlakbnm']"
"['situació', 'normalitzada', 'b23', 'transitb23', 'httpstco5rhf2a7nnn']"
"['juligendrau', 'fòrum', 'barcelona', 'seguretatviària', 'motorist', 'reduït', 'sinistralitat', 'punt', 'intensificat', 'control', 'presència', 'del', 'mosso', 'liderar', 'canvi', 'cultur', 'zerovíctim', 'httpstcomghjb96i6i']"
"['director', 'sct', 'juligendrau', 'subratlla', 'fòrum', 'barcelona', 'seguretatviària', '1', '5', 'víctime', 'mortal', 'motorista', 'estudi', 'passa', 'passa', 'corregir', 'reduir', 'sinistralitat', 'httpstco8qgpt94vhd']"
"['diagon', 'oberta', 'trànsit', 'b23', 'presenta', '7km', 'retencion', 'sant', 'feliu', 'entrada', 'barcelona', 'httpstcokijyasxh3b']"
"['situació', 'normalitzada', 'punt', 'c25', 'transitc25', 'httpstcolfm7hdxp86']"
"['servei', 'català', 'trànsit', 'participa', 'matí', 'fòrum', 'barcelona', 'seguretatviària', 'bcnajunta', 'dgte', 'clubracc', 'apatpat', 'voltant', 'sinistralitat', 'del', 'motorist', 'juligendrau', 'httpstcoxltkzrwogg']"
"['cua', '5km', 'b23', 'sant', 'joan', 'despí', 'entrada', 'barcelona', 'incidència', 'diagon', 'httpstcoo11okpm9e']"
"['accid', 'c25', 'manresa', 'talla', 'carril', 'sentit', 'girona', 'provoca', '1km', 'retencion', 'httpstcogthafzoeyb']"
"['extrem', 'sud', 'bcn', 'c31', '5km', 'castelldefel', 'gavà', '5km', 'viladecan', 'prat', 'c32', '2km', 'castelldefel', '7km', 'gavà', 'sant', 'boi', '4km', 'cornellà', 'httpstcoskkpw1ueqa']"
"['recordeu', 'pluja', 'augmenta', 'risc', 'accid', 'trànsit', 'reducció', 'visibilitat', 'aigua', 'asfalt', 'modereu', 'velocitat', 'conducciósegura', 'httpstcomkzs2xckbl']"
"['ℹ', 'bon', 'divendr', 'trobareu', 'retencion', 'nombroso', 'punt', 'xarxa', 'viària', 'podeu', 'consultar', 'afectacion', 'web', 'httpstcouzfoqxrnxq', 'mobilitat', 'trànsit', 'httpstcofrdughvock']"
"['ℹ', 'fluïdesa', 'conjunt', 'xarxa', 'viària', 'catalana', 'partir', 'informart', 'actualitzat', 'trànsit', 'httpstcouzfoqxrnxq', 'httpstcowcui0py3fo']"
"['carril', 'busvaoeco', 'torna', 'funciona', 'habitu', 'vehicl', '2', 'ocup', 'restringit', 'camion', '75tone', 'transitc58', 'httpstcoshrptskmbv']"
"['obert', 'carril', 'tallat', 'b10', 'accid', 'transitb10', 'httpstco2ebrzx9yjk']"
"['obert', 'carril', 'b10', 'bon', 'pastor', 'llobregat', 'transitb10', 'httpstcogk15itxpl4']"
"['protecciocivil', 'demana', 'extremar', 'precaució', 'tempor', 'pluge', 'abundat', 'terresdelebr', 'nota', 'premsa', 'nnhttpstcoejgtt1lvvj', 'httpstcovccwc2dftz']"
"['alcoyjorgebcn', 'gràci', 'informació']"
"['b10', 'carril', 'tallat', 'accid', 'barceloneta', 'direcció', 'besò', 'transitb10', 'httpstcolmuxufrylb']"
"['plou', 'manera', 'intensa', 'indret', 'catalunya', 'conduir', 'redueix', 'velocitat', 'augmenta', 'distància', 'seguretat', 'recorda', 'pluja', 'augmenta', 'frenada', 'conducciósegura', 'httpstcoushced1bgf']"
"['tracta', 'autocar', 'avariat', 'provoca', 'retencion', 'c58', 'entrada', 'barcelona', 'obert', 'carril', 'busvaoeco', 'vehicl', 'camion', '35tone', 'direcció', 'barcelona', 'transitb10', 'transitc58', 'httpstcogk15itxpl4']"
"['vehicl', 'avariat', 'talla', 'carril', 'b10', 'bon', 'pastor', 'sentit', 'sud', 'nu', 'llobregat', 'transitb10', 'httpstco4pwipqu6ix']"
"['obert', 'carril', 'b20', 'tallat', 'pedralb', 'accid', 'circulació', 'retencion', 'tram', '6km', 'direcció', 'nu', 'llobregat', 'transitb20', 'httpstcowhpgykg5r6']"
"['comencen', 'retencion', 'punt', 'princip', 'àrea', 'metropolitana', 'rond', 'bcn', 'podeu', 'consultar', 'detal', 'httpstcoheyplwxkcx']"
"['accid', 'talla', 'carril', 'b20', 'altura', 'pedralb', 'provoca', 'retencion', 'nu', 'llobregat', 'transitb20', 'httpstcoqoeghmnkyr']"
"['n152a', 'tallada', 'montesquiu', 'osona', 'caiguda', 'cabl', 'elèctric', 'obstaculitzen', 'precaució', 'httpstcodx2sdoekjm']"
"['previsió', 'pluja', 'intensa', 'proper', 'matí', 'recorda', 'consel', 'circular', 'modera', 'velocitat', 'augmenta', 'distància', 'atura', 'travessi', 'zone', 'inundablesnalerta', 'inuncat', 'protecciocivil', 'httpstcoiifdafz0j']"
"['obert', 'carril', 'tallat', 'a2', 'accid', 'transita2', 'httpstcoacblfb7qju']"
"['circulació', 'normalitzada', 'c17', 'transitc17', 'httpstcomdxnphab3h']"
"['obert', 'carril', 'tallat', 'accid', 'b20', 'direcció', 'nu', 'llobregat', 'consten', 'retencion', 'aturad', 'diagon', 'horta', 'transitb20', 'httpstconb5qe0aixr']"
"['a2', 'castellolí', 'carril', 'tallat', 'direcció', 'igualada', 'accid', 'transita2', 'httpstco2m1tewiofb']"
"['hola', 'sg91242', 'arqmontero81', 'consta', 'fa', 'estona', 'accid', 'altura', 'quilòmetr', '168', 'c31', 'sitg', 'sentit', 'sud', 'transitc31sud', 'gràci', 'informació', 'seguirno']"
"['obert', 'carril', 'ap7', 'sant', 'cugat', 'direcció', 'tarragona', 'circula', 'retencion', 'tram', '4km', 'transitap7', 'httpstcozfhyo4aec1']"
"['reoberta', 'b24', 'cervelló', 'direcció', 'barcelona', 'tallada', 'accid', 'httpstcogpdd0eyqiw']"
"['accid', 'altura', 'hebron', 'talla', 'carril', 'b20', 'direcció', 'nu', 'llobregat', 'transitb20', 'httpstco4fc8e5udrq']"
"['c17', 'gurb', 'osona', 'carril', 'tallat', 'direcció', 'barcelona', 'accid', 'transitc17', 'httpstcojxok11gfzk']"
"['tallada', 'b24', 'cervelló', 'accid', 'precaució', 'httpstcoda5q7nzun']"
"['causa', 'accid', 'ap7', 'sant', 'cugat', 'carril', 'obert', 'sentit', 'sud', 'aturad', '12km', 'santa', 'perpètua', 'sentit', 'nord', 'papiol', 'httpstcomjk8v2pauk']"
"['protecciocivil', 'activa', 'alerta', 'inuncat', 'previsió', 'precipitacion', 'intens', 'terresebr', 'httpstcolyfyl6rhcf', 'nnimatg', 'avpcfiguer', 'httpstco1lq3vhjv8v']"
"['situació', 'normalitzada', 'punt', 'c16', 'httpstcosxwnttihsr']"
"['atenció', 'punt', 'accid', 'carril', 'obert', 'cua', 'tram', 'ap7', '7km', 'sentit', 'sud', '2km', 'sentit', 'nord', 'retenció', 'afecta', 'b30', 'httpstcojrt60w1gyi']"
"['pluja', 'augmenta', 'risc', 'accid', 'trànsit', 'reducció', 'visibilitat', 'aigua', 'asfalt', 'modereu', 'velocitat', 'conducciósegura', 'mobilitat', 'httpstcosjctoawlmm']"
"['punt', 'accid', 'carril', 'tallat', 'sentit', 'sud', 'retencion', '5km', 'httpstcooujlwbhv4x']"
"['vehicl', 'avariat', 'c16', 'pont', 'vilomara', 'talla', 'carril', 'sentit', 'nord', 'prudència', 'httpstcoucgky6zrrx']"
"['carril', 'obert', 'ap7', 'sant', 'cugat', 'vallè', 'tgn', 'accid', 'transitap7', 'httpstcobz1ehvlw10']"
"['situació', 'normalitzada', 'tram', 'c17', 'transitc17', 'httpstcomt32dibvwp']"
"['vehicl', 'avariat', 'c17', 'transitc17', 'garriga', 'talla', 'carril', 'sentit', 'barcelona', 'alenteix', 'marxa', 'prudència', 'httpstco8rburi7ghw']"
"['trànsit', 'lent', 'retencion', 'intermit', 'a2', 'sant', 'andreu', 'barca', 'pallejà', 'bcn', 'agreujad', 'accid', 'transita2', 'httpstcoljrvozgqwd']"
"['retencion', 'b23', '4km', 'molin', 'sant', 'feliu', '3km', 'sant', 'just', 'diagon', '4km', 'aturad', 'molin', 'papiol', 'enllaçar', 'ap7', 'httpstcovwl93fvwoi']"
"['ℹ', 'bon', 'dijou', 'moment', 'retencion', 'nombroso', 'punt', 'xarxa', 'viària', 'consulta', 'afectacion', 'web', 'incidènci', 'httpstcouzfoqxrnxq', 'trànsit', 'mobilitat', 'httpstcouhgrluzfmz']"
"['partir', 'moment', 'consultar', 'xarxa', 'viària', 'travé', 'web', 'httpstcouzfoqxrnxq', 'httpstcoap8broshfl']"
"['millorat', 'circulació', 'b20', '3km', 'aturad', 'sant', 'gervasi', 'trinitat', 'transitb20', 'httpstcoewhp5zjnc4']"
"['c25', 'arbúci', 'selva', 'carril', 'tallat', 'avaria', 'osona', 'prudència', 'transitc25', 'httpstcoftlqplp0ld']"
"['congestió', 'trànsit', 'b20', 'ronda', 'afecta', 'tram', '10km', 'esplugu', 'llobregat', 'nu', 'trinitat', 'sentit', 'nord', 'transitb20', 'httpstcouuljjq0pzg']"
"['carril', 'busvaoeco', 'torna', 'funciona', 'habitu', 'restringit', 'vehicl', '2', 'ocup', 'transitc58', 'httpstco4kh8gkb6pm']"
"['conscient', 'afecten', 'emocion', 'conducció', 'trobarà', 'apunt', 'infotrànsit', 'httpstcoxxupeeqgs4']"
"['retencion', 'habitu', 'augment', 'mobilitat', 'retencion', 'destacad', 'c58', 'montcada', 'reixac', 'b23', 'papiol', 'b20', 'altura', 'esplugu', 'ampliada', 'httpstcouzfoqxrnxq', 'httpstcokwip9nzi7n']"
"['emergenciescat', 'bomberscat', 'desplaçat', 'morel', '7', 'dotacion', 'treballat', 'tasqu', 'excarceració', 'alliberar', 'conductor', 'atrapat', 'cabina', 'controlar', 'petita', 'fuita', 'product', 'vàlvule', 'cisterna', 'httpstcokfowwvx2jh']"
"['previsió', 'acumulació', 'pluja', 'tingueu', 'compt', 'planificar', 'desplaça', 'circular', 'màxima', 'atenció', 'prudència', 'pluja', 'evitar', 'llere', 'riu', 'rier', 'crescud', 'sobtadesnentretotsfemseguretat', 'httpstcoqieijkgniy']"
"['protecciocivil', 'gencat', 'activat', 'alerta', 'transcat', 'accid', 'camió', 'matèri', 'perillos', 'morel', 'protecció', 'civil', 'desactivat', 'cop', 'retirat', 'camió', 'accidentat', 'nnhttpstcorslwdqoi3v', 'httpstco2c7yl5ckdr']"
"['previsió', 'pluja', 'circular', 'recorda', 'consel', 'modera', 'velocitat', 'augmenta', 'distància', 'seguretat', 'vehiclesnla', 'pluja', 'augmenta', 'risc', 'accid', 'presència', 'aigua', 'asfalt', 'reducció', 'visibilitat', 'nprudència', 'httpstcouf0c29o8mq']"
"['trànsit', 'den', 'b20', 'esplugu', 'llobregat', 'hebron', 'direcció', 'nu', 'trinitat', 'transitb20', 'httpstcojbyfqjt5rw']"
"['accid', 'c58', 'carril', 'busvaoeco', 'obert', 'vehicl', 'independent', 'nombr', 'ocup', 'montcada', 'reixac', 'sentit', 'barcelona', 'camion', '35tone', 'transitc58', 'httpstco9yjnmp2szm']"
"['tocar', 'clàxon', 'llum', 'vehicl', 'mínima', 'tingu', 'paciència', 'utilitza', 'element', 'correcta', 'noésperlamulta', 'httpstcovvfplqowaa']"
"['circulació', 'restablerta', 't240', 'llorenç', 'penedè', 'punt', 'accid', 'httpstcow2nobhjsjq']"
"['bomberscat', 'desplaçat', '2', 'dotacion', 'fet', 'tasqu', 'excarceració', 'alliberar', 'person', 'atrapad', 'desconnectat', 'bateri', 'del', 'vehicl', 'implicat', 'httpstcocwgdufrcgq']"
"['circulació', 'normalitzada', 'c17', 'llagosta', 'direcció', 'barcelona', 'transitc17', 'httpstcoialr2iiwtr']"
"['obert', 'carril', 'a2', 'tallat', 'sant', 'vicenç', 'del', 'hort', 'direcció', 'barcelona', 'obr', 'transita2', 'httpstcogzb3d2z7nb']"
"['distància', 'seguretat', 'vehicl', 'depèn', 'velocitat', 'sabiesqu', '120kmh', 'recorr', 'distància', 'equival', 'camp', 'futbol', 'aturar', 'vehicl', 'respecta', 'límit', 'velocitatnentretotsfemseguretatnconducciósegura', 'httpstcowm1e7x7vth']"
"['obr', 'territori', 'francè', 'provoquen', 'tall', 'carril', 'ap7', 'jonquera', 'frança', 'congestió', 'trànsit', 'tram', '1km', 'transitap7', 'httpstco916cuuoru6']"
"['tram', 'obr', 'talla', 'carril', 'a2', 'sant', 'vicenç', 'del', 'transita2', 'httpstcoynqafquupl']"
"['reoberta', 'c1415', 'castellar', 'vallè', 'tallada', 'sentit', 'causa', 'accid', 'httpstcoj9jkoovovi']"
"['tallada', 't750', 'perafort', 'tarragonè', 'sentit', 'accid', 'camió', 'bolcat', 'httpstco84maci0ffu']"
"['obert', 'carril', 'ap7', 'tallat', 'barberà', 'circulació', 'normalitzada', 'transitap7', 'httpstcoer3zqahsvg']"
"['ap7', 'carril', 'tallat', 'barberà', 'vallè', 'sentit', 'causa', 'accid', 'precaució', 'transitap7', 'httpstco3angpuzg1']"
"['tallada', 't240', 'llorenç', 'penedè', 'accid', 'httpstcojpzvxzoahr']"
"['prealerta', 'vencat', 'fort', 'ventad', 'poden', 'superar', '72', 'kmh', 'matí', 'divendr', 'gregal', 'litor', 'precaució', 'httpstcoh9n78ziyi']"
"['1', 'carril', 'tallat', 'c17', 'llagosta', 'bcn', 'accid', 'retencion', 'tram', '3', 'km', 'httpstconpzfiz1gtf']"
"['accid', 'c1415a', 'castellar', 'vallè', 'talla', 'sentit', 'marxa', 'httpstco2cscufih6c']"
"['ℹ', 'poden', 'gestionar', 'emocion', 'conducció', 'text', 'blog', 'proposem', 'respost', 'httpstcow5rfqauzdt', 'httpstcoixuremsqbi']"
"['situació', 'normalitzada', 'tram', 'ap7', 'httpstcopx7zxaetdq']"
"['punt', 'accid', 'carril', 'tallat', '5km', 'retencion', 'httpstcot7d4rcxju7']"
"['accid', 'ap7', 'castellví', 'rosan', 'provoca', '2km', 'retencion', 'sentit', 'nord', 'httpstcozrqmpbvz']"
"['circulació', 'normalitzada', 'punt', 'transita2', 'httpstcogscc5z53su']"
"['ℹ', 'obert', 'carril', 'aturad', 'ronda', 'valldaura', 'cornellà', 'llobregat', 'transitb20', 'httpstcow479rf0tsd']"
"['ℹ', 'carril', 'obert', 'trànsit', 'millora', 'canovel', 'retencion', 'granol', 'paret', 'bcn', 'transitc17', 'httpstcoo2adawlnlk']"
"['45', 'km', 'retencion', 'c31', 'viladecan', 'prat', 'llobregat', 'bcn', 'accid', 'talla', 'carril', 'transitc31sud', 'httpstconbzvqef6lo']"
"['2', 'carril', 'tallat', 'c32', 'cornellà', 'castelldefel', 'accid', 'cue', 'ronda', 'júlia', 'transitb20', 'httpstcomzw2vpcppz']"
"['2', 'km', 'retencion', 'c17', 'tagaman', 'bcn', 'accid', 'precaució', 'transitc17', 'httpstcoy6pxdkryf']"
"['3', 'km', 'retencion', 'c17', 'canovel', 'bcn', 'accid', 'talla', 'carril', 'transitc17']"
"['accid', 'a2', 'talla', 'sortida', 'jorba', 'sentit', 'lleida', 'prudència', 'httpstcofzieo40lxg']"
"['partir', 'informa', 'afectacion', 'viàri', 'actualitzad', 'travè', 'web', 'nhttpstcouzfoqxrnxq', 'httpstcojtzp6vguuo']"
"['ℹ', 'obert', 'carril', 'b20', 'tallat', 'vehicl', 'avariat', 'consta', 'retenció', 'tram', '2km', 'transitb20', 'httpstco7upcswml0r']"
"['vehicl', 'avariat', 'provoca', 'tall', 'carril', 'b20', 'altura', 'hebron', 'direcció', 'nu', 'llobregat', 'transitb20', 'httpstco30dk9jp1c0']"
"['millora', 'circulació', 'xarxa', 'viària', 'tram', 'retencion', 'rond', 'barcelona', 'retencion', 'ap7', 'transitap7', 'detal', 'httpstcouzfoqxrnxq', 'httpstcowega8rznvl']"
"['carretera', 'respecta', 'distància', 'seguretat', 'utilitzi', 'mòbil', 'respecta', 'límit', 'velocitat', 'nentretotsfemseguretatnconducciósegura', 'httpstcofjben1a9mf']"
"['denunciem', 'camion', 'calldeten', 'octuplicar', 'taxa', 'alcohol', 'permesa', 'denunciem', 'conductor', 'vilanova', 'camí', 'quintuplicar', 'taxa', 'accidentars', 'httpstcoubalat3ffj']"
"['circulació', 'normalitzada', 'c63', 'vidrer', 'httpstcopea62d8eff']"
"['trànsit', 'den', 'cue', 'princip', 'àrea', 'metropolitana', 'rond', 'a2', 'b23', 'c58', 'c17', 'b30', 'b10', 'podeu', 'consultar', 'afectacion', 'httpstcouzfoqxrnxq', 'httpstcojoi6izqxdn']"
"['risc', 'accid', 'patir', 'conseqüènci', 'greu', 'augmenta', 'increment', 'velocitatnsabiesqu', 'xoc', '160', 'kmh', 'equiv', 'caiguda', '101', 'límit', 'velocitat', 'nentretotsfemseguretatnconducciósegura', 'httpstcoyfviahinzd']"
"['obr', 'territori', 'francè', 'retencion', 'ap7', 'jonquera', 'frança', 'transitap7', 'httpstcoshal8wwlik']"
"['precaució', 'carretera', 'pluja', 'redueix', 'velocitat', 'augmenta', 'distància', 'seguretat', 'httpstcorylob8hxbi']"
"['1', 'carril', 'tallat', 'c17', 'paret', 'vallè', 'bcn', 'accid', 'retencion', 'tram', '4', 'km', 'transitc17', 'httpstco2veit1hp1i']"
"['nota', 'conductor', 'turism', 'mort', 'encalç', 'autocar', 'matí', 'c32', 'mataró', 'maresm', 'httpstco6cwokzayrz', 'volem', 'traslladar', 'condol', 'familiar', 'amic', 'moment', 'doloroso']"
"['ℹ', 'punt', 'accid', 'c63', 'vidrer', 'dona', 'alternatiu', 'retencion', 'sentit', 'httpstcouumgbeoxxd']"
"['c17', '3km', 'retencion', 'lliçà', 'paret', 'sentit', 'barcelona', 'httpstcoudj8glmx19']"
"['recorda', 'deixa', '15', 'distància', 'seguretat', 'avanc', 'bicicleta', 'envair', 'parcial', 'sentit', 'contrari', 'peril', 'bicisegura', 'httpstcounrscjycqq']"
"['circulava', '214', 'kmh', 'ap7', 'sant', 'julià', 'rami', 'denunciat', 'penal', 'presumpt', 'autor', 'delict', 'seguretat', 'trànsit', 'carretera', 'jugui', 'noésperlamulta', 'httpstcofeged3fcf']"
"['irenebarreiro1', 'ajvidrer', 'novaradiolloret', 'bon', 'dia', 'produït', 'accid', 'altura', 'vidrer', 'c63', 'carretera', 'oberta', 'queden', 'retencion', 'sentit', 'marxa', 'gràci', 'escriur']"
"['oberta', 'trànsit', 'retencion', 'punt', 'accid', 'sentit', 'httpstcopc6sj2bicu']"
"['carril', 'obert', '6km', 'retencion', 'tram', 'a2', 'cornellà', 'sant', 'feliu', 'sentit', 'lleida', 'httpstco6aj5mhur5z']"
"['accid', 'c63', 'vidrer', 'talla', 'sentit', 'fan', 'desviament', 'senyalitzat', 'prudència', 'httpstcokihkiel41c']"
"['accid', 'a2', 'sant', 'feliu', 'talla', 'carril', 'sentit', 'lleida', 'provoca', '5km', 'retencion', 'cornellà', 'httpstcotsf0goj218']"
"['circulació', 'normalitzada', 'punt', 'b23', 'transitb23', 'httpstcox8cdvwvyav']"
"['carril', 'tallat', 'b23', 'molin', 'bcn', 'camió', 'avariat', 'precaució', 'transitb23']"
"['oberta', 'nii', 'punt', 'girona', 'situació', 'normalitzada', 'httpstcoqsmy0puqu0']"
"['situació', 'normalitzada', 'punt', 'c32', 'transitc32nord', 'httpstcovgopmxdh0b']"
"['situació', 'normalitzada', 'punt', 'c17', 'transitc17', 'httpstcoequnfvorol']"
"['servei', 'català', 'trànsit', 'informa', 'conductor', 'turism', 'morir', 'xoc', 'frontal', 'nii', 'celrà', 'gironè', 'httpstcoz5wjfiyvnl', 'transmetem', 'condol', 'sincer', 'família', 'amic']"
"['obr', 'c17', 'garriga', 'tallen', 'carril', 'sentit', 'nord', 'provoquen', '2km', 'retencion', 'httpstcoh8maeeex74']"
"['tallada', 'puntual', 'nii', 'girona', 'desviament', 'c66', 'niia', 'httpstcohyqr2irpsk']"
"['punt', 'c32', 'carril', 'tallat', 'sentit', 'nord', 'retenció', 'supera', '2km', 'httpstcobcufhsk1yb']"
"['carril', 'tallat', 'c32', 'mataró', 'acccid', 'transitc32nord', '12', 'km', 'retencion', 'httpstcogt78wahj7k']"
"['a2', 'plena', 'sentit', 'barcelona', 'retencion', '11km', 'sant', 'andreu', 'barca', 'sant', 'joan', 'despí']"
"['restablerta', 'circulació', 'final', 'carretera', 'lv3341', 'barben', 'moment', 'queden', 'carreter', 'restriccion', 'pel', 'aiguat', 'httpstcopzcuwmqia']"
"['accid', 'a2', 'martorel', 'talla', 'carril', 'sentit', 'lleida', 'provoca', 'retencion', '2km', 'httpstcowwtdomiqfv']"
"['ℹ', 'pel', 'fa', 'inundacion', 'tallada', 'carretera', 'xarxa', 'viària', 'catalana', 'lv3341', 'barbensnnsegueix', 'afectacion', 'viàri', 'minut', 'web', 'httpstcouzfoqxrnxq', 'mobilitat', 'httpstcorz1knxdmjo']"
"['c60', 'presenta', 'retencion', '8km', 'argentona', 'roca', 'sentit', 'granol', 'httpstcohef7ewiwd8']"
"['ℹ', 'aturad', 'import', 'habitu', 'xarxa', 'viària', 'envolta', 'barcelona', 'httpstcoptognirxgo']"
"['ℹ', 'partir', 'mantenirt', 'informa', 'xarxa', 'viària', 'travé', 'web', 'httpstco9lvhugyecp']"
"['3', 'carreter', 'mantenen', 'afectacion', 'pluge', '2', 'tallad', 'protecciocivil', 'alerta', 'inuncat', 'olug', 'barben', 'hilari', 'httpstcoemyplum62u']"
"['pluge', 'mantenen', 'afectacion', '5', 'carreter', '3', 'tallad', 'proteccicivil', 'alerta', 'inuncat', 'olug', 'barben', 'hilari', 'fogar', 'carril', 'tallat', 'httpstcowe0zm2yh9q']"
"['circulació', 'lenta', 'nii', 'sant', 'julià', 'rami', 'sentit', 'sud', 'neteja', 'accid', 'transitn2', 'httpstcokessgvicbc']"
"['circulació', 'restablerta', 'gi600', 'blane', 'tallada', 'sentit', 'accid', 'httpstcoo4gvw73shr']"
"['nii', 'sant', 'julià', 'rami', 'fan', 'desviament', 'niia', 'transitn2', 'httpstcoesirsrpxj1']"
"['obert', 'carril', 'tallat', 'accid', 'b10', 'altura', 'ciutat', 'vella', 'direcció', 'sud', 'transitb10', 'httpstcompljxrs4ad']"
"['accid', 'talla', 'carril', 'ronda', 'litor', 'b10', 'provoca', 'aturad', 'tram', '5km', 'sud', 'transitb10']"
"['habitu', 'àrea', 'metropolitana', 'bcn', 'rond', 'podeu', 'consultar', 'informació', 'detallada', 'httpstcouzfoqxrnxq', 'httpstcobervohy0di']"
"['accid', 'nii', 'sant', 'julià', 'rami', 'gironè', 'transitn2', 'httpstcounohqwtakk']"
"['sentit', 'gi600', 'blane', 'selva', 'tram', 'quilòmetr', 'causa', 'accid', 'precaució', 'httpstco9nfmiiw5xf']"
"['jornada', 'formació', 'remsud', 'accid', 'trànsit', 'víctime', 'politraumàtiqu', 'parc', 'vilanova', 'geltrú', 'adreçada', 'bomberscat', 'semgencat', 'presència', 'tècnic', 'especialist', 'operador', 'control', 'teoc', 'observador', 'httpstcoxwbfmijadp']"
"['telèfon', '112', 'rebut', '1709', 'trucad', '1240', 'incidènci', 'relacionad', 'tempor', 'matí', '18h', 'majoria', 'inundacion', 'baixo', 'caiguda', 'arbr', 'obstacl', 'nalerta', 'inuncat', 'protecciocivil', 'httpstco3hd9l6ttio']"
"['meteocat', 'donat', 'finalitzat', 'episodi', 'fort', 'onatg', 'continua', 'plovent', 'intensa', 'zone', 'cabal', 'del', 'riu', 'mantenen', 'elevat', 'prudència', 'riu', 'rier', 'punt', 'baixo', 'creuar', 'zone', 'inund', 'nalerta', 'inuncat', 'protecciocivil', 'httpstcold3lcix4f3']"
"['transit', 'sumars', 'mostr', 'condol', 'suport', 'víctime', 'familiar', 'afectat', 'inundacion', 'aud', 'carcasson', 'nper', 'informació', 'seguiu', 'compt', 'ofici', 'prefet11']"
"['carril', 'tallat', 'ap7', 'barberà', 'avaria', 'transitap7', 'httpstco2oq2uzbjmw']"
"['import', 'faci', 'ca', 'senyalització', 'posada', 'seguretat', 'prudentnalerta', 'inuncat', 'protecciocivil', 'httpstco21lya5wzt']"
"['ap7', 'vilafranca', 'penedè', '2', 'carril', 'tallat', 'tarragona', 'accid', 'precaució', 'transitap7', 'httpstcork1timtgnm']"
"['afectacion', 'pluge', 'mantenen', '7', 'carreter', 'proteccicivil', 'alerta', 'inuncat', 'olug', 'barben', 'vilallonga', 'lleida', 'km', 'hilari', 'fogar', 'carril', 'tallat', 'httpstcobdgqat65ng']"
"['normalitzada', 'circulació', 'c58', 'vehicl', 'avariat', 'nord', 'tallat', 'enllaç', 'later', 'b40', 'transitc58', 'httpstcounm8xtfago']"
"['circulació', 'intensa', 'moment', 'c58', 'vacariss', 'vallèsoccident', 'vehicl', 'avariat', 'barcelona', 'transitc58', 'httpstcoiaeryrn8tf']"
"['compt', 'c32', 'santa', 'susanna', 'maresm', 'circula', 'lentitud', 'sentit', 'marxa', 'causa', 'pluja', 'visibilitat', 'reduïda', 'transitc32nord', 'httpstcok6siavptyd']"
"['obert', 'c17', 'carril', 'tallat', 'avaria', 'vehicl', 'transitc17', 'httpstcotvltuecadn']"
"['circulació', 'normalitzada', 'a2', 'bruc', 'carril', 'tallat', 'lleida', 'avaria', 'vehicl', 'transita2', 'httpstcolxxbfavyzi']"
"['vehicl', 'avariat', 'talla', 'carril', 'a2', 'bruc', 'direcció', 'lleida', 'transita2', 'httpstcovchushkzuh']"
"['situació', 'normalitzada', 'tram', 'a2', 'httpstco5ktlj0jicc']"
"['avariat', 'c17', 'transitc17', 'paret', 'vallè', 'talla', 'carril', 'sentit', 'barcelona', 'provoca', 'retencion', 'lliçà', 'httpstcoyideptbyij']"
"['obr', 'a2', 'martorel', 'tallen', 'carril', 'sentit', 'lleida', 'provoquen', '3km', 'retencion', 'httpstcoilp3ecq3k4']"
"['tornem', 'tenir', 'retencion', 'tram', 'c17', 'ametlla', 'vallè', 'sentit', 'sentit', 'vic', 'httpstcoz7ng5pcnlq']"
"['ℹ', 'resten', '10', 'carreter', 'restriccion', 'pluge', '5', 'tallad', 'giv6226', 'giv5264', 'vilallonga', 'tv2005', 'lv3341', 'n141f', 'olugesnnconsulta', 'afectacion', 'httpstco50b5ooeoyb']"
"['carril', 'obert', 'trànsit', 'queden', '5km', 'retencion', 'tram', 'ronda', 'litor', 'httpstcozi4lxgr1qm']"
"['accid', 'ronda', 'litor', 'altura', 'fòrum', 'talla', 'carril', 'sentit', 'besò', 'provoca', '3km', 'retencion']"
"['retencion', 'punt', 'xarxa', 'viària', 'httpstcolc9akdejob']"
"['situació', 'normalitzada', 'punt', 'n230', 'httpstcooxdgzbwfgv']"
"['vyse87', 'bon', 'dia', 'gràci', 'aví']"
"['12', 'carreter', 'restriccion', 'pluge', '7', 'tallad', 'gi544', 'gi552', 'giv5264', 'vilallonga', 'tv2005', 'lv3341', 'n141f', 'giv6226', 'httpstcowdy5qodd8w']"
"['fein', 'voral', 'c17', 'altura', 'ametlla', 'vallè', 'carril', 'tallat', 'sentit', 'nord', 'retencion', '1', '2', 'quilòmetr', 'moment', 'puntual', 'talla', 'httpstcobqtljayj8h']"
"['ℹ', 'carril', 'obert', 'trànsit', 'lent', 'aturad', 'intermit', 'fòrum', 'bon', 'pastor', 'besò', 'transitb10', 'httpstcoc9xdubamvj']"
"['ℹ', 'dona', 'alternatiu', 'punt', 'n230', 'httpstco08xittte2j']"
"['retencion', 'ronda', 'litor', 'fòrum', 'nu', 'trinitat', 'besò', 'accid', '2', 'carril', 'tallat', 'transitb10', 'httpstcohuucv4llap']"
"['carril', 'tallat', 'c16', 'castellbel', 'vilar', 'manresa', 'camió', 'avariat', 'transitc16']"
"['ignasibonjoch', 'bon', 'dia', 'gràci', 'aví']"
"['8', 'carreter', 'restriccion', 'trànsit', 'pluge', 'bcn', 'lleida', '3', 'tallad', 'gi544', 'gi552', 'b432', 'alternatiu', 'n240', 'lleidanconsulta', 'afectacion', 'httpstcoe6rrvpy1k8']"
"['servei', 'català', 'trànsit', 'informa', 'vianant', 'morir', 'atropella', 'c35', 'santa', 'maria', 'palautordera', 'vallè', 'orient', 'httpstcowazcw8hepv', 'enviem', 'condol', 'sincer', 'trista', 'pèrdua', 'família', 'amic']"
"['accid', 'n230', 'pont', 'suert', 'talla', 'sentit', 'httpstcodgh9kc9l0j']"
"['c37', 'oberta', 'trànsit', 'queden', 'aturad', 'residu', 'anar', 'desapareix', 'httpstcopwygvjdezi']"
"['carril', 'obert', 'punt', 'a2', 'queden', 'retencion', '2km', 'sant', 'andreu', 'barca', 'sentit', 'barcelona', 'httpstcowzrj9kkz03']"
"['situació', 'normalitzada', 'punt', 'a2', 'httpstcolk6rtq95tl']"
"['accid', 'c60', 'argentona', 'talla', 'carril', 'sentit', 'mataró', 'provoca', 'retencion', '4km']"
"['mireiacamp', 'bon', 'dia', 'c60', 'plena', 'enllaç', 'ap7']"
"['sortir', 'carretera', 'recordeu', 'planifiqueu', 'desplaça', 'seguiu', 'evolució', 'trànsit', 'circuleu', 'màxima', 'atenció', 'prudència', 'pluja', 'eviteu', 'llere', 'riu', 'rier', 'crescud', 'sobtad', 'httpstco9ucap0hq3j']"
"['tallada', 'c37', 'causa', 'vehicl', 'avariat', 'atenció', 'httpstcovcj3j2uwrh']"
"['12', 'tram', 'afectat', 'pluge', 'bcn', '7', 'tallat', 'n260', 'ribe', 'c35', 'c38', 'gi544', 'giv5441', 'gi552', 'b432', 'oristànnconsulta', 'afectacion', 'httpstcoea9djkw3l']"
"['accid', 'a2', 'sant', 'andreu', 'barca', 'talla', 'carril', 'sentit', 'barcelona', 'provoca', 'cua', '5km', 'martorel', 'httpstconbgpuudeyd']"
"['atenció', 'c60', 'presenta', 'retencion', '9km', 'tram', 'argentona', 'roca', 'vallè', 'sentit', 'granol']"
"['accid', 'c17', 'llagosta', 'talla', 'carril', 'sentit', 'barcelona', 'provoca', 'retencion', '2km', 'prudència']"
"['accid', 'a2', 'abrera', 'talla', 'carril', 'sentit', 'barcelona', 'provoca', 'aturad', '3km', 'httpstcoym4biomn']"
"['ℹ', 'carril', 'obert', 'trànsit', 'retencion', '10km', 'nu', 'trinitat', 'sarrià', 'sentit', 'llobregat', 'afect', 'pota', 'nord', 'cua', '3km', 'httpstcoajas1xgzy4']"
"['14', 'tram', 'afectat', 'pluge', 'bcn', '8', 'tallat', 'n260', 'ribe', 'c35', 'c38', 'gi544', 'giv5441', 'bp1432', 'gi552', 'b432', 'httpstcoyexboqbl']"
"['accid', 'ronda', 'pedralb', 'talla', 'carril', 'sentit', 'llobregat', 'provoca', 'aturad', '12km', 'nu', 'trinitat', 'afect', 'pota', 'nord', 'httpstcozsjrwd13xm']"
"['ℹ', 'extrem', 'nord', 'barcelona', 'tenim', 'c31', 'aturad', '4km', 'badalona', 'pota', 'nord', 'cua', 'pont', 'santa', 'coloma', 'c58', 'retencion', '7km', 'barberà', 'barcelona', 'sentit', 'c17', '6km', 'granol', 'paret', 'httpstcohtzcxj3mm']"
"['ℹ', 'retencion', 'import', 'princip', 'entren', 'pel', 'sud', 'bcn', 'c31', 'aturad', '7km', 'viladecan', 'prat', 'c32', '10km', 'gavà', 'rond', 'b23', '11km', 'molin', 'diagon', 'a2', '10km', 'martorel', 'pallejà', 'httpstco3pu4fpqtvg']"
"['ℹ', '07', '00', 'matí', 'comitè', 'tècnic', 'reunit', 'avaluar', 'valorar', 'incidènci', 'pluge', 'darrer', 'httpstcoinfv57pemd']"
"['nota', 'balanç', 'incidènci', 'viàri', 'destacad', '11', '14', 'httpstcorr7ydu6z5o']"
"['ℹencara', 'mantenen', 'tram', 'retencion', 'c16', 'ap7', 'a2', 'informació', 'viària', 'actualitzada', 'consultar', 'enllaç', 'fort', 'pluge', 'carretera', 'httpstcoo2k05wbpcw']"
"['trebal', 'contenir', 'fuita', 'oli', 'soja', 'del', 'dipòsit', 'camió', 'cisterna', 'bolcat', 'enllaç', 'c37', 'c152', 'empresa', 'gestionat', 'cisterna', 'transvasa', 'httpstconso5la2yl5']"
"['demana', 'prudència', 'ciutadania', 'episodi', 'pluge', 'intens', 'ventad', 'fort', 'onatg', 'matí', 'creuarà', 'catalunya', 'protecciociviln', 'nota', 'premsa', 'httpstcontemjudjs5']"
"['ℹencara', 'aturad', 'retorn', 'punt', '8', 'km', '5', 'km', 'organyà', '7', 'km', 'bruc', '6', 'km', '9', 'km', 'vilafranca', 'circul', 'pluja', 'recorda', 'consel', 'httpstcopqfqjpvdp']"
"['ℹl', 'n340', 'troba', 'tallada', 'subirat', 'causa', 'accid', 'httpstcotv5iqcye3q']"
"['comarqu', 'afectad', 'pel', 'aviso', 'meteorològ', 'intensitat', 'pluja', 'acumulació', 'pluja', 'diumeng', 'dillun', 'nmeteocat', 'httpstcop6xeyphs']"
"['tempor', 'pluge', 'intens', 'anirà', 'acompanyat', 'ratx', 'superior', '90', 'kmh', 'fort', 'onatgenmira', 'vídeo', 'sabrà', 'protegirt', 'fort', 'ventad', 'nalerta', 'ventcat', 'protecciocivil', 'httpstcoecabfiels9']"
"['rest', 'lesli', 'junt', 'front', 'atlàntic', 'entren', 'pel', 'sudoest', 'escombraran', 'catalunya', 'direcció', 'nordest', 'seguir', 'meteorologia', 'sortir', 'carretera', 'consel', 'miquelbuch']"
"['consel', 'miquelbuch', 'demana', 'prudència', 'pel', 'fenòmen', 'pluja', 'intensa', 'acompanyada', 'fort', 'onatg', 'alerta', 'amat', 'transport', 'cabal', 'riu', 'rier', 'protecciocivil', 'httpstcoimfuxw8p0i']"
"['directora', 'isabel', 'ferrer', 'emergenciescat', 'demana', 'prudència', 'evitar', 'situacion', 'risc', 'fort', 'vent', 'pluge', 'poden', 'deixar', '100', 'lm2', 'onad', '4', 'metr', 'protecciocivil', 'httpstcodf6ovk96jc']"
"['ℹe', 'mantenen', 'tram', 'lentitud', 'aturad', 'c16', 'bagà', 'berga', 'c14', 'urgel', 'organyà', 'sentit', 'sudnpreccució', 'httpstcodaxtibtxbw']"
"['condueix', 'pluja', 'extrema', 'precaució', 'volant', 'segueix', 'consel', 'transit', 'emergenciescat', 'inuncat', 'ventcat', 'protecciocivil', 'httpstcogj387u3l8z']"
"['accid', 'c16', 'balsareni', 'talla', '1', 'carril', 'sentit', 'sud', 'causa', 'aturad', '5', 'km', 'prudènciantransitc16']"
"['reobert', 'carril', 'cue', '05', 'km', 'sentit', 'sud', 'httpstcoobxrzoqfn7']"
"['ariadnaarbo', 'meteocat', 'donem', 'aví', 'mosso', 'incidència', 'gràci']"
"['ap7', 'amposta', '1', 'carril', 'obert', 'sentit', 'sud', 'accid', 'compt', 'cue', '05', 'kmntransitap7', 'httpstcomdwrudmgeh']"
"['smc', 'informa', '14102018', '16', '28', 'publicat', 'aví', 'intensitat', 'pluja', 'httpstcoyakp17l79z', 'meteocat']"
"['comença', 'comitè', 'tècnic', 'inuncat', 'ventcat', 'presidit', 'consel', 'miquelbuch', 'directora', 'protecciocivil', 'isabel', 'ferrer', 'mtnezdebrea', 'meteocat', 'aiguacat', 'transit', 'bomberscat', 'mosso', 'semgencat', '112', 'agentsruralscat', 'territoricat', 'bcnbomber', 'fgc', 'adif', 'renf', 'endesa', 'httpstcoypw0xdpsga']"
"['complicat', 'trànsit', 'tarda', 'operacióretorn', 'c16', 'c17', 'c14', 'n260', 'c55', 'a2', 'ap7', 'n340', 'informació', 'detallada', 'consultar', 'carretera', 'httpstcozfq4kx52mv']"
"['ℹ', 'ap7', 'castellví', 'rosan', '9', 'km', 'cue', 'direcció', 'barcelona', 'httpstco11k0q68hlg']"
"['t301', 'tiveni', 'circula', 'alternatiu', 'causa', 'esllavissadesnprecaució', 'httpstcoehgfkki5qu']"
"['seguiment', 'alerta', 'inuncat', 'protecciocivil', 'meteocat', 'informa', 'superacio', 'llindar', 'intensitat', 'pluja', 'benissanet', '27', 'lm2', '30min', 'ulldecona', '22lm2', '30min', 'aldov', '10', 'lm2', '10minutsnatenció', 'conduir', 'pluja', 'httpstcohlxryudlvl']"
"['ℹa', 'a2', 'aturad', '6', 'km', 'tàrrega', '5', 'km', 'cervera', 'direcció', 'barcelona', 'httpstco9mnup82amv']"
"['posada', 'prealerta', 'ferrocat', 'protecciocivil', 'atropella', 'estació', 'montroig', 'camp', 'tram', 'circulació', 'rod16cat', 'tallada']"
"['prudència', 'desplaça', 'tarda', 'modera', 'velocitat', 'augmenta', 'distància', 'seguretat', 'vehiclesnentretotsfemseguretat', 'httpstcoomx1eawa6p']"
"['imatg', 'radar', 'llarg', 'abast', 'observen', 'xàfec', 'afectaran', 'catalunya', 'descarreguen', 'punt', 'terç', 'sud', 'podeu', 'seguir', 'evolució', 'precipitacion', 'httpstcoldwjnrdhzr', 'meteocat', 'httpstcofyf6jrp1o']"
"['moto', 'cotx', 'portar', 'càrrega', 'posada', 'excedeixi', 'pe', 'permè', 'vegi', 'correcta', 'noésperlamulta', 'httpstcotlizcjitp7']"
"['situació', 'viària', 'complicada', 'tram', 'sentit', 'sud', '10', 'km', 'guardiola', 'berguedà', '6', 'km', 'cerc', '2', 'km', 'urú', '13', 'km', 'organyà', '5', 'km', '5', 'km', 'campdevànol', '4', 'km', 'ribe', 'freser', 'httpstco36u0gate1p']"
"['emergència', 'recorda', 'trucar', '112', 'adreçaren', 'servei', 'ajusti', 'necessitat', 'mosso', 'bomber', 'semgencat', 'policialoc', 'emergenciescat', 'httpstcont1p95qfba']"
"['destacad', 'c14', '16', 'km', 'organyà', 'sentit', '10', 'km', 'guardiola', 'berguedà', 'sentit', '9', 'km', 'campdevànol', 'direcció', 'informació', 'viària', 'actualitzada', 'httpstcouzfoqxrnxq', 'httpstcovorggox5uu']"
"['seguiu', 'aviso', 'gencat', 'httpstcoyyfrfol3pt', 'httpstcos11de0z2qd']"
"['atención', 'nprotecciocivil', 'gencat', 'recomienda', 'adelantar', 'regreso', 'casa', 'findesemana', 'final', 'tard', 'para', 'evitar', 'coincidir', 'momento', 'lluvia', 'intensa', 'tormenta', 'afectarán', 'litor', 'prelitoralnalerta', 'inuncat', 'protecciocivil', 'httpstcosxjhgu4nwi']"
"['mira', 'vídeo', 'sabrà', 'protegirt', 'aoguat', 'inundacionsnalerta', 'inuncat', 'protecciocivil', 'httpstcojtfemgfiz5']"
"['retencion', 'operació', 'reton', 'c17', 'c16', 'n260', 'c14', 'a2', 'informació', 'detallada', 'httpstcoa5tqcyencg']"
"['ℹhi', 'trànsit', 'inten', 'ronda', 'litor', 'b10', 'pobl', 'direcció', 'nu', 'trinitat', 'tasqu', 'gravació', 'imatg', 'viantransitb10']"
"['precaució', 'tarda', 'operació', 'retorn', 'carretera', 'httpstconmj6meo67i']"
"['avançar', 'retorn', 'setmana', 'vespr', 'arribaran', 'fort', 'tempest', 'litor', 'prelitor', 'ninuncat', 'httpstcoh8bnb3akj7']"
"['accid', 'c17', 'montcada', 'reixac', 'talla', '1', 'carril', 'sentit', 'sud', 'causa', 'aturad', '1', 'km', 'httpstco6oevieulsa']"
"['actualització', 'del', 'aviso', 'diumeng', 'dillun', 'peril', 'intensitat', 'precipitació', 'acumulació', 'pluja', 'intensitat', 'meteocat', 'httpstcortdykkvsid']"
"['testimoni', 'accid', 'transit', 'truca', 'ràpidament', '112', 'especifica', 'tipu', 'accid', 'nombr', 'ferit', 'víctime', 'possibl', 'dani', 'materi', 'httpstcokd30pdwboj']"
"['tarda', 'previsió', 'pluge', 'intens', 'tarda', 'recomanem', 'avançar', 'reton', 'setmana', 'llarg', 'evitar', 'possibl', 'complicacion', 'viàri', 'nemergenciescat', 'npla', 'inuncatnseguretatviària', 'httpstcorqsrb1gpdi']"
"['alerta', 'inuncat', 'protecciocivil', 'previsió', 'pluge', 'intens', 'començ', 'meitat', 'sud', 'estenents', 'vespr', 'catalunya', 'nordest', 'httpstcolprztbuuzt']"
"['person', 'menor', '16', 'ani', 'poden', 'conduir', 'patinet', 'roda', 'plataforma', 'elèctrica', 'espai', 'tancat', 'trànsit', 'motoritzat', 'supervisió', 'adultnhttpstcom6dvnjkmgl', 'httpstcokqnqha9ib']"
"['circul', 'pluja', 'recorda', 'moderar', 'velocitat', 'augmentar', 'distància', 'seguretat', 'pluja', 'augmenta', 'risc', 'accid', 'nprecaució', 'httpstcoft654t6dmm']"
"['smc', 'informa', '14102018', '08', '49', 'publicat', 'aví', 'httpstcoyakp17l79z', 'meteocat']"
"['preveu', 'llarg', 'diumeng', '12h', '24h', 'retornin', 'àrea', 'metropolitana', '265000', 'vehicl', 'operació', 'tornada', 'llarg', 'setmananℹaquest', 'poden', 'registrar', 'httpstcoplpqzr9yh8']"
"['smc', 'informa', '14102018', '08', '13', 'publicat', 'aví', 'intensitat', 'pluja', 'httpstcoyakp17l79z', 'meteocat']"
"['ℹ', 'bon', 'dia', 'trànsit', 'gener', 'fluid', 'xarxa', 'viària', 'catalana', 'abaixi', 'guàrdia', 'carretera', 'extrema', 'prudència', 'condueix', 'pluja', 'httpstco1c9vqzj7cr']"
"['evolució', 'incidènci', 'viàri', 'consultar', 'prudència', 'desplaça', 'nentretotsfemseguretat', 'httpstcoilqz3u7uvb']"
"['b30', 'barberà', 'vallè', '1', 'km', 'aturad', 'sentit', 'sudntransitb30', 'httpstcobuvafuch5r']"
"['ℹla', 'c58', 'registra', 'aturad', '2', 'km', 'sant', 'quirz', 'vallè', 'sentit', 'sudntransitc58', 'httpstcoi3stqmsrpl']"
"['ℹtrobareu', 'cue', '1', 'km', 'c60', 'argentona', 'anar', 'mataróenllaç', 'c32ntransitc60', 'httpstcoaujqpeot4k']"
"['ℹ', 'c55', 'aturad', '4', 'km', 'manresa', 'sentit', 'sudntransitc55', 'httpstcoowv9gjkjfd']"
"['prealerta', 'inuncat', 'protecciocivil', 'intensitat', 'pluja', 'dillun', 'migdia', 'superar', 'intensitat', '20', 'lm2', '30', 'minut', 'catalunya', 'httpstcoghyvqbooj5']"
"['smc', 'informa', '13102018', '15', '33', 'publicat', 'aví', 'httpstcoyakp17l79z', 'meteocat']"
"['reobert', 'n340', 'ametlla', 'sentit', 'httpstcosuawrbylah']"
"['smc', 'informa', '13102018', '15', '16', 'publicat', 'aví', 'intensitat', 'pluja', 'httpstcoyakp17l79z', 'meteocat']"
"['fluid', 'punt', 'xarxa', 'viària', 'httpstcov5cnj3kich']"
"['trànsit', 'normalitzat', 'tram', 'xarxa', 'viària', 'httpstcofw9pxyjxpx']"
"['tallada', 'n340', 'ametlla', 'sentit', 'manifestacióntransitn340', 'httpstcoj49grpvfsc']"
"['viària', 'normalitzada', 'c33', 'montcada', 'reixac', 'sentit', 'sud', 'httpstcoccegfdpon3']"
"['tallat', '1', 'carril', 'aturad', '1', 'km', 'sentit', 'sud', 'compt', 'httpstcoc1cytcmvmh']"
"['conductor', 'salta', 'semàfor', 'vermel', 'arrenca', 'verd', 'resultat', 'possibl', 'accid', 'respecta', 'semàfor', 'noésperlamulta', 'httpstcok5strjhbd7']"
"['donació', 'sang', 'ajudar', '3', 'person', 'necessiten', 'vol', 'donarsang', 'sap', '112', 'httpstcone1zchz8qk']"
"['c33', 'accid', '2', 'carril', 'tallat', 'sentit', 'sud', 'aturad', '1', 'km', 'pluja', 'ntransitc33', 'httpstcolsfosdtvcz']"
"['c16', 'balsareni', '1', 'carril', 'tallat', 'sentit', 'sud', 'accid', 'aturad', '0', '5', 'km', 'httpstcoizetf5wpbp']"
"['ℹ', '1', 'carril', 'tallat', 'tram', 'aturad', '1', 'km', 'prudència', 'httpstcogvgvvizyzk']"
"['circul', 'pluja', 'extrema', 'precaució', 'segueix', 'consel', 'viari']"
"['c17', 'llagosta', 'direcció', 'granol', 'accidentntransitc17', 'httpstcorfwgzcjbld']"
"['normalitzat', 'trànsit', 'pota', 'nord', 'santa', 'coloma', 'gramenet', 'direcció', 'nu', 'trinitat', 'httpstcodpd6tu7hmx']"
"['accid', 'talla', '1', 'carril', 'b20pota', 'nord', 'santa', 'coloma', 'gramenet', 'direcció', 'nu', 'trinitat', 'causa', 'cue', '15', 'kmnprecaució', 'httpstcorlete3nbox']"
"['trànsitden', 'cg13km', 'entrada', 'sant', 'julià', 'sentit', 'nord']"
"['finalizada', 'retención', '1', 'km', 'por', 'afluencia', 'centro', 'comerci', 'c32', 'túnel', 'mataró', 'gt', 'salida', 'mataró', 'oest']"
"['sorprèn', 'pluja', 'carretera', 'recorda', 'modera', 'velocitat', 'augmenta', 'distància', 'seguretat', 'vehiclesnprudència', 'httpstcoxf0agbgzqm']"
"['bici', 'ciutat', 'circula', 'civism', 'llegeix', 'consel', 'seguretat', 'mosso', 'nnhttpstcopwkrjnxght', '112', 'httpstcofpz1qssbh5']"
"['fe', 'intermit', 'senyalitzar', 'maniobr', 'direcció', 'evitarà', 'httpstcod0fq2bigar']"
"['retención', '1', 'km', 'por', 'afluencia', 'centro', 'comerci', 'c32', 'túnel', 'mataró', 'gt', 'salida', 'mataró', 'oest']"
"['ronda', 'litor', 'b10', 'montjuïc', 'ciutat', 'vella', 'direcció', 'nu', 'trinitat', 'tasqu', 'captur', 'imatg']"
"['trànsitden', 'cg14km', 'entrada', 'sant', 'julià', 'sentit', 'nord', 'cg2', 'entrada', 'canillo', 'sentit', 'sud']"
"['circul', 'pluja', 'recorda', 'consel', 'modera', 'velocitat', 'augmenta', 'distància', 'seguretat', 'vehiclesnla', 'pluja', 'augmenta', 'risc', 'accid', 'presència', 'aigua', 'asfalt', 'redueix', 'visibilitat', 'nprudència', 'httpstconxziwtjopb']"
"['n145', 'vall', 'valira', 'direcció', 'andorrantransitn145', 'httpstcou0bh0agjfb']"
"['trànsitden', 'n145', '5km', 'entrada', 'principat', 'cg13km', 'entrada', 'sant', 'julià', 'sentit', 'nord']"
"['smc', 'informa', '13102018', '09', '08', 'publicat', 'aví', 'intensitat', 'pluja', 'httpstcoyakp17l79z', 'meteocat']"
"['nota', 'premsa', 'servei', 'català', 'trànsit', 'informa', 'vianant', 'morir', 'atropellat', 'c31', 'vendrel', 'penedè', 'traslladem', 'condol', 'sincer', 'familiar', 'amic', 'httpstcoza2qzedout']"
"['bicicleta', 'patinet', 'rode', 'elèctriqu', 'salti', 'semàfor', 'repecta', 'norm', 'viàri', 'vorer', 'dona', 'prioritat', 'vianantsnhttpstcom6dvnjkmgl', 'httpstco8tslzf40li']"
"['trànsit', 'fluid', 'ronda', 'litor', 'b10', 'nu', 'trinitat', 'gran', 'direcció', 'nu', 'llobregat', 'httpstcokivjqxxir8']"
"['mapa', 'predicció', 'peril', 'incendi', 'forest', 'dia', '13', 'httpstcosm5cbthqtk']"
"['trànsit', 'inten', 'ronda', 'litor', 'b10', 'nu', 'trinitat', 'gran', 'direcció', 'nu', 'llobregat']"
"['c12', 'tortosa', 'sentit', 'httpstco0qoh2rucq5']"
"['tallada', 'c12', 'tortosa', 'ebr', 'causa', 'accid', '2', 'turismesntransitc12', 'httpstco61n89reuin']"
"['participeu', 'cim', 'llibertat', 'tingueu', 'present', 'consel', 'muntanyasegura', 'httpstconhajda3fp7']"
"['observa', 'precipitació', 'punt', 'litor', 'prelitor', 'probabilitat', 'precipitació', 'mantindrà', 'sector', 'jornada', 'meteocat', 'httpstcoxpaupfrchf']"
"['ℹ', 'consulta', 'incidènci', 'viàri', 'pont', 'enllaç', 'httpstcoi0x0nfpxp3', 'httpstcol0rw6x54ss']"
"['situació', 'normalitzada', 'tram', 'c32', 'transitc32nord', 'httpstcom4xmv0mark']"
"['ℹ', 'continuen', 'cue', 'import', 'c16', 'c17', 'c14', 'ap7', 'c55', 'n145', 'c37', 'plena', 'operació', 'sortida', 'pont', 'gener', 'volum', 'trànsit', 'prudència', 'httpstco3bcbqwrrdl']"
"['consten', '12km', 'retencion', 'c37', 'torelló', 'sant', 'estev', 'httpstcoj7bg9fjfsi']"
"['situació', 'normalitzada', 'tram', 'a2', 'httpstcorflenoxpq6']"
"['situació', 'normalitzada', 'punt', 'xarxa', 'viària', 'httpstcoagextzpq96']"
"['accid', 'c12', 'tortosa', 'fa', 'doni', 'alternatiu', 'aturad', 'sentit', 'httpstconhlshdzthh']"
"['africaroig', 'plena', 'operació', 'sortida', 'pont', 'volum', 'trànsit', 'princip', 'nord', 'c17', 'consten', '12km', 'retencion', 'sant', 'quirz', 'besora', 'ripol']"
"['c32', 'transitc32nord', '5km', 'retencion', 'tram', 'premià', '3km', 'altura', 'masnou', 'sentit', 'nord']"
"['c17', 'transitc17', 'tram', 'retencion', '9km', 'paret', 'canovel', '12km', 'retencion', 'sant', 'quirz', 'besora', 'ripol', 'sentit', 'nord', 'httpstco2qtmatdbbw']"
"['c37', 'transitc37', 'retencion', '4km', 'anant', 'olot', 'httpstcoddis2jdpvz']"
"['ℹ', 'ap7', 'tram', 'retencion', '17km', 'santa', 'perpètua', 'roca', 'sentit', 'nord', 'httpstcog6splyvgw4']"
"['atenció', 'c16', 'transitc16', 'retencion', '16km', 'gironella', 'cerc', 'sentit', 'nord', 'httpstcovdhezkkws9']"
"['obr', 'territori', 'francè', 'provoquen', '6km', 'retencion', 'ap7', 'jonquera', 'sentit', 'frança']"
"['ldelgadosalcedo', 'bon', 'dia', 'plena', 'operació', 'sortida', 'princip', 'nord', 'plene', 'c17', '9km', 'granol', '8km', 'montesquiu', 'ripol']"
"['respecteanim', 'equipviari', 'accid', 'esparreguera', 'deixat', '11km', 'retencion', 'sant', 'andreu', 'barca']"
"['parlem', '5km', 'retencion', 'punt', 'c58', 'enllaçar', 'c55', 'httpstcohmsmmmtogl']"
"['atenció', '11', 'quilòmetr', 'retencion', 'trobareu', 'a2', 'sant', 'andreu', 'barca', 'esparreguera', 'httpstco1b4ap0eks6']"
"['retencion', 'ap7', '6km', 'mollet', 'paret', '3km', 'roca', '4km', 'jonquera', 'sentit', 'frança']"
"['llobregat', 'transitc16', '3km', 'retencion', 'berga', '3', 'cerc', 'sentit', 'nord']"
"['c55', 'transitc55', '7km', 'retencion', 'monistrol', 'castellgalí', 'httpstcohmsmmmtogl']"
"['carretera', 'c58', 'trobareu', '2km', 'retencion', 'castellbel', 'vilar', 'enllaçar', 'c55', 'httpstcoityc5e1owa']"
"['n145', '3km', 'retencion', 'vall', 'valira', 'anar', 'andorra', 'c1412a', 'tenim', '3km', 'aturad', 'pont', 'direcció', 'urgel']"
"['c17', 'transitc17', '5km', 'retencion', 'montesquiu', 'ripol', 'sentit', 'nord', 'httpstcour24ybgivu']"
"['accid', 'a2', 'esparreguera', 'provoca', '3km', 'retencion', 'sentit', 'lleida', 'httpstcoyr7vixa5o']"
"['ℹ', 'bon', 'dia', 'moment', 'circula', 'fluïdesa', 'xarxa', 'viària', 'catalana', 'httpstconsvq7rxuta']"
"['informació', 'viària', 'actualitzada', 'consultar', 'enllaç', 'carretera', 'httpstco4pilutpuht']"
"['trànsit', 'tram', 'b23', 'a2', 'afectat', 'marx', 'lent', 'transitb23', 'transita2', 'httpstcoidlj2srjk1']"
"['avariat', 'c58', 'ripollet', 'talla', 'carril', 'sentit', 'barcelona', 'provoca', '2km', 'cua']"
"['3km', 'retencion', 'badia', 'sant', 'quirz', 'sentit', 'nord', 'httpstcolesfft0hjw']"
"['paul25001', 'bona', 'restriccion', 'n230', 'comencen', '08', '00', 'matí', 'acaben', '12', '00', 'migdia']"
"['normalitzat', 'trànsit', 'a2', 'fondarella', 'sentit', 'lleidantransita2', 'httpstcong9qa2hr7r']"
"['accid', 'c58', 'sant', 'quirz', 'provoca', 'retencion', 'sentit', 'nord', '6km', 'ripollet', 'httpstcodobvgokm4i']"
"['silviamur', 'gràci', 'informació']"
"['accid', 'c58', 'transitc58', 'montcada', 'talla', 'carril', 'sentit', 'bcn', 'provoca', '4km', 'retencion', 'ripollet', 'httpstcoqf67wivkq5']"
"['silviamur', 'accid', 'altura', 'fondarella', 'causa', 'aturad', '5', 'km', 'direcció', 'lleida', 'salutacion']"
"['normalitzada', 'ap7', 'torredembarra', 'tarragona', 'sentit', 'sud', 'httpstco66pwwcvcq']"
"['normalitzat', 'n340', 'altafulla', 'sentit', 'nord', 'httpstcojnnxyrcy7i']"
"['b23', 'cue', 'sant', 'feliu', 'llobregat', 'papiol', 'direcció', 'martorel', 'marxa', 'lentantransitb23', 'httpstcoyozfjnjybi']"
"['accid', '1', 'carril', 'tallat', 'c17', 'montcada', 'reixac', 'sentit', 'sud', 'compt', 'cue', '2', 'kmntransitc17', 'httpstcout4kht5ka7']"
"['ℹ', 'marxa', 'lenta', 'ap7', 'provoca', '12km', 'retencion', 'torredembarra', 'tarragona', 'sentit', 'sud']"
"['accid', 'a2', 'fondarella', 'urgel', 'provoca', 'cue', '4', 'km', 'direcció', 'lleidanprudència', 'transita2', 'httpstco7txbonimlx']"
"['ℹ', 'causa', 'marxa', 'lenta', '6km', 'retencion', 'a2', 'cornellà', 'sant', 'joan', 'despí', 'sentit', 'martorel', 'httpstcovkonqkdq31']"
"['marx', 'lent', 'causen', 'tram', 'aturad', 'punt', 'arboç', 'vendrel', 'informació', 'actualitzada', 'consultar', 'httpstco6brm2hgurk']"
"['normalitzada', 'c63', 'amer', 'selva', 'httpstco1pdvpvq7a']"
"['n340', 'altafulla', 'retencion', 'sentit', 'nord', 'marxa', 'lenta', 'transportist', 'ntransitn340', 'httpstco3vnahfp1o']"
"['accid', 'obliga', 'donar', 'alternatiu', 'c63', 'amer', 'selva', 'aturad', '1', 'km', 'sentit', 'prudència', 'httpstcoshr8dudasn']"
"['b23', 'retencion', 'molin', 'papiol', 'direcció', 'martorel', 'marxa', 'lentantransitb23', 'httpstcohtkzmot4la']"
"['marxa', 'lenta', 'cue', 'n340', 'bellvei', 'sentit', 'nord', 'transitn340', 'ap7', 'sant', 'gregori', 'direcció', 'frança', 'transitap7', 'httpstco7ex7j7zaon']"
"['a7', '8', 'km', 'aturad', 'tarragona', 'sentit', 'nord', 'causa', 'marxa', 'lenta', 'transportistesntransita7', 'httpstcomxqozdeftn']"
"['pogut', 'reobrir', 'carril', 'tallat', 'accid', 'aturad', '7', 'km', 'sant', 'feliu', 'llobregat', 'entrada', 'barcelonantransitb23', 'httpstcoqxhnugqgxo']"
"['accid', 'b23', 'esplugu', 'fa', 'carril', 'obert', 'sentit', 'barcelona', 'provoca', '4km', 'retencion', 'sant', 'joan', 'despí']"
"['bomberscat', 'treballat', 'dotació', 'extingir', 'incendi', 'destruït', 'furgoneta', 'túnel', 'ronda', 'sortid', '11', '12', 'esplugu', 'llobregat', 'tarda', 'persona', 'ferida', 'httpstconjrvmz8pfd']"
"['vehicl', 'aturat', 'b23', 'esplugu', 'talla', 'carril', 'sentit', 'barcelona', 'provoca', 'cua', '2km', 'sant', 'just', 'httpstcos2zijuu6tb']"
"['accid', 'ronda', 'litor', 'provoca', '10km', 'retencion', 'zona', 'franca', 'sant', 'adrià', 'httpstcoce8uqigj0t']"
"['previsió', 'die', 'volum', 'trànsit', 'setmana', 'llarg', 'mobilitat', 'httpstcobgehhglrmj']"
"['accid', 'ronda', 'litor', 'transitb10', 'sant', 'adrià', 'talla', 'carril', 'sentit', 'besò', 'provoca', '4km', 'retencion', 'ciutat', 'vella']"
"['situació', 'normalitzada', 'punt', 'xarxa', 'viària', 'httpstco5dj8w5wjwk']"
"['normalitza', 'circulació', 'tram', 'ronda', 'sentit', 'llobregat', 'httpstcoqxvcmaqylf']"
"['accid', 'ronda', 'transitb20', 'cornellà', 'talla', 'carril', 'sentit', 'besò', 'provoca', 'cua', 'parel', 'quilòmetr']"
"['dispositiu', 'coordinació', 'emergènci', 'motiu', 'activitat', 'cim', 'llibertat', 'nota', 'premsa', 'nhttpstcoddheqnop0q', 'nprotecciocivil', 'httpstcoeaf1lzmwc']"
"['raffopress', 'tv3cat', '324cat', 'gràci', 'informació']"
"['tarda', 'coincidint', 'operació', 'sortida', 'mobilitat', 'veur', 'condicionada', 'marx', 'lent', 'transportist', 'b10', 'b23', 'ap7', 'nii', 'n340', 'n240', 'sortir', 'carretera', 'consulta', 'incidènci', 'viàri', 'httpstcokloclodlvj']"
"['incendi', 'vehicl', 'ronda', 'sortida', '13', 'sentit', 'llobregat', 'provoca', '4km', 'retencion', 'pedralb', 'httpstcoyzes7sddqj']"
"['ronda', 'transitb20', 'tram', 'retencion', 'esplugu', 'guineueta', 'sentit', 'besò', 'httpstcolln9rk17zv']"
"['c25', 'reoberta', 'trànsit', 'carril', 'talat', 'httpstcoy723uymsjb']"
"['previst', '485000', 'vehicl', 'mobilitzin', 'àrea', 'metropolitana', 'barcelona', '15', '15', 'prudència', 'paciència', 'previsió', 'mobilitat', 'elevada', 'motiu', 'setmana', 'llarg', 'httpstcofo09bjc7fu', 'httpstcovuzywipxri']"
"['tallada', 'c25', 'sant', 'hilari', 'sacalm', 'accid', 'transitc25']"
"['ℹ', '17', '19h', 'previst', 'marx', 'lent', 'transportist', 'poden', 'condicionar', 'trànsit', 'b10', 'b23', 'ap7', 'nii', 'n340', 'n240', 'surt', 'tarda', 'planifica', 'desplaça', 'segueix', 'afectacion', 'minut', 'httpstcouzfoqxrnxq', 'httpstcominbv1iqbg']"
"['alumn', 'primària', 'practiquen', 'seguretat', 'viària', 'fent', 'circuit', 'pati', 'escola', 'exerceixen', 'ciclist', 'vianant', 'tracta', 'activitat', 'promoguda', 'cctarragon', 'servei', 'català', 'informació', 'httpstco1df8ik9qk0', 'httpstcoree1udkc0p']"
"['previst', '485000', 'vehicl', 'mobilitzin', 'àrea', 'metropolitana', 'barcelona', '15', '15', 'operació', 'sortida', 'capdesetmana', 'llarg', 'planifiqueu', 'desplaça', 'info', 'httpstcov1yjrnljfv']"
"['eiximena', 'previst', 'mobilitzin', '485000', 'vehicl', '15', '15', 'consultar', 'dispositiu', 'httpstcov1yjrnljfv']"
"['trànsit', 'normalitzat', 'tram', 'transvers', 'transitc25', 'httpstcoq6mci5wfcl']"
"['carril', 'tallat', 'b23', 'sant', 'joan', 'despí', 'bcn', 'autobú', 'avariat', 'precaució', 'transitb23']"
"['circulació', 'final', 'normalitzada', 'tram', 'c58', 'transitc58', 'httpstcowuhov4r6nh']"
"['tallada', 'c12', 'maial', 'amposta', 'accid', 'transitc12', 'desviament', 'camí', 'later', 'httpstcoroo2uwiwiy']"
"['carril', 'tallat', 'transvers', 'c25', 'sant', 'julià', 'vilatorta', 'camió', 'avariat', 'transitc25', 'httpstco66uvilqv1i']"
"['carril', 'tallat', 'c58', 'ripollet', 'bcn', 'accid', 'transitc58', '12', 'km', 'retencion', 'httpstcowfg7pjdytl']"
"['ℹ', '17', '19h', 'previst', 'marx', 'lent', 'transportist', 'poden', 'condicionar', 'trànsit', 'b10', 'b23', 'ap7', 'nii', 'n340', 'n240', 'surt', 'tarda', 'planifica', 'desplaça', 'segueix', 'afectacion', 'minut', 'httpstcouzfoqxrnxq', 'httpstcos5cpowwv8w']"
"['retencion', 'ronda', 'b20', 'nu', 'trinitat', 'cornellà', 'llobregat', 'agreujad', 'accid', 'c32', 'cornellà', 'ocupa', 'carril', 'transitb20', 'httpstco26dmst4omk']"
"['15', 'km', 'retencion', 'a2', 'sant', 'andreu', 'barca', 'sant', 'joan', 'despí', 'bcn', 'accid', 'retirat', 'transita2', 'httpstcollqpzlwdzz']"
"['director', 'transit', 'juligendrau', 'demana', 'prudència', 'passatg', 'del', 'vehicl', 'operació', 'sortida', 'comença', 'cordars', 'cinturó', 'dit', 'nex', 'matí', 'httpstcofayirmzewl']"
"['ℹ', 'bon', 'dijou', 'moment', 'trobareu', 'retencion', 'nombroso', 'punt', 'xarxa', 'viària', 'podeu', 'consultar', 'afectacion', 'httpstcouzfoqxrnxq', 'trànsit', 'mobilitat', 'httpstcoyjjrx3hhxg']"
"['ℹ', 'segueix', 'incidènci', 'enllaç', 'httpstcoi0x0nfpxp3', 'httpstco93bdgqaxaz']"
"['situació', 'normalitzada', 'punt', 'xarxa', 'viària', 'httpstcolpjean5pbc']"
"['accid', 'n420', 'móra', 'ebr', 'talla', 'sentit', 'marxa', 'prudència', 'httpstcofbkwz8dy6']"
"['retencion', '6km', 'ronda', 'diagon', 'hebron', 'sentit', 'besò', 'httpstco26nwzmbsl4']"
"['ℹ', 'nota', 'acosta', 'llarg', 'setmana', 'mobilitat', 'sct', 'demana', 'extremar', 'prudència', 'httpstcon0bgjbd83p', 'httpstco9t71mxppdi']"
"['meteocat', 'informa', 'observen', 'xàfec', 'intenso', 'proper', 'costa', 'proper', 'poden', 'afectar', 'comarqu', 'baixcamp', 'tarragonè', 'protecciocivil', 'alerta', 'inuncat', 'httpstco64y0qshpfa']"
"['protecciocivil', 'manté', 'alerta', 'inuncat', 'previsió', 'reactivació', 'fort', 'pluge', 'nota', 'premsa', 'nnhttpstcotjodp8mygx', 'httpstcom5snm2ulob']"
"['mobilitat', 'compartida', 'model', 'cotx', 'parlem', 'apunt', 'infotransit', 'httpstcopyizfwlaar', 'httpstcoelzir7vfmw']"
"['ℹ', '2', 'carril', 'obert', 'causa', 'camió', 'bolcat', 'ap7', 'transitap7', 'precaució', 'httpstcobkeixujwe0']"
"['2', 'km', 'retencion', 'ap7', 'paret', 'vallè', 'tgn', 'accid', 'transitap7']"
"['presentem', 'project', 'millora', 'variant', 'banyol', 'c66', 'httpstcolujeypjhr5', 'ajbanyol', 'httpstcokvuh4esomo']"
"['ℹ', 'marx', 'lent', 'convocad', 'pel', 'sector', 'transport', 'tarda', 'poden', 'condicionar', 'mobilitat', 'sortida', 'festivitat', 'pilar', 'ap7', 'n340', 'n240', 'nii', 'seguiu', 'informació', 'actualitzada', 'trànsit', 'httpstcouzfoqxrnxq', 'httpstcojhwkfleqmz']"
"['fa', 'alternatiu', 'nii', 'areni', 'esllavissad', 'httpstcoskmma7bls6']"
"['trobe', 'ciclista', 'carretera', 'tingu', 'paciència', 'avança', 'seguretat', 'vingui', 'vehicl', 'deixa', '15m', 'distància', 'later', 'noésperlamulta', 'httpstconplr6uzrsu']"
"['1', 'carril', 'tallat', 'ap7', 'papiol', 'sud', 'camió', 'avariat', 'httpstcojygfqszfgp']"
"['1', 'carril', 'obert', 'c33', 'montcada', 'reixac', 'bcn', 'causa', 'accid', 'httpstco0ensvaovng']"
"['ruixat', 'perdut', 'intensitat', 'preveu', 'reactivació', 'tarda', 'comarqu', 'girona', 'condueix', 'pluja', 'extrema', 'precaució', 'volant', 'segueix', 'consel', 'inuncat', 'protecciocivil', 'emergenciescat', 'transit', 'httpstco1xjod2trri']"
"['circulació', 'normalitzada', 'tram', 'b30', 'transitb30', 'httpstco4q6924k5w0']"
"['trànsit', 'lent', 'retencion', 'c58', 'nu', 'trinitat', 'montcada', 'reixac', 'terrassa', 'accid', 'retirat', 'transitc58', 'httpstcojyssd7layn']"
"['carril', 'tallat', 'b30', 'sant', 'cugat', 'vallè', 'tgn', 'camió', 'avariat', '4', 'km', 'retencion', 'transitb30']"
"['moment', 'mantenen', 'aturad', 'destac', 'tram', 'b23', 'molin', 'diagon', 'c58', 'nu', 'ripollet', 'c31', 'montgat', 'badalona', 'c31', 'prat', 'bcn', 'nentr', 'afectacion', 'httpstcouzfoqxrnxq', 'httpstco0btqszhwhr']"
"['larrocalla', 'bon', 'dia', 'gràci', 'aví']"
"['aturad', 'destac', 'matí', 'agreujad', 'pluja', 'b23', 'c58', 'a2', 'ap7', 'c32', 'c16', 'c31', 'alerta', 'carretera', 'mantingueu', 'distància', 'seguretat', 'modereu', 'velocitat', 'afectacion', 'httpstcouzfoqxrnxq', 'mobilitat', 'httpstcob3mcqwxbx5']"
"['pass', 'bassal', 'aigua', 'pateix', 'hidroplanatg', 'freni', 'acceleri', 'millor', 'remei', 'prevenirho', 'moderar', 'velocitat', 'conducciósegura', 'httpstcooiss0xfsiq']"
"['pluja', 'augmenta', 'risc', 'accid', 'trànsit', 'reducció', 'visibilitat', 'aigua', 'asfalt', 'modereu', 'velocitat', 'conducciósegura', 'httpstcogczb01b9b5']"
"['bon', 'dimecr', 'moment', 'trobareu', 'retencion', 'nombroso', 'punt', 'xarxa', 'viària', 'consulteulo', 'web', 'incidènci', 'httpstcouzfoqxrnxq', 'mobilitat', 'trànsit', 'httpstcoetnipneqiz']"
"['ℹ', 'trobarà', 'incidènci', 'viàri', 'enllaç', 'httpstcouzfoqxrnxq', 'httpstcon5qyiihqsh']"
"['accid', 'c60', 'argentona', 'sentit', 'mataró', 'provoca', 'cua', '1km', 'httpstcofrfoplcnvu']"
"['recorda', 'tempesta', 'aparat', 'elèctric', 'evita', 'anar', 'bici', 'allunya', 'torr', 'llum', 'casa', 'tanca', 'finestr', 'llamp', 'atrauen', 'airenprotecciocivil', 'httpstcosgv8ko2wlu']"
"['circul', 'pluja', 'recorda', 'consel', 'modera', 'velocitat', 'augmenta', 'distància', 'seguretat', 'vehiclesnla', 'pluja', 'augmenta', 'risc', 'accid', 'presència', 'aigua', 'asfalt', 'redueix', 'visibilitat', 'nprudència', 'httpstcoaer2knz9xc']"
"['causa', 'vehicl', 'avariat', 'retirat', 'ronda', 'litor', '5km', 'cua', 'zona', 'franca', 'port', 'sentit', 'besò', 'httpstcojmedct8phb']"
"['sorprèn', 'pluja', 'carretera', 'recorda', 'modera', 'velocitat', 'augmenta', 'distància', 'seguretat', 'vehiclesnprudèncianalerta', 'inuncat', 'httpstcocwdzmnz3rp']"
"['ℹ', 'reobert', 'carril', 'tallat', 'ap7', 'castellbisb', 'direcció', 'martorel', 'httpstcomgnpomlv4g']"
"['previs', 'meteorològiqu', 'indiquen', 'acumular', 'local', '100', 'mm', 'imatg', 'podeu', 'consultar', 'smp', 'correspon', 'meteocat', 'httpstcomxrrvm7yjf']"
"['accid', 'ap7', 'castellbisb', 'talla', '1', 'carril', 'direcció', 'martorel', 'causa', 'cue', '05', 'kmnprecaució', 'ntransitap7', 'httpstcoifkmmgxhmi']"
"['smc', 'informa', '09102018', '15', '26', 'publicat', 'aví', 'intensitat', 'pluja', 'httpstcoyakp17l79z', 'meteocat']"
"['obr', 'c63', 'lloret', 'provoquen', '2km', 'retencion', 'sentit', 'sud', 'enllaçar', 'gi680', 'httpstco54tqvuvvzx']"
"['queden', 'aturad', 'intermit', '1km', 'barceloneta', 'sentit', 'llobregat', 'httpstcoyl37sda6qr']"
"['canvidemarxa', 'temporada', 'sessió', 'dobl', 'vendrel', 'participa', 'ocasió', 'compani', 'oscar', 'lamiel', 'gràci', 'nnfundaciomdc', 'transit', 'httpstcoaozo0jw5k0']"
"['previsió', 'pluja', 'carretera', 'recorda', 'moderar', 'velocitat', 'augmentar', 'distància', 'seguretat', 'evitar', 'accidentsnentretotsfemseguretat', 'httpstcoax9yaxtw6w']"
"['carril', 'obert', 'trànsit', 'aturad', '6km', 'sentit', 'llobregat', 'poblen', 'montjuïc', 'httpstcogygmqga01t']"
"['c58', 'terrassa', '1', 'carril', 'tallat', 'direcció', 'manresa', 'vehicl', 'avariat', 'trànsit', 'den', 'prudència', 'ntransitc58', 'httpstcolexmxf9r6t']"
"['ronda', 'litor', 'vehicl', 'avariat', 'talla', 'carril', 'altura', 'port', 'sentit', 'llobregat', 'provoca', '3km', 'retencion', 'barceloneta', 'cua', '2km', 'montjuïc', 'port', 'sentit', 'besò', 'httpstcoipi1ipcxk2']"
"['prealerta', 'inuncat', 'protecciocivil', 'preveu', 'intensificació', 'pluja', 'prelitor', 'litor', 'central', 'nord', 'poden', 'arribar', 'acumulars', '150', 'lm2', 'punt', 'naquesta', 'aparqui', 'rier', 'zone', 'inund', 'httpstcomxlnqz8yao']"
"['carril', 'tallat', 'c31', 'prat', 'llobregat', 'bcn', 'obr', 'transitc31sud', '12', 'km', 'retencion', 'intermit', 'httpstcoo8z5zbhyxf']"
"['obert', 'carril', 'tallat', 'inundació', 'restablerta', 'circulació', 'httpstcojhrn59n3yz']"
"['recorda', 'vehicl', 'caixa', 'forta', 'estacioni', 'evita', 'deixar', 'object', 'valor', 'vista', 'amaga', 'gp', 'consel', 'httpstco2plyx5sgxz']"
"['normalitzat', 'circulació', 'httpstcoqdvjdzigdj']"
"['precaució', 'camió', 'avariat', 'c12', 'ascó', 'transitc12', 'retencion', 'sentit', 'httpstcofnpwgdz40m']"
"['alternatiu', 'b120', 'olesa', 'montserrat', 'accid', 'httpstcoeocxx4o4l8']"
"['jordinamola', '324cat', 'gràci', 'aví']"
"['mantenen', 'cue', 'agreujad', 'pluja', 'àrea', 'metropolitana', 'barcelona', 'consulteu', 'afectacion', 'web', 'httpstco7bzpwb9bqj', 'httpstco5ucvu4v9zg']"
"['1', 'carril', 'tallat', 'c16', 'túnel', 'vallvidrera', 'entrada', 'bcn', 'accid', 'precaució', 'transitc16', 'httpstco3tvxk2tafr']"
"['ℹ', 'carril', 'punt', 'obert', 'trànsit', 'lent', 'aturad', 'b23', 'molin', 'papiol', 'ap7', 'transitap7', 'transitb23', 'httpstcot7y9in6wsv']"
"['pluja', 'extrema', 'precaució', 'volant', 'distància', 'frenada', 'augmenta', 'terra', 'mullat', 'visibilitat', 'disminueix', 'prealerta', 'inuncat', 'httpstco6urpxhjsgd']"
"['informa', 'incidènci', 'viàri', 'web', 'transit', 'httpstcolwb5sfeh7q', 'transport', 'públic', 'tmbinfo', 'busbcn', 'metrobcn', 'rodali', 'fgc', 'inforenf', 'npaciència', 'protecciocivil', 'inuncat', 'httpstcosq0heft0sd']"
"['1', 'carril', 'tallat', 'a7', 'tarragona', 'nord', 'accid', 'transita7', 'httpstco5pgnwsxaif']"
"['retirat', 'vehicl', 'accidentat', 'restablert', 'circulació', 'httpstco97n4ubkax']"
"['tallada', 'c16', 'cerc', 'puigcerdà', 'accid', 'httpstcowffn8jgxpm']"
"['carril', 'tallat', 'ap7', 'papiol', 'accid', 'transitap7', 'cue', 'b23', 'molin', 'transitb23', 'httpstcoradwc7pcwk']"
"['mantenen', 'cue', 'destac', 'agreujad', 'pluja', 'nombroso', 'tram', 'ap7', 'c58', 'b23', 'c32', 'a2', 'c17', 'c31', 'consulteu', 'afectacion', 'web', 'httpstcouzfoqxrnxq', 'circuleu', 'prudència', 'httpstcoisjg8ezmzc']"
"['1', 'carril', 'tallat', 'a2', 'alcoletg', 'barcelona', 'vehicl', 'avariat', 'precaució', 'transita2']"
"['precaució', 'carretera', 'nrecorda', 'pluja', 'modera', 'velocitat', 'augmenta', 'distància', 'seguretat', 'httpstco8qrwsyhivg']"
"['ℹ', 'bon', 'dimart', 'moment', 'registren', 'aturad', 'nombroso', 'tram', 'xarxa', 'viària', 'consulta', 'afectacion', 'web', 'httpstcouzfoqxrnxq', 'mobilitat', 'trànsit', 'httpstcolukukv9kgi']"
"['ℹ', 'trobareu', 'informació', 'incidènci', 'viàri', 'enllaç', 'httpstcouzfoqy8ypo', 'httpstco6evjtot6hg']"
"['situació', 'normalitzada', 'c58', 'transitc58', 'httpstcoai2ox0mi1z']"
"['obr', 'c58', 'badia', 'provoquen', '3km', 'retencion', 'barberà', 'sentit', 'nord', 'httpstco4rdapqgmcm']"
"['situació', 'normalitzada', 'punt', 'xarxa', 'viària', 'httpstcovt5om9ylxa']"
"['situació', 'normalitzada', 'c60', 'transitc60', 'httpstcolxvbyuo33k']"
